2020/03/31 09:01, 138.000000, 138.000000, 136.500000, 137.000000, 322
2020/03/31 09:02, 137.000000, 137.500000, 136.000000, 136.000000, 138
2020/03/31 09:03, 136.500000, 137.000000, 135.000000, 135.000000, 155
2020/03/31 09:04, 135.000000, 135.500000, 134.000000, 135.000000, 158
2020/03/31 09:05, 135.000000, 135.500000, 134.500000, 134.500000, 105
2020/03/31 09:06, 134.000000, 135.000000, 133.500000, 133.500000, 119
2020/03/31 09:07, 133.500000, 134.000000, 133.000000, 134.000000, 167
2020/03/31 09:08, 134.000000, 134.500000, 133.500000, 134.500000, 142
2020/03/31 09:09, 134.500000, 134.500000, 134.000000, 134.000000, 38
2020/03/31 09:10, 134.000000, 134.500000, 133.500000, 133.500000, 68
2020/03/31 09:11, 133.000000, 134.000000, 133.000000, 134.000000, 62
2020/03/31 09:12, 134.000000, 134.000000, 133.000000, 133.500000, 71
2020/03/31 09:13, 134.000000, 134.000000, 133.000000, 133.500000, 49
2020/03/31 09:14, 133.500000, 133.500000, 132.000000, 132.000000, 188
2020/03/31 09:15, 132.500000, 133.000000, 132.000000, 133.000000, 94
2020/03/31 09:16, 133.500000, 133.500000, 132.000000, 132.500000, 46
2020/03/31 09:17, 132.500000, 132.500000, 131.500000, 131.500000, 82
2020/03/31 09:18, 131.500000, 132.000000, 131.000000, 131.500000, 108
2020/03/31 09:19, 131.500000, 132.000000, 131.500000, 131.500000, 79
2020/03/31 09:20, 132.000000, 132.000000, 131.500000, 132.000000, 49
2020/03/31 09:21, 132.500000, 132.500000, 132.000000, 132.000000, 50
2020/03/31 09:22, 132.000000, 132.500000, 131.000000, 131.000000, 81
2020/03/31 09:23, 131.000000, 131.500000, 131.000000, 131.000000, 69
2020/03/31 09:24, 131.000000, 132.000000, 130.500000, 131.500000, 113
2020/03/31 09:25, 132.000000, 132.500000, 131.500000, 132.000000, 38
2020/03/31 09:26, 132.500000, 133.000000, 132.000000, 133.000000, 80
2020/03/31 09:27, 133.000000, 133.000000, 132.500000, 132.500000, 39
2020/03/31 09:28, 132.500000, 133.000000, 132.000000, 132.000000, 10
2020/03/31 09:29, 132.000000, 132.000000, 131.500000, 132.000000, 29
2020/03/31 09:30, 132.000000, 132.000000, 131.500000, 131.500000, 67
2020/03/31 09:31, 131.500000, 132.000000, 131.500000, 131.500000, 37
2020/03/31 09:32, 132.000000, 132.000000, 131.500000, 131.500000, 11
2020/03/31 09:33, 132.000000, 132.000000, 131.500000, 131.500000, 24
2020/03/31 09:34, 131.500000, 132.500000, 131.500000, 132.500000, 62
2020/03/31 09:35, 132.500000, 132.500000, 132.000000, 132.500000, 25
2020/03/31 09:36, 132.000000, 132.000000, 131.500000, 132.000000, 23
2020/03/31 09:37, 132.000000, 132.000000, 131.500000, 132.000000, 24
2020/03/31 09:38, 132.000000, 132.000000, 132.000000, 132.000000, 1
2020/03/31 09:39, 132.000000, 132.000000, 132.000000, 132.000000, 9
2020/03/31 09:40, 132.000000, 132.000000, 131.500000, 131.500000, 8
2020/03/31 09:41, 131.500000, 131.500000, 131.000000, 131.000000, 65
2020/03/31 09:42, 131.000000, 131.000000, 131.000000, 131.000000, 77
2020/03/31 09:43, 131.000000, 131.500000, 131.000000, 131.000000, 39
2020/03/31 09:44, 131.000000, 131.000000, 130.500000, 131.000000, 36
2020/03/31 09:45, 131.000000, 131.500000, 131.000000, 131.000000, 78
2020/03/31 09:46, 131.000000, 131.500000, 131.000000, 131.500000, 25
2020/03/31 09:47, 131.500000, 131.500000, 131.000000, 131.500000, 17
2020/03/31 09:48, 132.000000, 132.000000, 131.500000, 132.000000, 45
2020/03/31 09:49, 131.500000, 132.500000, 131.000000, 132.500000, 66
2020/03/31 09:50, 132.000000, 132.500000, 132.000000, 132.000000, 6
2020/03/31 09:51, 132.000000, 132.000000, 132.000000, 132.000000, 17
2020/03/31 09:52, 132.500000, 132.500000, 132.000000, 132.500000, 14
2020/03/31 09:53, 132.500000, 132.500000, 132.000000, 132.500000, 5
2020/03/31 09:54, 132.500000, 132.500000, 132.000000, 132.500000, 37
2020/03/31 09:55, 132.000000, 132.500000, 132.000000, 132.000000, 25
2020/03/31 09:56, 132.000000, 132.000000, 132.000000, 132.000000, 21
2020/03/31 09:57, 132.500000, 132.500000, 132.000000, 132.000000, 7
2020/03/31 09:58, 132.000000, 132.500000, 132.000000, 132.000000, 5
2020/03/31 09:59, 132.000000, 132.000000, 132.000000, 132.000000, 6
2020/03/31 10:00, 132.000000, 132.000000, 132.000000, 132.000000, 11
2020/03/31 10:01, 132.000000, 132.000000, 132.000000, 132.000000, 6
2020/03/31 10:02, 132.000000, 132.000000, 132.000000, 132.000000, 1
2020/03/31 10:03, 132.000000, 132.000000, 132.000000, 132.000000, 2
2020/03/31 10:04, 132.000000, 132.500000, 132.000000, 132.000000, 3
2020/03/31 10:05, 132.000000, 132.000000, 132.000000, 132.000000, 0
2020/03/31 10:06, 132.000000, 132.500000, 132.000000, 132.500000, 25
2020/03/31 10:07, 132.500000, 132.500000, 132.500000, 132.500000, 4
2020/03/31 10:08, 133.000000, 133.000000, 132.500000, 133.000000, 26
2020/03/31 10:09, 133.000000, 133.500000, 133.000000, 133.500000, 52
2020/03/31 10:10, 133.000000, 134.000000, 133.000000, 133.500000, 84
2020/03/31 10:11, 134.000000, 134.000000, 133.500000, 134.000000, 25
2020/03/31 10:12, 134.000000, 134.500000, 134.000000, 134.000000, 70
2020/03/31 10:13, 134.000000, 134.000000, 133.500000, 133.500000, 20
2020/03/31 10:14, 133.500000, 133.500000, 133.500000, 133.500000, 12
2020/03/31 10:15, 133.500000, 133.500000, 133.000000, 133.000000, 27
2020/03/31 10:16, 133.000000, 133.000000, 133.000000, 133.000000, 9
2020/03/31 10:17, 133.000000, 133.000000, 133.000000, 133.000000, 11
2020/03/31 10:18, 133.000000, 133.000000, 133.000000, 133.000000, 3
2020/03/31 10:19, 133.000000, 133.500000, 133.000000, 133.500000, 26
2020/03/31 10:20, 133.500000, 134.000000, 133.500000, 133.500000, 14
2020/03/31 10:21, 133.500000, 133.500000, 133.500000, 133.500000, 0
2020/03/31 10:22, 133.500000, 133.500000, 133.500000, 133.500000, 32
2020/03/31 10:23, 134.000000, 134.000000, 134.000000, 134.000000, 13
2020/03/31 10:24, 134.000000, 134.500000, 134.000000, 134.500000, 108
2020/03/31 10:25, 134.500000, 134.500000, 134.500000, 134.500000, 30
2020/03/31 10:26, 134.500000, 135.000000, 134.500000, 135.000000, 40
2020/03/31 10:27, 134.500000, 135.000000, 134.000000, 135.000000, 23
2020/03/31 10:28, 134.500000, 135.000000, 134.500000, 134.500000, 16
2020/03/31 10:29, 134.500000, 135.000000, 134.500000, 135.000000, 6
2020/03/31 10:30, 135.000000, 135.000000, 134.500000, 134.500000, 19
2020/03/31 10:31, 134.500000, 134.500000, 134.500000, 134.500000, 3
2020/03/31 10:32, 134.500000, 135.000000, 134.500000, 135.000000, 7
2020/03/31 10:33, 135.000000, 135.000000, 134.500000, 135.000000, 5
2020/03/31 10:34, 135.000000, 135.000000, 135.000000, 135.000000, 2
2020/03/31 10:35, 135.000000, 135.000000, 134.500000, 134.500000, 16
2020/03/31 10:36, 134.500000, 135.000000, 134.000000, 134.000000, 32
2020/03/31 10:37, 134.000000, 134.000000, 134.000000, 134.000000, 14
2020/03/31 10:38, 134.000000, 134.000000, 134.000000, 134.000000, 6
2020/03/31 10:39, 134.000000, 134.500000, 134.000000, 134.500000, 2
2020/03/31 10:40, 134.500000, 135.000000, 134.500000, 134.500000, 24
2020/03/31 10:41, 134.500000, 135.000000, 134.500000, 134.500000, 11
2020/03/31 10:42, 134.000000, 134.000000, 134.000000, 134.000000, 1
2020/03/31 10:43, 134.000000, 134.500000, 134.000000, 134.500000, 3
2020/03/31 10:44, 134.500000, 134.500000, 134.000000, 134.000000, 2
2020/03/31 10:45, 134.000000, 134.000000, 134.000000, 134.000000, 4
2020/03/31 10:46, 134.000000, 134.500000, 134.000000, 134.500000, 3
2020/03/31 10:47, 134.000000, 134.000000, 134.000000, 134.000000, 8
2020/03/31 10:48, 134.000000, 134.000000, 134.000000, 134.000000, 0
2020/03/31 10:49, 134.000000, 134.500000, 134.000000, 134.000000, 23
2020/03/31 10:50, 134.000000, 134.500000, 134.000000, 134.500000, 31
2020/03/31 10:51, 134.500000, 135.500000, 134.500000, 135.000000, 83
2020/03/31 10:52, 135.000000, 135.500000, 135.000000, 135.000000, 9
2020/03/31 10:53, 135.000000, 135.500000, 135.000000, 135.500000, 10
2020/03/31 10:54, 135.000000, 135.500000, 135.000000, 135.500000, 10
2020/03/31 10:55, 135.500000, 136.000000, 135.500000, 135.500000, 81
2020/03/31 10:56, 135.500000, 136.000000, 135.500000, 135.500000, 14
2020/03/31 10:57, 135.000000, 135.500000, 135.000000, 135.000000, 4
2020/03/31 10:58, 135.000000, 135.000000, 135.000000, 135.000000, 8
2020/03/31 10:59, 135.000000, 135.000000, 134.500000, 134.500000, 4
2020/03/31 11:00, 134.500000, 134.500000, 134.500000, 134.500000, 5
2020/03/31 11:01, 134.500000, 134.500000, 134.500000, 134.500000, 16
2020/03/31 11:02, 134.000000, 134.000000, 134.000000, 134.000000, 7
2020/03/31 11:03, 134.000000, 134.500000, 134.000000, 134.500000, 7
2020/03/31 11:04, 134.000000, 134.000000, 134.000000, 134.000000, 1
2020/03/31 11:05, 134.000000, 134.000000, 134.000000, 134.000000, 2
2020/03/31 11:06, 134.000000, 134.000000, 134.000000, 134.000000, 8
2020/03/31 11:07, 134.000000, 134.000000, 133.500000, 134.000000, 28
2020/03/31 11:08, 134.000000, 134.000000, 134.000000, 134.000000, 5
2020/03/31 11:09, 134.000000, 134.000000, 134.000000, 134.000000, 4
2020/03/31 11:10, 134.000000, 134.000000, 134.000000, 134.000000, 0
2020/03/31 11:11, 134.000000, 134.000000, 133.500000, 133.500000, 5
2020/03/31 11:12, 133.500000, 133.500000, 133.500000, 133.500000, 3
2020/03/31 11:13, 133.500000, 133.500000, 133.500000, 133.500000, 0
2020/03/31 11:14, 133.500000, 133.500000, 133.500000, 133.500000, 3
2020/03/31 11:15, 134.000000, 134.000000, 134.000000, 134.000000, 17
2020/03/31 11:16, 134.000000, 134.500000, 134.000000, 134.000000, 6
2020/03/31 11:17, 134.500000, 134.500000, 134.500000, 134.500000, 1
2020/03/31 11:18, 134.500000, 134.500000, 134.500000, 134.500000, 1
2020/03/31 11:19, 134.500000, 134.500000, 134.500000, 134.500000, 0
2020/03/31 11:20, 134.000000, 134.000000, 134.000000, 134.000000, 1
2020/03/31 11:21, 134.000000, 134.000000, 134.000000, 134.000000, 2
2020/03/31 11:22, 134.000000, 134.000000, 134.000000, 134.000000, 2
2020/03/31 11:23, 134.000000, 134.000000, 134.000000, 134.000000, 2
2020/03/31 11:24, 134.000000, 134.500000, 134.000000, 134.500000, 26
2020/03/31 11:25, 135.000000, 135.000000, 135.000000, 135.000000, 1
2020/03/31 11:26, 134.500000, 134.500000, 134.500000, 134.500000, 4
2020/03/31 11:27, 134.500000, 135.000000, 134.500000, 135.000000, 3
2020/03/31 11:28, 134.500000, 134.500000, 134.500000, 134.500000, 5
2020/03/31 11:29, 134.500000, 134.500000, 134.500000, 134.500000, 3
2020/03/31 11:30, 134.500000, 134.500000, 134.500000, 134.500000, 5
2020/03/31 11:31, 134.500000, 134.500000, 134.500000, 134.500000, 9
2020/03/31 11:32, 134.500000, 134.500000, 134.500000, 134.500000, 1
2020/03/31 11:33, 134.500000, 135.000000, 134.500000, 135.000000, 43
2020/03/31 11:34, 135.000000, 135.000000, 135.000000, 135.000000, 16
2020/03/31 11:35, 135.000000, 135.000000, 135.000000, 135.000000, 0
2020/03/31 11:36, 135.000000, 135.000000, 135.000000, 135.000000, 16
2020/03/31 11:37, 135.000000, 135.500000, 135.000000, 135.500000, 4
2020/03/31 11:38, 135.500000, 135.500000, 135.500000, 135.500000, 1
2020/03/31 11:39, 135.500000, 135.500000, 135.000000, 135.500000, 4
2020/03/31 11:40, 135.000000, 135.000000, 135.000000, 135.000000, 8
2020/03/31 11:41, 135.000000, 135.000000, 135.000000, 135.000000, 18
2020/03/31 11:42, 135.000000, 135.000000, 135.000000, 135.000000, 3
2020/03/31 11:43, 134.500000, 134.500000, 134.500000, 134.500000, 3
2020/03/31 11:44, 134.500000, 134.500000, 134.500000, 134.500000, 0
2020/03/31 11:45, 134.500000, 134.500000, 134.500000, 134.500000, 1
2020/03/31 11:46, 134.500000, 134.500000, 134.500000, 134.500000, 2
2020/03/31 11:47, 134.500000, 134.500000, 134.500000, 134.500000, 8
2020/03/31 11:48, 135.000000, 135.000000, 135.000000, 135.000000, 2
2020/03/31 11:49, 134.500000, 134.500000, 134.500000, 134.500000, 1
2020/03/31 11:50, 134.500000, 134.500000, 134.500000, 134.500000, 2
2020/03/31 11:51, 134.500000, 134.500000, 134.500000, 134.500000, 1
2020/03/31 11:52, 134.500000, 135.000000, 134.500000, 135.000000, 6
2020/03/31 11:53, 134.500000, 135.000000, 134.500000, 135.000000, 6
2020/03/31 11:54, 134.500000, 134.500000, 134.500000, 134.500000, 1
2020/03/31 11:55, 134.500000, 134.500000, 134.500000, 134.500000, 7
2020/03/31 11:56, 134.500000, 134.500000, 134.500000, 134.500000, 0
2020/03/31 11:57, 135.000000, 135.000000, 135.000000, 135.000000, 5
2020/03/31 11:58, 135.000000, 135.000000, 135.000000, 135.000000, 1
2020/03/31 11:59, 135.000000, 135.000000, 135.000000, 135.000000, 0
2020/03/31 12:00, 135.000000, 135.000000, 135.000000, 135.000000, 0
2020/03/31 12:01, 134.500000, 134.500000, 134.500000, 134.500000, 1
2020/03/31 12:02, 134.500000, 134.500000, 134.500000, 134.500000, 0
2020/03/31 12:03, 134.500000, 135.000000, 134.500000, 134.500000, 20
2020/03/31 12:04, 134.500000, 135.500000, 134.500000, 135.500000, 71
2020/03/31 12:05, 135.500000, 136.000000, 135.500000, 136.000000, 96
2020/03/31 12:06, 136.000000, 136.000000, 135.500000, 136.000000, 10
2020/03/31 12:07, 136.000000, 136.000000, 135.500000, 136.000000, 60
2020/03/31 12:08, 136.000000, 137.000000, 135.500000, 137.000000, 155
2020/03/31 12:09, 137.000000, 137.500000, 136.500000, 137.000000, 76
2020/03/31 12:10, 137.000000, 137.500000, 137.000000, 137.000000, 60
2020/03/31 12:11, 137.000000, 137.000000, 136.500000, 136.500000, 18
2020/03/31 12:12, 136.500000, 137.000000, 136.500000, 137.000000, 58
2020/03/31 12:13, 137.500000, 138.000000, 137.000000, 137.000000, 105
2020/03/31 12:14, 137.500000, 138.000000, 137.500000, 138.000000, 21
2020/03/31 12:15, 138.000000, 138.500000, 137.500000, 138.500000, 207
2020/03/31 12:16, 138.000000, 138.000000, 137.500000, 138.000000, 52
2020/03/31 12:17, 138.000000, 138.000000, 137.500000, 137.500000, 24
2020/03/31 12:18, 137.500000, 137.500000, 137.000000, 137.000000, 80
2020/03/31 12:19, 137.000000, 137.500000, 137.000000, 137.500000, 9
2020/03/31 12:20, 137.500000, 137.500000, 137.000000, 137.000000, 29
2020/03/31 12:21, 137.500000, 137.500000, 137.000000, 137.000000, 8
2020/03/31 12:22, 137.500000, 137.500000, 137.000000, 137.500000, 20
2020/03/31 12:23, 137.500000, 138.000000, 137.500000, 138.000000, 9
2020/03/31 12:24, 138.000000, 138.000000, 138.000000, 138.000000, 19
2020/03/31 12:25, 138.000000, 138.000000, 137.000000, 137.000000, 27
2020/03/31 12:26, 137.000000, 137.000000, 136.500000, 137.000000, 44
2020/03/31 12:27, 137.000000, 137.000000, 137.000000, 137.000000, 15
2020/03/31 12:28, 137.500000, 137.500000, 137.000000, 137.000000, 34
2020/03/31 12:29, 137.000000, 137.000000, 137.000000, 137.000000, 2
2020/03/31 12:30, 137.000000, 137.000000, 137.000000, 137.000000, 3
2020/03/31 12:31, 137.000000, 137.000000, 137.000000, 137.000000, 43
2020/03/31 12:32, 137.000000, 137.000000, 137.000000, 137.000000, 33
2020/03/31 12:33, 137.000000, 137.000000, 136.500000, 136.500000, 37
2020/03/31 12:34, 136.500000, 138.500000, 136.500000, 138.500000, 182
2020/03/31 12:35, 138.500000, 138.500000, 138.000000, 138.000000, 31
2020/03/31 12:36, 138.500000, 138.500000, 138.000000, 138.000000, 25
2020/03/31 12:37, 138.000000, 138.500000, 138.000000, 138.000000, 35
2020/03/31 12:38, 138.000000, 138.000000, 138.000000, 138.000000, 27
2020/03/31 12:39, 137.500000, 138.000000, 137.500000, 137.500000, 5
2020/03/31 12:40, 137.500000, 137.500000, 137.500000, 137.500000, 3
2020/03/31 12:41, 137.500000, 137.500000, 137.500000, 137.500000, 13
2020/03/31 12:42, 137.500000, 138.000000, 137.500000, 137.500000, 23
2020/03/31 12:43, 137.500000, 138.000000, 137.500000, 137.500000, 27
2020/03/31 12:44, 137.500000, 137.500000, 137.000000, 137.500000, 32
2020/03/31 12:45, 137.500000, 138.000000, 137.500000, 138.000000, 5
2020/03/31 12:46, 138.000000, 138.500000, 138.000000, 138.500000, 79
2020/03/31 12:47, 138.000000, 138.500000, 138.000000, 138.000000, 15
2020/03/31 12:48, 138.500000, 138.500000, 138.000000, 138.500000, 15
2020/03/31 12:49, 138.500000, 139.000000, 138.000000, 139.000000, 100
2020/03/31 12:50, 139.000000, 139.000000, 138.500000, 139.000000, 78
2020/03/31 12:51, 139.000000, 139.000000, 138.000000, 138.000000, 53
2020/03/31 12:52, 138.000000, 138.000000, 137.500000, 137.500000, 11
2020/03/31 12:53, 137.500000, 138.000000, 137.500000, 137.500000, 8
2020/03/31 12:54, 137.500000, 138.000000, 137.500000, 138.000000, 3
2020/03/31 12:55, 138.000000, 138.000000, 137.500000, 138.000000, 22
2020/03/31 12:56, 138.000000, 138.000000, 137.500000, 138.000000, 12
2020/03/31 12:57, 137.500000, 137.500000, 137.000000, 137.000000, 32
2020/03/31 12:58, 137.000000, 137.000000, 137.000000, 137.000000, 2
2020/03/31 12:59, 137.500000, 137.500000, 137.500000, 137.500000, 3
2020/03/31 13:00, 137.500000, 137.500000, 136.000000, 136.000000, 143
2020/03/31 13:01, 136.000000, 136.000000, 135.500000, 135.500000, 49
2020/03/31 13:02, 136.000000, 136.500000, 136.000000, 136.000000, 17
2020/03/31 13:03, 136.000000, 136.500000, 136.000000, 136.500000, 5
2020/03/31 13:04, 136.000000, 136.000000, 136.000000, 136.000000, 8
2020/03/31 13:05, 136.000000, 136.000000, 136.000000, 136.000000, 12
2020/03/31 13:06, 136.000000, 136.000000, 135.500000, 135.500000, 20
2020/03/31 13:07, 135.500000, 135.500000, 135.500000, 135.500000, 6
2020/03/31 13:08, 136.000000, 136.500000, 135.500000, 136.000000, 15
2020/03/31 13:09, 136.000000, 137.000000, 136.000000, 136.500000, 10
2020/03/31 13:10, 136.500000, 137.000000, 136.500000, 137.000000, 6
2020/03/31 13:11, 137.000000, 137.000000, 136.500000, 137.000000, 3
2020/03/31 13:12, 137.000000, 137.000000, 136.500000, 137.000000, 16
2020/03/31 13:13, 137.000000, 137.000000, 136.500000, 137.000000, 4
2020/03/31 13:14, 137.000000, 137.000000, 136.500000, 136.500000, 7
2020/03/31 13:15, 136.500000, 136.500000, 136.500000, 136.500000, 2
2020/03/31 13:16, 136.500000, 137.000000, 136.500000, 137.000000, 21
2020/03/31 13:17, 137.000000, 137.500000, 137.000000, 137.500000, 30
2020/03/31 13:18, 137.500000, 138.000000, 137.500000, 138.000000, 32
2020/03/31 13:19, 138.000000, 138.000000, 137.500000, 137.500000, 37
2020/03/31 13:20, 137.500000, 137.500000, 137.000000, 137.500000, 25
2020/03/31 13:21, 137.500000, 138.000000, 137.000000, 137.500000, 9
2020/03/31 13:22, 137.500000, 137.500000, 137.000000, 137.000000, 43
2020/03/31 13:23, 136.500000, 137.000000, 136.500000, 136.500000, 36
2020/03/31 13:24, 136.500000, 136.500000, 136.000000, 136.500000, 8
2020/03/31 13:25, 136.000000, 137.000000, 136.000000, 136.500000, 16
2020/03/31 13:26, 136.500000, 136.500000, 136.500000, 136.500000, 0
2020/03/31 13:27, 136.500000, 136.500000, 136.500000, 136.500000, 0
2020/03/31 13:28, 136.500000, 136.500000, 136.500000, 136.500000, 0
2020/03/31 13:29, 136.500000, 136.500000, 136.500000, 136.500000, 0
2020/03/31 13:30, 138.500000, 138.500000, 138.500000, 138.500000, 360
2020/04/01 09:01, 139.000000, 139.000000, 137.000000, 137.500000, 189
2020/04/01 09:02, 137.500000, 138.000000, 137.500000, 138.000000, 32
2020/04/01 09:03, 137.500000, 138.000000, 137.000000, 137.000000, 54
2020/04/01 09:04, 137.000000, 137.000000, 136.000000, 136.000000, 47
2020/04/01 09:05, 136.000000, 136.500000, 135.500000, 135.500000, 58
2020/04/01 09:06, 136.000000, 136.500000, 135.500000, 136.500000, 37
2020/04/01 09:07, 136.000000, 137.000000, 136.000000, 137.000000, 31
2020/04/01 09:08, 136.500000, 137.500000, 136.500000, 136.500000, 35
2020/04/01 09:09, 137.000000, 137.500000, 136.500000, 136.500000, 37
2020/04/01 09:10, 136.500000, 137.000000, 136.000000, 136.000000, 77
2020/04/01 09:11, 136.500000, 136.500000, 136.000000, 136.500000, 5
2020/04/01 09:12, 136.500000, 136.500000, 135.500000, 136.000000, 46
2020/04/01 09:13, 136.000000, 136.500000, 135.500000, 136.000000, 19
2020/04/01 09:14, 136.000000, 136.500000, 136.000000, 136.000000, 15
2020/04/01 09:15, 136.500000, 136.500000, 136.000000, 136.500000, 10
2020/04/01 09:16, 136.000000, 136.500000, 136.000000, 136.000000, 9
2020/04/01 09:17, 136.000000, 136.500000, 136.000000, 136.500000, 7
2020/04/01 09:18, 136.500000, 136.500000, 136.000000, 136.000000, 6
2020/04/01 09:19, 136.000000, 136.500000, 136.000000, 136.000000, 45
2020/04/01 09:20, 136.000000, 136.500000, 136.000000, 136.000000, 10
2020/04/01 09:21, 136.500000, 136.500000, 136.000000, 136.000000, 4
2020/04/01 09:22, 136.000000, 137.500000, 136.000000, 137.000000, 45
2020/04/01 09:23, 137.500000, 137.500000, 136.500000, 136.500000, 32
2020/04/01 09:24, 136.500000, 136.500000, 136.500000, 136.500000, 6
2020/04/01 09:25, 136.500000, 136.500000, 136.500000, 136.500000, 3
2020/04/01 09:26, 136.500000, 137.000000, 136.500000, 136.500000, 14
2020/04/01 09:27, 137.000000, 137.000000, 137.000000, 137.000000, 2
2020/04/01 09:28, 137.000000, 137.500000, 137.000000, 137.500000, 14
2020/04/01 09:29, 137.500000, 138.500000, 137.500000, 138.000000, 72
2020/04/01 09:30, 138.500000, 138.500000, 138.000000, 138.000000, 39
2020/04/01 09:31, 138.000000, 138.000000, 137.500000, 138.000000, 11
2020/04/01 09:32, 138.000000, 138.000000, 137.500000, 137.500000, 10
2020/04/01 09:33, 137.500000, 137.500000, 137.500000, 137.500000, 10
2020/04/01 09:34, 137.500000, 137.500000, 137.000000, 137.000000, 3
2020/04/01 09:35, 137.500000, 137.500000, 137.000000, 137.500000, 3
2020/04/01 09:36, 137.500000, 137.500000, 137.000000, 137.000000, 4
2020/04/01 09:37, 137.000000, 137.500000, 137.000000, 137.500000, 28
2020/04/01 09:38, 137.500000, 137.500000, 137.000000, 137.000000, 40
2020/04/01 09:39, 137.500000, 137.500000, 137.000000, 137.000000, 5
2020/04/01 09:40, 137.500000, 137.500000, 137.000000, 137.000000, 4
2020/04/01 09:41, 137.500000, 137.500000, 136.500000, 136.500000, 48
2020/04/01 09:42, 136.500000, 136.500000, 136.000000, 136.000000, 66
2020/04/01 09:43, 136.000000, 136.500000, 136.000000, 136.000000, 9
2020/04/01 09:44, 136.500000, 137.000000, 136.000000, 136.500000, 71
2020/04/01 09:45, 136.500000, 136.500000, 136.500000, 136.500000, 3
2020/04/01 09:46, 137.000000, 137.000000, 136.500000, 136.500000, 4
2020/04/01 09:47, 136.500000, 136.500000, 136.500000, 136.500000, 4
2020/04/01 09:48, 136.500000, 136.500000, 136.500000, 136.500000, 6
2020/04/01 09:49, 136.500000, 136.500000, 136.500000, 136.500000, 2
2020/04/01 09:50, 136.500000, 137.000000, 136.500000, 137.000000, 6
2020/04/01 09:51, 136.500000, 137.000000, 136.000000, 136.000000, 22
2020/04/01 09:52, 136.000000, 136.000000, 135.500000, 135.500000, 131
2020/04/01 09:53, 135.500000, 136.500000, 135.500000, 135.500000, 29
2020/04/01 09:54, 136.000000, 136.000000, 135.500000, 136.000000, 8
2020/04/01 09:55, 136.000000, 136.000000, 135.500000, 136.000000, 22
2020/04/01 09:56, 136.000000, 136.000000, 135.500000, 136.000000, 8
2020/04/01 09:57, 136.000000, 136.000000, 135.500000, 135.500000, 4
2020/04/01 09:58, 135.500000, 136.000000, 135.500000, 136.000000, 9
2020/04/01 09:59, 136.000000, 136.000000, 135.500000, 135.500000, 78
2020/04/01 10:00, 136.000000, 136.000000, 134.500000, 135.000000, 93
2020/04/01 10:01, 135.000000, 135.500000, 134.500000, 135.000000, 20
2020/04/01 10:02, 135.000000, 135.000000, 134.500000, 135.000000, 25
2020/04/01 10:03, 135.000000, 135.500000, 134.500000, 135.500000, 10
2020/04/01 10:04, 135.500000, 135.500000, 135.000000, 135.500000, 7
2020/04/01 10:05, 135.500000, 135.500000, 135.000000, 135.000000, 27
2020/04/01 10:06, 135.000000, 135.500000, 135.000000, 135.500000, 6
2020/04/01 10:07, 135.000000, 135.000000, 135.000000, 135.000000, 1
2020/04/01 10:08, 135.000000, 135.000000, 135.000000, 135.000000, 2
2020/04/01 10:09, 135.500000, 135.500000, 135.000000, 135.500000, 13
2020/04/01 10:10, 135.500000, 135.500000, 134.500000, 134.500000, 44
2020/04/01 10:11, 134.500000, 135.000000, 134.500000, 135.000000, 11
2020/04/01 10:12, 135.000000, 135.500000, 135.000000, 135.500000, 13
2020/04/01 10:13, 135.500000, 135.500000, 135.500000, 135.500000, 2
2020/04/01 10:14, 135.500000, 135.500000, 135.500000, 135.500000, 2
2020/04/01 10:15, 135.500000, 135.500000, 135.000000, 135.500000, 3
2020/04/01 10:16, 135.000000, 135.000000, 134.500000, 134.500000, 23
2020/04/01 10:17, 135.000000, 135.000000, 134.500000, 134.500000, 8
2020/04/01 10:18, 135.000000, 135.000000, 135.000000, 135.000000, 9
2020/04/01 10:19, 135.000000, 135.000000, 135.000000, 135.000000, 3
2020/04/01 10:20, 135.000000, 135.500000, 135.000000, 135.500000, 9
2020/04/01 10:21, 135.500000, 135.500000, 135.500000, 135.500000, 3
2020/04/01 10:22, 135.500000, 135.500000, 135.500000, 135.500000, 3
2020/04/01 10:23, 135.500000, 135.500000, 135.000000, 135.500000, 13
2020/04/01 10:24, 135.500000, 136.000000, 135.000000, 135.000000, 13
2020/04/01 10:25, 135.500000, 135.500000, 135.500000, 135.500000, 2
2020/04/01 10:26, 135.500000, 136.000000, 135.500000, 135.500000, 13
2020/04/01 10:27, 135.500000, 135.500000, 135.500000, 135.500000, 3
2020/04/01 10:28, 135.500000, 135.500000, 135.500000, 135.500000, 8
2020/04/01 10:29, 135.500000, 135.500000, 135.000000, 135.500000, 7
2020/04/01 10:30, 135.500000, 135.500000, 135.500000, 135.500000, 1
2020/04/01 10:31, 135.000000, 135.500000, 135.000000, 135.500000, 7
2020/04/01 10:32, 135.500000, 135.500000, 135.500000, 135.500000, 1
2020/04/01 10:33, 135.000000, 135.500000, 135.000000, 135.000000, 3
2020/04/01 10:34, 135.000000, 135.000000, 135.000000, 135.000000, 3
2020/04/01 10:35, 135.000000, 135.500000, 135.000000, 135.500000, 3
2020/04/01 10:36, 135.500000, 135.500000, 135.500000, 135.500000, 0
2020/04/01 10:37, 135.500000, 135.500000, 135.500000, 135.500000, 0
2020/04/01 10:38, 135.500000, 135.500000, 135.500000, 135.500000, 2
2020/04/01 10:39, 135.000000, 135.000000, 135.000000, 135.000000, 1
2020/04/01 10:40, 135.000000, 135.500000, 135.000000, 135.000000, 39
2020/04/01 10:41, 135.000000, 135.500000, 135.000000, 135.000000, 9
2020/04/01 10:42, 135.500000, 135.500000, 135.500000, 135.500000, 11
2020/04/01 10:43, 135.500000, 135.500000, 135.000000, 135.000000, 2
2020/04/01 10:44, 135.000000, 135.000000, 135.000000, 135.000000, 0
2020/04/01 10:45, 135.000000, 136.000000, 135.000000, 136.000000, 37
2020/04/01 10:46, 136.000000, 136.000000, 136.000000, 136.000000, 1
2020/04/01 10:47, 136.000000, 137.500000, 136.000000, 137.000000, 188
2020/04/01 10:48, 137.500000, 137.500000, 137.000000, 137.500000, 90
2020/04/01 10:49, 137.500000, 137.500000, 136.500000, 137.000000, 50
2020/04/01 10:50, 137.000000, 137.000000, 137.000000, 137.000000, 4
2020/04/01 10:51, 136.500000, 136.500000, 136.000000, 136.000000, 35
2020/04/01 10:52, 136.000000, 136.000000, 136.000000, 136.000000, 32
2020/04/01 10:53, 136.500000, 136.500000, 135.500000, 135.500000, 2
2020/04/01 10:54, 135.500000, 136.500000, 135.500000, 136.500000, 27
2020/04/01 10:55, 136.500000, 136.500000, 136.000000, 136.000000, 51
2020/04/01 10:56, 136.500000, 136.500000, 136.000000, 136.000000, 4
2020/04/01 10:57, 136.500000, 136.500000, 136.000000, 136.000000, 3
2020/04/01 10:58, 136.000000, 136.000000, 136.000000, 136.000000, 1
2020/04/01 10:59, 136.000000, 136.000000, 136.000000, 136.000000, 33
2020/04/01 11:00, 136.000000, 136.000000, 136.000000, 136.000000, 2
2020/04/01 11:01, 136.000000, 136.500000, 136.000000, 136.500000, 16
2020/04/01 11:02, 136.000000, 136.500000, 136.000000, 136.000000, 8
2020/04/01 11:03, 136.000000, 136.000000, 136.000000, 136.000000, 2
2020/04/01 11:04, 136.000000, 136.000000, 136.000000, 136.000000, 6
2020/04/01 11:05, 136.000000, 136.000000, 136.000000, 136.000000, 1
2020/04/01 11:06, 136.000000, 136.500000, 136.000000, 136.500000, 7
2020/04/01 11:07, 136.500000, 136.500000, 136.000000, 136.500000, 20
2020/04/01 11:08, 136.500000, 136.500000, 136.500000, 136.500000, 7
2020/04/01 11:09, 136.500000, 136.500000, 136.500000, 136.500000, 11
2020/04/01 11:10, 136.500000, 136.500000, 136.500000, 136.500000, 2
2020/04/01 11:11, 136.500000, 136.500000, 136.500000, 136.500000, 1
2020/04/01 11:12, 136.000000, 136.500000, 136.000000, 136.500000, 32
2020/04/01 11:13, 136.500000, 136.500000, 136.500000, 136.500000, 13
2020/04/01 11:14, 136.500000, 136.500000, 136.500000, 136.500000, 0
2020/04/01 11:15, 136.500000, 137.000000, 136.500000, 137.000000, 3
2020/04/01 11:16, 136.500000, 136.500000, 136.500000, 136.500000, 1
2020/04/01 11:17, 137.000000, 137.500000, 137.000000, 137.500000, 94
2020/04/01 11:18, 137.500000, 137.500000, 137.500000, 137.500000, 10
2020/04/01 11:19, 137.500000, 138.000000, 137.000000, 138.000000, 76
2020/04/01 11:20, 138.000000, 138.000000, 137.500000, 138.000000, 112
2020/04/01 11:21, 138.000000, 138.000000, 137.500000, 137.500000, 61
2020/04/01 11:22, 137.500000, 137.500000, 137.500000, 137.500000, 8
2020/04/01 11:23, 137.500000, 137.500000, 137.500000, 137.500000, 20
2020/04/01 11:24, 137.500000, 137.500000, 137.500000, 137.500000, 2
2020/04/01 11:25, 137.500000, 137.500000, 137.500000, 137.500000, 3
2020/04/01 11:26, 137.500000, 137.500000, 137.000000, 137.000000, 5
2020/04/01 11:27, 137.000000, 137.000000, 136.500000, 137.000000, 20
2020/04/01 11:28, 137.000000, 137.000000, 136.500000, 136.500000, 3
2020/04/01 11:29, 136.500000, 137.500000, 136.500000, 137.500000, 9
2020/04/01 11:30, 137.000000, 137.500000, 137.000000, 137.000000, 4
2020/04/01 11:31, 137.000000, 137.500000, 137.000000, 137.500000, 10
2020/04/01 11:32, 137.500000, 137.500000, 137.500000, 137.500000, 19
2020/04/01 11:33, 137.500000, 137.500000, 137.500000, 137.500000, 4
2020/04/01 11:34, 137.500000, 137.500000, 137.500000, 137.500000, 2
2020/04/01 11:35, 137.500000, 137.500000, 137.000000, 137.000000, 4
2020/04/01 11:36, 137.000000, 137.000000, 137.000000, 137.000000, 1
2020/04/01 11:37, 137.500000, 137.500000, 137.500000, 137.500000, 1
2020/04/01 11:38, 137.500000, 137.500000, 137.500000, 137.500000, 2
2020/04/01 11:39, 137.500000, 137.500000, 137.500000, 137.500000, 2
2020/04/01 11:40, 137.500000, 137.500000, 137.000000, 137.500000, 9
2020/04/01 11:41, 137.500000, 137.500000, 137.500000, 137.500000, 8
2020/04/01 11:42, 137.500000, 137.500000, 137.500000, 137.500000, 1
2020/04/01 11:43, 137.000000, 137.000000, 137.000000, 137.000000, 1
2020/04/01 11:44, 137.000000, 137.000000, 137.000000, 137.000000, 12
2020/04/01 11:45, 137.000000, 137.000000, 137.000000, 137.000000, 14
2020/04/01 11:46, 137.000000, 137.000000, 137.000000, 137.000000, 9
2020/04/01 11:47, 137.000000, 137.000000, 137.000000, 137.000000, 9
2020/04/01 11:48, 137.000000, 137.000000, 137.000000, 137.000000, 6
2020/04/01 11:49, 137.000000, 137.000000, 137.000000, 137.000000, 1
2020/04/01 11:50, 136.500000, 136.500000, 136.500000, 136.500000, 1
2020/04/01 11:51, 136.500000, 136.500000, 136.000000, 136.000000, 74
2020/04/01 11:52, 136.000000, 136.000000, 136.000000, 136.000000, 11
2020/04/01 11:53, 136.000000, 136.000000, 135.500000, 135.500000, 54
2020/04/01 11:54, 135.500000, 135.500000, 135.500000, 135.500000, 18
2020/04/01 11:55, 135.500000, 135.500000, 135.500000, 135.500000, 3
2020/04/01 11:56, 135.500000, 135.500000, 135.500000, 135.500000, 0
2020/04/01 11:57, 135.500000, 136.000000, 135.500000, 136.000000, 4
2020/04/01 11:58, 136.000000, 136.500000, 136.000000, 136.500000, 25
2020/04/01 11:59, 136.500000, 136.500000, 136.000000, 136.000000, 3
2020/04/01 12:00, 136.000000, 136.000000, 136.000000, 136.000000, 3
2020/04/01 12:01, 136.000000, 136.000000, 136.000000, 136.000000, 1
2020/04/01 12:02, 136.000000, 136.000000, 136.000000, 136.000000, 2
2020/04/01 12:03, 136.000000, 136.000000, 136.000000, 136.000000, 0
2020/04/01 12:04, 136.000000, 136.000000, 136.000000, 136.000000, 2
2020/04/01 12:05, 136.000000, 136.000000, 136.000000, 136.000000, 0
2020/04/01 12:06, 136.000000, 136.000000, 136.000000, 136.000000, 1
2020/04/01 12:07, 136.000000, 136.000000, 136.000000, 136.000000, 6
2020/04/01 12:08, 136.000000, 136.000000, 136.000000, 136.000000, 2
2020/04/01 12:09, 136.000000, 136.000000, 136.000000, 136.000000, 8
2020/04/01 12:10, 135.500000, 136.000000, 135.500000, 136.000000, 3
2020/04/01 12:11, 136.000000, 136.000000, 135.500000, 135.500000, 11
2020/04/01 12:12, 136.000000, 136.000000, 135.500000, 135.500000, 2
2020/04/01 12:13, 136.000000, 136.000000, 135.500000, 135.500000, 9
2020/04/01 12:14, 136.000000, 136.000000, 136.000000, 136.000000, 1
2020/04/01 12:15, 136.000000, 136.500000, 136.000000, 136.500000, 4
2020/04/01 12:16, 136.000000, 136.000000, 136.000000, 136.000000, 2
2020/04/01 12:17, 136.000000, 136.000000, 136.000000, 136.000000, 2
2020/04/01 12:18, 136.000000, 136.000000, 136.000000, 136.000000, 2
2020/04/01 12:19, 136.500000, 136.500000, 136.500000, 136.500000, 22
2020/04/01 12:20, 136.500000, 136.500000, 136.500000, 136.500000, 0
2020/04/01 12:21, 136.500000, 136.500000, 136.500000, 136.500000, 8
2020/04/01 12:22, 136.500000, 136.500000, 136.500000, 136.500000, 0
2020/04/01 12:23, 136.500000, 136.500000, 136.500000, 136.500000, 4
2020/04/01 12:24, 136.500000, 136.500000, 136.500000, 136.500000, 1
2020/04/01 12:25, 136.500000, 136.500000, 136.500000, 136.500000, 2
2020/04/01 12:26, 136.500000, 136.500000, 136.500000, 136.500000, 2
2020/04/01 12:27, 136.500000, 136.500000, 136.500000, 136.500000, 1
2020/04/01 12:28, 136.500000, 136.500000, 136.000000, 136.000000, 9
2020/04/01 12:29, 136.000000, 136.000000, 136.000000, 136.000000, 1
2020/04/01 12:30, 136.000000, 136.000000, 136.000000, 136.000000, 6
2020/04/01 12:31, 136.000000, 136.000000, 136.000000, 136.000000, 2
2020/04/01 12:32, 136.000000, 136.000000, 136.000000, 136.000000, 1
2020/04/01 12:33, 136.500000, 136.500000, 136.500000, 136.500000, 3
2020/04/01 12:34, 136.500000, 136.500000, 136.500000, 136.500000, 0
2020/04/01 12:35, 136.500000, 136.500000, 136.500000, 136.500000, 1
2020/04/01 12:36, 136.000000, 136.000000, 136.000000, 136.000000, 16
2020/04/01 12:37, 136.000000, 136.000000, 136.000000, 136.000000, 3
2020/04/01 12:38, 136.000000, 136.000000, 136.000000, 136.000000, 1
2020/04/01 12:39, 136.000000, 136.000000, 136.000000, 136.000000, 8
2020/04/01 12:40, 136.500000, 136.500000, 136.500000, 136.500000, 6
2020/04/01 12:41, 136.500000, 136.500000, 136.500000, 136.500000, 5
2020/04/01 12:42, 136.500000, 136.500000, 136.000000, 136.500000, 12
2020/04/01 12:43, 136.500000, 136.500000, 136.000000, 136.000000, 4
2020/04/01 12:44, 136.500000, 136.500000, 136.000000, 136.000000, 3
2020/04/01 12:45, 136.000000, 136.000000, 136.000000, 136.000000, 1
2020/04/01 12:46, 136.000000, 136.000000, 136.000000, 136.000000, 2
2020/04/01 12:47, 136.000000, 136.000000, 136.000000, 136.000000, 4
2020/04/01 12:48, 136.000000, 136.000000, 136.000000, 136.000000, 9
2020/04/01 12:49, 136.500000, 136.500000, 136.000000, 136.000000, 10
2020/04/01 12:50, 136.000000, 136.000000, 136.000000, 136.000000, 7
2020/04/01 12:51, 136.000000, 136.000000, 136.000000, 136.000000, 10
2020/04/01 12:52, 136.000000, 136.000000, 136.000000, 136.000000, 3
2020/04/01 12:53, 136.000000, 136.000000, 136.000000, 136.000000, 3
2020/04/01 12:54, 136.500000, 136.500000, 136.000000, 136.000000, 11
2020/04/01 12:55, 136.000000, 136.000000, 136.000000, 136.000000, 7
2020/04/01 12:56, 136.000000, 136.500000, 136.000000, 136.500000, 4
2020/04/01 12:57, 136.500000, 136.500000, 136.500000, 136.500000, 17
2020/04/01 12:58, 136.500000, 136.500000, 136.500000, 136.500000, 2
2020/04/01 12:59, 136.500000, 136.500000, 136.500000, 136.500000, 6
2020/04/01 13:00, 136.500000, 136.500000, 136.500000, 136.500000, 5
2020/04/01 13:01, 136.500000, 137.000000, 136.500000, 137.000000, 8
2020/04/01 13:02, 136.500000, 136.500000, 136.500000, 136.500000, 2
2020/04/01 13:03, 136.500000, 136.500000, 136.500000, 136.500000, 8
2020/04/01 13:04, 136.500000, 136.500000, 136.500000, 136.500000, 10
2020/04/01 13:05, 136.500000, 136.500000, 136.500000, 136.500000, 0
2020/04/01 13:06, 136.000000, 136.000000, 135.500000, 136.000000, 54
2020/04/01 13:07, 136.000000, 136.500000, 135.500000, 136.500000, 15
2020/04/01 13:08, 136.000000, 136.000000, 136.000000, 136.000000, 11
2020/04/01 13:09, 136.000000, 136.000000, 136.000000, 136.000000, 10
2020/04/01 13:10, 136.000000, 136.000000, 136.000000, 136.000000, 4
2020/04/01 13:11, 136.000000, 136.000000, 136.000000, 136.000000, 19
2020/04/01 13:12, 136.000000, 136.000000, 136.000000, 136.000000, 23
2020/04/01 13:13, 136.000000, 136.000000, 136.000000, 136.000000, 13
2020/04/01 13:14, 136.000000, 136.000000, 136.000000, 136.000000, 3
2020/04/01 13:15, 136.000000, 136.500000, 136.000000, 136.500000, 4
2020/04/01 13:16, 136.500000, 136.500000, 136.000000, 136.000000, 8
2020/04/01 13:17, 136.000000, 136.000000, 136.000000, 136.000000, 14
2020/04/01 13:18, 136.000000, 136.500000, 136.000000, 136.000000, 12
2020/04/01 13:19, 136.500000, 136.500000, 136.500000, 136.500000, 2
2020/04/01 13:20, 136.500000, 137.000000, 136.500000, 137.000000, 59
2020/04/01 13:21, 137.000000, 137.500000, 137.000000, 137.500000, 57
2020/04/01 13:22, 137.500000, 137.500000, 137.000000, 137.000000, 35
2020/04/01 13:23, 137.000000, 137.500000, 136.500000, 137.000000, 19
2020/04/01 13:24, 137.000000, 137.000000, 136.500000, 137.000000, 21
2020/04/01 13:25, 137.000000, 137.500000, 136.500000, 136.500000, 34
2020/04/01 13:26, 136.500000, 136.500000, 136.500000, 136.500000, 0
2020/04/01 13:27, 136.500000, 136.500000, 136.500000, 136.500000, 0
2020/04/01 13:28, 136.500000, 136.500000, 136.500000, 136.500000, 0
2020/04/01 13:29, 136.500000, 136.500000, 136.500000, 136.500000, 0
2020/04/01 13:30, 137.500000, 137.500000, 137.500000, 137.500000, 292
2020/04/06 09:01, 137.000000, 138.000000, 136.000000, 137.500000, 199
2020/04/06 09:02, 137.500000, 138.000000, 137.000000, 137.000000, 115
2020/04/06 09:03, 137.000000, 137.000000, 136.000000, 136.000000, 119
2020/04/06 09:04, 136.000000, 137.000000, 136.000000, 136.500000, 47
2020/04/06 09:05, 136.500000, 137.000000, 136.000000, 136.500000, 48
2020/04/06 09:06, 136.500000, 136.500000, 135.000000, 135.000000, 139
2020/04/06 09:07, 135.000000, 136.000000, 135.000000, 135.500000, 62
2020/04/06 09:08, 135.500000, 136.500000, 135.500000, 136.000000, 71
2020/04/06 09:09, 136.000000, 136.500000, 136.000000, 136.000000, 26
2020/04/06 09:10, 136.000000, 137.000000, 136.000000, 137.000000, 37
2020/04/06 09:11, 136.500000, 137.500000, 136.500000, 137.000000, 47
2020/04/06 09:12, 137.000000, 137.000000, 136.500000, 137.000000, 20
2020/04/06 09:13, 137.000000, 138.500000, 137.000000, 138.500000, 170
2020/04/06 09:14, 138.500000, 138.500000, 138.000000, 138.500000, 97
2020/04/06 09:15, 138.500000, 138.500000, 138.000000, 138.500000, 43
2020/04/06 09:16, 138.500000, 138.500000, 138.500000, 138.500000, 7
2020/04/06 09:17, 138.000000, 138.000000, 137.500000, 138.000000, 57
2020/04/06 09:18, 138.000000, 138.000000, 137.500000, 137.500000, 14
2020/04/06 09:19, 137.500000, 137.500000, 136.500000, 137.000000, 49
2020/04/06 09:20, 137.000000, 137.000000, 136.500000, 137.000000, 38
2020/04/06 09:21, 137.500000, 137.500000, 137.000000, 137.500000, 19
2020/04/06 09:22, 137.500000, 137.500000, 137.000000, 137.000000, 8
2020/04/06 09:23, 137.000000, 137.500000, 137.000000, 137.500000, 14
2020/04/06 09:24, 137.500000, 137.500000, 137.500000, 137.500000, 14
2020/04/06 09:25, 138.000000, 138.000000, 137.500000, 138.000000, 14
2020/04/06 09:26, 137.500000, 137.500000, 137.500000, 137.500000, 16
2020/04/06 09:27, 137.500000, 137.500000, 137.500000, 137.500000, 15
2020/04/06 09:28, 138.000000, 138.000000, 137.500000, 137.500000, 16
2020/04/06 09:29, 137.500000, 137.500000, 137.000000, 137.500000, 6
2020/04/06 09:30, 137.000000, 137.500000, 136.500000, 137.500000, 42
2020/04/06 09:31, 137.000000, 137.000000, 136.500000, 137.000000, 24
2020/04/06 09:32, 137.000000, 137.000000, 136.500000, 137.000000, 13
2020/04/06 09:33, 137.000000, 137.500000, 137.000000, 137.000000, 20
2020/04/06 09:34, 137.000000, 137.500000, 137.000000, 137.000000, 3
2020/04/06 09:35, 137.500000, 137.500000, 137.000000, 137.000000, 18
2020/04/06 09:36, 137.000000, 137.000000, 137.000000, 137.000000, 25
2020/04/06 09:37, 137.000000, 137.500000, 137.000000, 137.500000, 27
2020/04/06 09:38, 137.500000, 137.500000, 137.000000, 137.000000, 5
2020/04/06 09:39, 137.000000, 137.500000, 137.000000, 137.500000, 56
2020/04/06 09:40, 137.500000, 138.000000, 137.500000, 138.000000, 77
2020/04/06 09:41, 138.000000, 138.500000, 138.000000, 138.000000, 24
2020/04/06 09:42, 138.500000, 139.000000, 138.500000, 138.500000, 171
2020/04/06 09:43, 138.000000, 138.500000, 138.000000, 138.500000, 14
2020/04/06 09:44, 138.000000, 138.000000, 137.500000, 137.500000, 18
2020/04/06 09:45, 137.500000, 137.500000, 137.500000, 137.500000, 4
2020/04/06 09:46, 138.000000, 138.000000, 137.500000, 138.000000, 28
2020/04/06 09:47, 138.000000, 138.500000, 138.000000, 138.500000, 8
2020/04/06 09:48, 138.000000, 138.000000, 138.000000, 138.000000, 7
2020/04/06 09:49, 138.000000, 138.000000, 138.000000, 138.000000, 12
2020/04/06 09:50, 138.000000, 139.000000, 138.000000, 139.000000, 95
2020/04/06 09:51, 139.000000, 139.000000, 138.500000, 138.500000, 39
2020/04/06 09:52, 139.000000, 139.500000, 138.500000, 139.500000, 226
2020/04/06 09:53, 139.500000, 140.500000, 139.000000, 140.000000, 217
2020/04/06 09:54, 140.000000, 140.500000, 139.500000, 140.500000, 111
2020/04/06 09:55, 140.500000, 140.500000, 139.500000, 140.000000, 83
2020/04/06 09:56, 140.000000, 140.000000, 139.500000, 139.500000, 26
2020/04/06 09:57, 140.000000, 140.000000, 139.500000, 140.000000, 14
2020/04/06 09:58, 140.000000, 140.000000, 139.500000, 140.000000, 54
2020/04/06 09:59, 140.000000, 140.500000, 139.500000, 140.500000, 39
2020/04/06 10:00, 140.500000, 141.000000, 140.500000, 141.000000, 111
2020/04/06 10:01, 140.500000, 141.000000, 140.000000, 140.000000, 73
2020/04/06 10:02, 140.000000, 140.000000, 139.500000, 140.000000, 45
2020/04/06 10:03, 140.000000, 140.000000, 140.000000, 140.000000, 28
2020/04/06 10:04, 140.000000, 140.000000, 140.000000, 140.000000, 40
2020/04/06 10:05, 139.500000, 140.000000, 139.500000, 139.500000, 7
2020/04/06 10:06, 139.500000, 139.500000, 139.000000, 139.000000, 74
2020/04/06 10:07, 139.000000, 139.000000, 138.500000, 138.500000, 43
2020/04/06 10:08, 139.000000, 139.000000, 138.500000, 138.500000, 40
2020/04/06 10:09, 139.000000, 139.000000, 138.500000, 139.000000, 9
2020/04/06 10:10, 139.000000, 139.000000, 138.500000, 139.000000, 21
2020/04/06 10:11, 139.000000, 139.000000, 138.500000, 138.500000, 15
2020/04/06 10:12, 138.500000, 139.000000, 138.500000, 139.000000, 5
2020/04/06 10:13, 138.500000, 139.000000, 138.500000, 139.000000, 12
2020/04/06 10:14, 138.500000, 139.000000, 138.500000, 139.000000, 8
2020/04/06 10:15, 139.000000, 139.000000, 139.000000, 139.000000, 19
2020/04/06 10:16, 139.000000, 139.000000, 138.500000, 138.500000, 27
2020/04/06 10:17, 138.500000, 138.500000, 138.500000, 138.500000, 8
2020/04/06 10:18, 138.500000, 138.500000, 138.500000, 138.500000, 9
2020/04/06 10:19, 138.500000, 138.500000, 138.000000, 138.000000, 67
2020/04/06 10:20, 138.000000, 138.000000, 137.500000, 137.500000, 79
2020/04/06 10:21, 137.500000, 138.500000, 137.500000, 138.500000, 14
2020/04/06 10:22, 138.000000, 138.500000, 138.000000, 138.500000, 5
2020/04/06 10:23, 138.000000, 138.000000, 138.000000, 138.000000, 2
2020/04/06 10:24, 138.500000, 138.500000, 138.000000, 138.500000, 4
2020/04/06 10:25, 138.500000, 138.500000, 138.000000, 138.000000, 2
2020/04/06 10:26, 138.500000, 138.500000, 137.500000, 138.000000, 35
2020/04/06 10:27, 138.000000, 138.000000, 138.000000, 138.000000, 17
2020/04/06 10:28, 138.000000, 138.500000, 138.000000, 138.500000, 8
2020/04/06 10:29, 138.500000, 138.500000, 138.000000, 138.500000, 8
2020/04/06 10:30, 138.000000, 138.000000, 138.000000, 138.000000, 15
2020/04/06 10:31, 138.000000, 138.000000, 138.000000, 138.000000, 6
2020/04/06 10:32, 138.000000, 138.000000, 138.000000, 138.000000, 4
2020/04/06 10:33, 138.000000, 138.000000, 138.000000, 138.000000, 3
2020/04/06 10:34, 138.000000, 138.500000, 138.000000, 138.500000, 17
2020/04/06 10:35, 138.500000, 138.500000, 138.000000, 138.500000, 29
2020/04/06 10:36, 138.500000, 138.500000, 138.000000, 138.000000, 23
2020/04/06 10:37, 138.000000, 138.000000, 137.000000, 137.000000, 67
2020/04/06 10:38, 137.000000, 137.500000, 137.000000, 137.500000, 50
2020/04/06 10:39, 137.500000, 137.500000, 137.500000, 137.500000, 9
2020/04/06 10:40, 137.500000, 137.500000, 137.500000, 137.500000, 11
2020/04/06 10:41, 137.500000, 137.500000, 137.500000, 137.500000, 15
2020/04/06 10:42, 137.500000, 138.000000, 137.500000, 138.000000, 5
2020/04/06 10:43, 137.500000, 137.500000, 137.500000, 137.500000, 2
2020/04/06 10:44, 137.500000, 137.500000, 137.500000, 137.500000, 2
2020/04/06 10:45, 137.500000, 137.500000, 137.500000, 137.500000, 1
2020/04/06 10:46, 137.500000, 137.500000, 137.500000, 137.500000, 2
2020/04/06 10:47, 137.500000, 137.500000, 137.500000, 137.500000, 22
2020/04/06 10:48, 137.500000, 138.000000, 137.500000, 138.000000, 11
2020/04/06 10:49, 138.000000, 138.000000, 138.000000, 138.000000, 5
2020/04/06 10:50, 138.000000, 138.000000, 137.500000, 138.000000, 17
2020/04/06 10:51, 138.000000, 138.000000, 137.500000, 138.000000, 8
2020/04/06 10:52, 138.000000, 138.000000, 138.000000, 138.000000, 5
2020/04/06 10:53, 138.000000, 138.000000, 138.000000, 138.000000, 1
2020/04/06 10:54, 137.500000, 137.500000, 137.500000, 137.500000, 3
2020/04/06 10:55, 137.500000, 137.500000, 137.500000, 137.500000, 0
2020/04/06 10:56, 137.500000, 137.500000, 137.500000, 137.500000, 0
2020/04/06 10:57, 137.500000, 137.500000, 137.500000, 137.500000, 3
2020/04/06 10:58, 137.500000, 137.500000, 137.500000, 137.500000, 0
2020/04/06 10:59, 137.500000, 137.500000, 137.500000, 137.500000, 1
2020/04/06 11:00, 137.500000, 137.500000, 137.500000, 137.500000, 2
2020/04/06 11:01, 137.500000, 137.500000, 137.500000, 137.500000, 0
2020/04/06 11:02, 137.500000, 137.500000, 137.500000, 137.500000, 41
2020/04/06 11:03, 137.500000, 137.500000, 137.500000, 137.500000, 11
2020/04/06 11:04, 138.000000, 138.000000, 137.500000, 138.000000, 12
2020/04/06 11:05, 138.000000, 138.000000, 138.000000, 138.000000, 15
2020/04/06 11:06, 138.500000, 138.500000, 138.000000, 138.000000, 11
2020/04/06 11:07, 137.500000, 138.000000, 137.500000, 138.000000, 8
2020/04/06 11:08, 138.000000, 138.000000, 138.000000, 138.000000, 3
2020/04/06 11:09, 137.500000, 137.500000, 137.000000, 137.000000, 44
2020/04/06 11:10, 137.000000, 137.500000, 137.000000, 137.500000, 9
2020/04/06 11:11, 137.000000, 137.000000, 137.000000, 137.000000, 14
2020/04/06 11:12, 137.000000, 137.000000, 137.000000, 137.000000, 3
2020/04/06 11:13, 137.000000, 137.500000, 137.000000, 137.000000, 6
2020/04/06 11:14, 137.000000, 137.500000, 137.000000, 137.000000, 7
2020/04/06 11:15, 137.000000, 137.500000, 137.000000, 137.000000, 6
2020/04/06 11:16, 137.000000, 137.000000, 137.000000, 137.000000, 63
2020/04/06 11:17, 137.000000, 137.000000, 137.000000, 137.000000, 21
2020/04/06 11:18, 137.500000, 137.500000, 137.000000, 137.000000, 7
2020/04/06 11:19, 137.000000, 137.000000, 137.000000, 137.000000, 2
2020/04/06 11:20, 137.000000, 137.000000, 137.000000, 137.000000, 21
2020/04/06 11:21, 137.000000, 137.000000, 137.000000, 137.000000, 10
2020/04/06 11:22, 137.000000, 137.000000, 137.000000, 137.000000, 4
2020/04/06 11:23, 137.000000, 137.000000, 137.000000, 137.000000, 2
2020/04/06 11:24, 137.000000, 137.000000, 137.000000, 137.000000, 8
2020/04/06 11:25, 137.000000, 137.000000, 136.500000, 137.000000, 33
2020/04/06 11:26, 136.500000, 137.000000, 136.500000, 136.500000, 6
2020/04/06 11:27, 136.500000, 136.500000, 136.500000, 136.500000, 0
2020/04/06 11:28, 136.500000, 136.500000, 136.500000, 136.500000, 2
2020/04/06 11:29, 136.500000, 137.000000, 136.500000, 136.500000, 6
2020/04/06 11:30, 136.500000, 136.500000, 136.500000, 136.500000, 3
2020/04/06 11:31, 136.500000, 137.000000, 136.500000, 136.500000, 9
2020/04/06 11:32, 137.000000, 137.000000, 136.500000, 136.500000, 14
2020/04/06 11:33, 137.000000, 137.000000, 137.000000, 137.000000, 1
2020/04/06 11:34, 137.000000, 137.000000, 136.500000, 137.000000, 15
2020/04/06 11:35, 137.000000, 137.500000, 137.000000, 137.500000, 45
2020/04/06 11:36, 137.500000, 137.500000, 137.500000, 137.500000, 4
2020/04/06 11:37, 137.500000, 137.500000, 137.500000, 137.500000, 17
2020/04/06 11:38, 137.500000, 137.500000, 137.000000, 137.000000, 3
2020/04/06 11:39, 137.500000, 137.500000, 137.500000, 137.500000, 3
2020/04/06 11:40, 137.500000, 137.500000, 137.500000, 137.500000, 0
2020/04/06 11:41, 137.500000, 137.500000, 137.000000, 137.000000, 2
2020/04/06 11:42, 137.000000, 137.000000, 137.000000, 137.000000, 1
2020/04/06 11:43, 137.000000, 137.000000, 137.000000, 137.000000, 4
2020/04/06 11:44, 137.000000, 137.000000, 137.000000, 137.000000, 32
2020/04/06 11:45, 137.000000, 137.000000, 137.000000, 137.000000, 4
2020/04/06 11:46, 136.500000, 136.500000, 136.500000, 136.500000, 5
2020/04/06 11:47, 136.500000, 136.500000, 136.500000, 136.500000, 0
2020/04/06 11:48, 136.500000, 136.500000, 136.500000, 136.500000, 1
2020/04/06 11:49, 136.500000, 136.500000, 136.500000, 136.500000, 7
2020/04/06 11:50, 136.500000, 136.500000, 136.500000, 136.500000, 5
2020/04/06 11:51, 136.500000, 137.000000, 136.500000, 137.000000, 4
2020/04/06 11:52, 137.000000, 137.000000, 137.000000, 137.000000, 0
2020/04/06 11:53, 137.000000, 137.000000, 137.000000, 137.000000, 3
2020/04/06 11:54, 137.000000, 137.000000, 136.500000, 137.000000, 33
2020/04/06 11:55, 137.000000, 137.000000, 137.000000, 137.000000, 0
2020/04/06 11:56, 137.000000, 137.000000, 137.000000, 137.000000, 10
2020/04/06 11:57, 137.000000, 137.000000, 137.000000, 137.000000, 7
2020/04/06 11:58, 137.000000, 137.000000, 137.000000, 137.000000, 2
2020/04/06 11:59, 137.000000, 137.000000, 137.000000, 137.000000, 4
2020/04/06 12:00, 137.000000, 137.000000, 137.000000, 137.000000, 1
2020/04/06 12:01, 137.000000, 137.000000, 137.000000, 137.000000, 3
2020/04/06 12:02, 137.000000, 137.000000, 137.000000, 137.000000, 13
2020/04/06 12:03, 136.500000, 136.500000, 136.500000, 136.500000, 1
2020/04/06 12:04, 137.000000, 137.000000, 137.000000, 137.000000, 6
2020/04/06 12:05, 137.000000, 137.000000, 137.000000, 137.000000, 6
2020/04/06 12:06, 137.000000, 137.000000, 137.000000, 137.000000, 7
2020/04/06 12:07, 137.000000, 137.000000, 137.000000, 137.000000, 2
2020/04/06 12:08, 137.500000, 137.500000, 137.500000, 137.500000, 1
2020/04/06 12:09, 137.500000, 137.500000, 137.500000, 137.500000, 0
2020/04/06 12:10, 137.500000, 137.500000, 137.500000, 137.500000, 1
2020/04/06 12:11, 137.000000, 137.000000, 137.000000, 137.000000, 3
2020/04/06 12:12, 137.000000, 137.000000, 137.000000, 137.000000, 0
2020/04/06 12:13, 137.000000, 137.000000, 137.000000, 137.000000, 1
2020/04/06 12:14, 137.000000, 137.000000, 137.000000, 137.000000, 1
2020/04/06 12:15, 137.000000, 137.000000, 137.000000, 137.000000, 1
2020/04/06 12:16, 137.000000, 137.000000, 137.000000, 137.000000, 2
2020/04/06 12:17, 137.000000, 137.000000, 137.000000, 137.000000, 2
2020/04/06 12:18, 137.000000, 137.000000, 137.000000, 137.000000, 6
2020/04/06 12:19, 137.000000, 137.000000, 137.000000, 137.000000, 1
2020/04/06 12:20, 137.000000, 137.500000, 137.000000, 137.000000, 19
2020/04/06 12:21, 137.000000, 137.000000, 137.000000, 137.000000, 2
2020/04/06 12:22, 137.000000, 137.000000, 137.000000, 137.000000, 5
2020/04/06 12:23, 137.000000, 137.000000, 136.500000, 137.000000, 4
2020/04/06 12:24, 136.500000, 136.500000, 136.500000, 136.500000, 9
2020/04/06 12:25, 136.500000, 137.000000, 136.500000, 137.000000, 3
2020/04/06 12:26, 137.000000, 137.000000, 136.500000, 136.500000, 3
2020/04/06 12:27, 136.500000, 136.500000, 136.500000, 136.500000, 2
2020/04/06 12:28, 136.500000, 137.000000, 136.500000, 137.000000, 16
2020/04/06 12:29, 137.000000, 137.500000, 137.000000, 137.500000, 5
2020/04/06 12:30, 137.500000, 137.500000, 137.500000, 137.500000, 1
2020/04/06 12:31, 137.000000, 137.000000, 137.000000, 137.000000, 5
2020/04/06 12:32, 137.000000, 137.000000, 137.000000, 137.000000, 10
2020/04/06 12:33, 137.000000, 137.000000, 137.000000, 137.000000, 1
2020/04/06 12:34, 137.000000, 137.000000, 137.000000, 137.000000, 0
2020/04/06 12:35, 137.000000, 137.000000, 136.500000, 136.500000, 2
2020/04/06 12:36, 137.000000, 137.000000, 137.000000, 137.000000, 1
2020/04/06 12:37, 136.500000, 137.000000, 136.500000, 137.000000, 4
2020/04/06 12:38, 137.000000, 137.000000, 137.000000, 137.000000, 1
2020/04/06 12:39, 137.000000, 137.000000, 136.500000, 137.000000, 4
2020/04/06 12:40, 137.000000, 137.000000, 137.000000, 137.000000, 0
2020/04/06 12:41, 136.500000, 136.500000, 136.500000, 136.500000, 1
2020/04/06 12:42, 136.500000, 137.000000, 136.500000, 137.000000, 2
2020/04/06 12:43, 137.000000, 137.000000, 136.500000, 136.500000, 6
2020/04/06 12:44, 137.000000, 137.000000, 136.500000, 136.500000, 12
2020/04/06 12:45, 136.500000, 136.500000, 136.500000, 136.500000, 2
2020/04/06 12:46, 136.500000, 137.000000, 136.500000, 137.000000, 4
2020/04/06 12:47, 137.000000, 137.000000, 137.000000, 137.000000, 39
2020/04/06 12:48, 137.500000, 137.500000, 137.500000, 137.500000, 3
2020/04/06 12:49, 137.500000, 137.500000, 137.000000, 137.500000, 4
2020/04/06 12:50, 137.500000, 137.500000, 137.000000, 137.000000, 5
2020/04/06 12:51, 137.000000, 137.000000, 137.000000, 137.000000, 2
2020/04/06 12:52, 137.000000, 137.000000, 137.000000, 137.000000, 0
2020/04/06 12:53, 137.500000, 137.500000, 137.000000, 137.000000, 7
2020/04/06 12:54, 137.500000, 137.500000, 137.000000, 137.000000, 3
2020/04/06 12:55, 137.000000, 137.000000, 137.000000, 137.000000, 4
2020/04/06 12:56, 137.500000, 137.500000, 137.500000, 137.500000, 13
2020/04/06 12:57, 137.500000, 137.500000, 137.500000, 137.500000, 2
2020/04/06 12:58, 137.500000, 137.500000, 137.500000, 137.500000, 4
2020/04/06 12:59, 137.500000, 137.500000, 137.500000, 137.500000, 0
2020/04/06 13:00, 137.500000, 137.500000, 137.500000, 137.500000, 0
2020/04/06 13:01, 137.000000, 137.500000, 137.000000, 137.500000, 4
2020/04/06 13:02, 137.500000, 137.500000, 137.000000, 137.000000, 44
2020/04/06 13:03, 137.000000, 137.000000, 137.000000, 137.000000, 93
2020/04/06 13:04, 136.500000, 137.000000, 136.500000, 136.500000, 9
2020/04/06 13:05, 137.000000, 137.000000, 137.000000, 137.000000, 3
2020/04/06 13:06, 137.000000, 137.000000, 136.500000, 136.500000, 6
2020/04/06 13:07, 136.500000, 136.500000, 136.000000, 136.000000, 92
2020/04/06 13:08, 136.500000, 136.500000, 136.000000, 136.000000, 12
2020/04/06 13:09, 136.000000, 136.500000, 136.000000, 136.000000, 29
2020/04/06 13:10, 136.000000, 136.000000, 136.000000, 136.000000, 87
2020/04/06 13:11, 136.000000, 136.000000, 136.000000, 136.000000, 63
2020/04/06 13:12, 136.000000, 136.500000, 136.000000, 136.000000, 42
2020/04/06 13:13, 136.000000, 136.000000, 135.500000, 136.000000, 12
2020/04/06 13:14, 136.000000, 136.500000, 136.000000, 136.000000, 3
2020/04/06 13:15, 136.000000, 136.000000, 136.000000, 136.000000, 26
2020/04/06 13:16, 136.000000, 136.000000, 136.000000, 136.000000, 28
2020/04/06 13:17, 136.000000, 136.500000, 136.000000, 136.000000, 40
2020/04/06 13:18, 136.000000, 136.000000, 136.000000, 136.000000, 6
2020/04/06 13:19, 136.500000, 136.500000, 136.500000, 136.500000, 19
2020/04/06 13:20, 136.500000, 136.500000, 136.500000, 136.500000, 10
2020/04/06 13:21, 136.000000, 136.500000, 136.000000, 136.500000, 11
2020/04/06 13:22, 136.500000, 136.500000, 136.000000, 136.500000, 17
2020/04/06 13:23, 136.500000, 136.500000, 136.000000, 136.000000, 5
2020/04/06 13:24, 136.500000, 136.500000, 136.000000, 136.000000, 13
2020/04/06 13:25, 136.500000, 136.500000, 136.000000, 136.500000, 22
2020/04/06 13:26, 136.500000, 136.500000, 136.500000, 136.500000, 0
2020/04/06 13:27, 136.500000, 136.500000, 136.500000, 136.500000, 0
2020/04/06 13:28, 136.500000, 136.500000, 136.500000, 136.500000, 0
2020/04/06 13:29, 136.500000, 136.500000, 136.500000, 136.500000, 0
2020/04/06 13:30, 136.500000, 136.500000, 136.500000, 136.500000, 272
2020/04/07 09:01, 135.000000, 136.500000, 135.000000, 136.500000, 233
2020/04/07 09:02, 136.000000, 136.500000, 135.500000, 136.000000, 86
2020/04/07 09:03, 136.000000, 137.000000, 136.000000, 136.500000, 75
2020/04/07 09:04, 136.500000, 138.000000, 136.000000, 137.500000, 145
2020/04/07 09:05, 137.500000, 138.000000, 136.000000, 136.500000, 78
2020/04/07 09:06, 137.000000, 137.000000, 136.500000, 136.500000, 24
2020/04/07 09:07, 136.500000, 137.000000, 136.000000, 136.500000, 43
2020/04/07 09:08, 136.500000, 136.500000, 135.500000, 135.500000, 53
2020/04/07 09:09, 136.000000, 136.500000, 135.000000, 136.000000, 87
2020/04/07 09:10, 136.000000, 136.500000, 136.000000, 136.000000, 26
2020/04/07 09:11, 136.000000, 136.000000, 135.500000, 136.000000, 33
2020/04/07 09:12, 136.000000, 136.000000, 135.500000, 135.500000, 13
2020/04/07 09:13, 135.500000, 136.000000, 135.500000, 135.500000, 13
2020/04/07 09:14, 136.000000, 136.000000, 135.500000, 136.000000, 21
2020/04/07 09:15, 135.500000, 136.500000, 135.500000, 136.500000, 40
2020/04/07 09:16, 136.500000, 137.000000, 136.500000, 136.500000, 54
2020/04/07 09:17, 136.500000, 137.500000, 136.500000, 136.500000, 37
2020/04/07 09:18, 137.000000, 137.500000, 136.500000, 137.000000, 37
2020/04/07 09:19, 137.000000, 137.500000, 137.000000, 137.000000, 28
2020/04/07 09:20, 136.500000, 137.000000, 136.500000, 136.500000, 8
2020/04/07 09:21, 136.500000, 136.500000, 136.500000, 136.500000, 43
2020/04/07 09:22, 136.500000, 136.500000, 136.500000, 136.500000, 12
2020/04/07 09:23, 136.500000, 136.500000, 136.000000, 136.500000, 8
2020/04/07 09:24, 136.500000, 136.500000, 136.000000, 136.000000, 8
2020/04/07 09:25, 136.000000, 136.500000, 136.000000, 136.000000, 9
2020/04/07 09:26, 136.000000, 136.000000, 135.500000, 136.000000, 29
2020/04/07 09:27, 136.000000, 136.000000, 135.500000, 136.000000, 13
2020/04/07 09:28, 136.000000, 136.000000, 136.000000, 136.000000, 10
2020/04/07 09:29, 136.000000, 136.000000, 136.000000, 136.000000, 8
2020/04/07 09:30, 136.000000, 136.000000, 136.000000, 136.000000, 11
2020/04/07 09:31, 136.000000, 136.500000, 136.000000, 136.500000, 3
2020/04/07 09:32, 136.500000, 136.500000, 136.500000, 136.500000, 0
2020/04/07 09:33, 136.000000, 136.000000, 136.000000, 136.000000, 5
2020/04/07 09:34, 136.000000, 136.000000, 135.500000, 135.500000, 37
2020/04/07 09:35, 136.000000, 136.000000, 135.500000, 136.000000, 6
2020/04/07 09:36, 136.000000, 136.000000, 135.500000, 136.000000, 5
2020/04/07 09:37, 136.000000, 136.000000, 136.000000, 136.000000, 5
2020/04/07 09:38, 136.000000, 136.000000, 135.000000, 135.000000, 70
2020/04/07 09:39, 135.000000, 135.500000, 135.000000, 135.000000, 206
2020/04/07 09:40, 135.000000, 135.500000, 135.000000, 135.000000, 29
2020/04/07 09:41, 135.000000, 135.000000, 134.500000, 134.500000, 66
2020/04/07 09:42, 134.500000, 134.500000, 134.000000, 134.500000, 77
2020/04/07 09:43, 134.500000, 136.000000, 134.000000, 135.000000, 109
2020/04/07 09:44, 135.000000, 135.500000, 135.000000, 135.000000, 9
2020/04/07 09:45, 135.000000, 135.000000, 135.000000, 135.000000, 7
2020/04/07 09:46, 135.000000, 135.000000, 135.000000, 135.000000, 1
2020/04/07 09:47, 135.000000, 135.000000, 135.000000, 135.000000, 25
2020/04/07 09:48, 135.000000, 135.500000, 134.500000, 135.500000, 64
2020/04/07 09:49, 136.000000, 136.000000, 135.500000, 136.000000, 3
2020/04/07 09:50, 136.000000, 136.000000, 136.000000, 136.000000, 1
2020/04/07 09:51, 136.000000, 136.000000, 135.500000, 135.500000, 4
2020/04/07 09:52, 135.500000, 135.500000, 135.500000, 135.500000, 3
2020/04/07 09:53, 135.500000, 136.000000, 135.500000, 135.500000, 23
2020/04/07 09:54, 135.500000, 135.500000, 135.000000, 135.000000, 7
2020/04/07 09:55, 135.500000, 135.500000, 135.000000, 135.000000, 3
2020/04/07 09:56, 135.000000, 135.000000, 135.000000, 135.000000, 6
2020/04/07 09:57, 135.000000, 135.500000, 135.000000, 135.000000, 4
2020/04/07 09:58, 135.000000, 135.000000, 135.000000, 135.000000, 12
2020/04/07 09:59, 135.500000, 135.500000, 135.500000, 135.500000, 4
2020/04/07 10:00, 135.000000, 135.500000, 135.000000, 135.500000, 8
2020/04/07 10:01, 135.500000, 135.500000, 135.500000, 135.500000, 3
2020/04/07 10:02, 135.500000, 135.500000, 135.500000, 135.500000, 8
2020/04/07 10:03, 135.500000, 135.500000, 135.500000, 135.500000, 2
2020/04/07 10:04, 135.500000, 135.500000, 135.000000, 135.000000, 10
2020/04/07 10:05, 135.500000, 135.500000, 135.000000, 135.000000, 14
2020/04/07 10:06, 135.000000, 135.000000, 135.000000, 135.000000, 12
2020/04/07 10:07, 135.000000, 135.000000, 135.000000, 135.000000, 17
2020/04/07 10:08, 135.000000, 135.000000, 134.500000, 135.000000, 10
2020/04/07 10:09, 134.500000, 135.000000, 134.500000, 135.000000, 13
2020/04/07 10:10, 135.000000, 135.000000, 135.000000, 135.000000, 18
2020/04/07 10:11, 135.000000, 135.500000, 134.500000, 135.000000, 42
2020/04/07 10:12, 135.000000, 135.000000, 135.000000, 135.000000, 7
2020/04/07 10:13, 135.000000, 135.000000, 135.000000, 135.000000, 23
2020/04/07 10:14, 135.500000, 135.500000, 134.500000, 134.500000, 19
2020/04/07 10:15, 134.500000, 134.500000, 134.500000, 134.500000, 12
2020/04/07 10:16, 134.500000, 135.000000, 134.500000, 135.000000, 11
2020/04/07 10:17, 134.500000, 134.500000, 134.500000, 134.500000, 7
2020/04/07 10:18, 134.500000, 134.500000, 134.500000, 134.500000, 29
2020/04/07 10:19, 134.500000, 134.500000, 134.000000, 134.500000, 17
2020/04/07 10:20, 134.000000, 134.500000, 134.000000, 134.500000, 21
2020/04/07 10:21, 134.500000, 134.500000, 134.500000, 134.500000, 9
2020/04/07 10:22, 134.500000, 134.500000, 134.500000, 134.500000, 17
2020/04/07 10:23, 134.500000, 134.500000, 134.500000, 134.500000, 1
2020/04/07 10:24, 134.500000, 134.500000, 134.000000, 134.000000, 15
2020/04/07 10:25, 134.000000, 134.000000, 134.000000, 134.000000, 5
2020/04/07 10:26, 134.000000, 134.500000, 134.000000, 134.000000, 4
2020/04/07 10:27, 134.000000, 134.000000, 134.000000, 134.000000, 6
2020/04/07 10:28, 134.000000, 134.500000, 133.500000, 133.500000, 121
2020/04/07 10:29, 133.500000, 133.500000, 133.500000, 133.500000, 105
2020/04/07 10:30, 133.500000, 134.000000, 133.000000, 134.000000, 58
2020/04/07 10:31, 134.000000, 134.000000, 133.500000, 133.500000, 14
2020/04/07 10:32, 134.000000, 134.500000, 134.000000, 134.000000, 34
2020/04/07 10:33, 134.000000, 134.000000, 134.000000, 134.000000, 2
2020/04/07 10:34, 134.000000, 134.000000, 134.000000, 134.000000, 9
2020/04/07 10:35, 134.000000, 134.000000, 134.000000, 134.000000, 17
2020/04/07 10:36, 134.000000, 134.000000, 133.500000, 133.500000, 8
2020/04/07 10:37, 134.000000, 134.000000, 134.000000, 134.000000, 3
2020/04/07 10:38, 134.000000, 134.000000, 134.000000, 134.000000, 12
2020/04/07 10:39, 134.000000, 134.000000, 134.000000, 134.000000, 4
2020/04/07 10:40, 134.000000, 134.000000, 134.000000, 134.000000, 5
2020/04/07 10:41, 134.000000, 134.000000, 134.000000, 134.000000, 1
2020/04/07 10:42, 134.000000, 134.000000, 134.000000, 134.000000, 6
2020/04/07 10:43, 134.000000, 134.000000, 134.000000, 134.000000, 1
2020/04/07 10:44, 134.000000, 134.000000, 134.000000, 134.000000, 2
2020/04/07 10:45, 134.500000, 134.500000, 134.000000, 134.500000, 28
2020/04/07 10:46, 134.500000, 134.500000, 134.500000, 134.500000, 3
2020/04/07 10:47, 134.500000, 134.500000, 134.500000, 134.500000, 0
2020/04/07 10:48, 134.500000, 134.500000, 134.500000, 134.500000, 0
2020/04/07 10:49, 134.500000, 134.500000, 134.500000, 134.500000, 9
2020/04/07 10:50, 135.000000, 135.000000, 134.500000, 135.000000, 3
2020/04/07 10:51, 135.000000, 135.000000, 135.000000, 135.000000, 2
2020/04/07 10:52, 134.500000, 135.000000, 134.500000, 135.000000, 6
2020/04/07 10:53, 135.000000, 135.000000, 135.000000, 135.000000, 0
2020/04/07 10:54, 135.000000, 135.000000, 135.000000, 135.000000, 0
2020/04/07 10:55, 135.000000, 135.000000, 135.000000, 135.000000, 0
2020/04/07 10:56, 135.000000, 135.000000, 135.000000, 135.000000, 10
2020/04/07 10:57, 135.000000, 135.500000, 135.000000, 135.500000, 51
2020/04/07 10:58, 135.500000, 135.500000, 135.000000, 135.500000, 47
2020/04/07 10:59, 135.500000, 136.000000, 135.500000, 135.500000, 18
2020/04/07 11:00, 135.500000, 135.500000, 135.500000, 135.500000, 8
2020/04/07 11:01, 135.000000, 135.000000, 135.000000, 135.000000, 2
2020/04/07 11:02, 135.000000, 135.000000, 135.000000, 135.000000, 15
2020/04/07 11:03, 135.000000, 135.000000, 135.000000, 135.000000, 2
2020/04/07 11:04, 135.000000, 135.000000, 135.000000, 135.000000, 8
2020/04/07 11:05, 135.000000, 135.000000, 134.500000, 134.500000, 2
2020/04/07 11:06, 135.000000, 135.000000, 135.000000, 135.000000, 4
2020/04/07 11:07, 135.000000, 135.000000, 135.000000, 135.000000, 20
2020/04/07 11:08, 135.000000, 135.000000, 135.000000, 135.000000, 4
2020/04/07 11:09, 135.000000, 135.000000, 135.000000, 135.000000, 3
2020/04/07 11:10, 134.500000, 135.000000, 134.500000, 135.000000, 2
2020/04/07 11:11, 135.000000, 135.000000, 135.000000, 135.000000, 1
2020/04/07 11:12, 135.000000, 135.000000, 135.000000, 135.000000, 2
2020/04/07 11:13, 135.000000, 135.000000, 135.000000, 135.000000, 2
2020/04/07 11:14, 135.000000, 135.000000, 135.000000, 135.000000, 0
2020/04/07 11:15, 135.000000, 135.000000, 135.000000, 135.000000, 1
2020/04/07 11:16, 135.500000, 135.500000, 135.500000, 135.500000, 1
2020/04/07 11:17, 135.000000, 135.000000, 135.000000, 135.000000, 6
2020/04/07 11:18, 135.000000, 135.000000, 135.000000, 135.000000, 12
2020/04/07 11:19, 135.000000, 135.000000, 135.000000, 135.000000, 8
2020/04/07 11:20, 134.500000, 134.500000, 134.500000, 134.500000, 2
2020/04/07 11:21, 134.500000, 134.500000, 134.500000, 134.500000, 1
2020/04/07 11:22, 134.500000, 134.500000, 134.500000, 134.500000, 1
2020/04/07 11:23, 134.500000, 134.500000, 134.500000, 134.500000, 4
2020/04/07 11:24, 134.500000, 134.500000, 134.500000, 134.500000, 5
2020/04/07 11:25, 134.500000, 134.500000, 134.500000, 134.500000, 1
2020/04/07 11:26, 134.500000, 134.500000, 134.500000, 134.500000, 22
2020/04/07 11:27, 134.500000, 134.500000, 134.500000, 134.500000, 2
2020/04/07 11:28, 134.500000, 134.500000, 134.500000, 134.500000, 1
2020/04/07 11:29, 134.500000, 134.500000, 134.500000, 134.500000, 0
2020/04/07 11:30, 134.500000, 134.500000, 134.500000, 134.500000, 1
2020/04/07 11:31, 134.500000, 134.500000, 134.500000, 134.500000, 7
2020/04/07 11:32, 134.500000, 134.500000, 134.500000, 134.500000, 1
2020/04/07 11:33, 134.500000, 134.500000, 134.500000, 134.500000, 0
2020/04/07 11:34, 134.500000, 134.500000, 134.000000, 134.000000, 6
2020/04/07 11:35, 134.000000, 134.000000, 134.000000, 134.000000, 0
2020/04/07 11:36, 134.500000, 134.500000, 134.500000, 134.500000, 4
2020/04/07 11:37, 134.500000, 135.000000, 134.500000, 135.000000, 3
2020/04/07 11:38, 134.500000, 134.500000, 134.500000, 134.500000, 1
2020/04/07 11:39, 134.500000, 134.500000, 134.500000, 134.500000, 5
2020/04/07 11:40, 134.500000, 134.500000, 134.500000, 134.500000, 0
2020/04/07 11:41, 134.500000, 134.500000, 134.500000, 134.500000, 1
2020/04/07 11:42, 134.500000, 134.500000, 134.500000, 134.500000, 2
2020/04/07 11:43, 135.000000, 135.000000, 135.000000, 135.000000, 32
2020/04/07 11:44, 135.000000, 135.000000, 135.000000, 135.000000, 9
2020/04/07 11:45, 135.000000, 135.000000, 135.000000, 135.000000, 1
2020/04/07 11:46, 135.000000, 135.000000, 135.000000, 135.000000, 2
2020/04/07 11:47, 135.000000, 135.000000, 135.000000, 135.000000, 3
2020/04/07 11:48, 135.000000, 135.000000, 135.000000, 135.000000, 5
2020/04/07 11:49, 135.000000, 135.000000, 135.000000, 135.000000, 1
2020/04/07 11:50, 135.000000, 135.000000, 135.000000, 135.000000, 10
2020/04/07 11:51, 135.000000, 135.000000, 135.000000, 135.000000, 1
2020/04/07 11:52, 135.000000, 135.000000, 135.000000, 135.000000, 10
2020/04/07 11:53, 135.000000, 135.000000, 135.000000, 135.000000, 1
2020/04/07 11:54, 135.000000, 135.000000, 135.000000, 135.000000, 1
2020/04/07 11:55, 134.500000, 134.500000, 134.500000, 134.500000, 1
2020/04/07 11:56, 134.500000, 134.500000, 134.500000, 134.500000, 1
2020/04/07 11:57, 134.500000, 134.500000, 134.500000, 134.500000, 0
2020/04/07 11:58, 134.500000, 134.500000, 134.500000, 134.500000, 23
2020/04/07 11:59, 134.500000, 134.500000, 134.000000, 134.500000, 7
2020/04/07 12:00, 134.500000, 134.500000, 134.500000, 134.500000, 4
2020/04/07 12:01, 134.500000, 134.500000, 134.500000, 134.500000, 1
2020/04/07 12:02, 134.500000, 134.500000, 134.000000, 134.000000, 26
2020/04/07 12:03, 134.000000, 134.500000, 134.000000, 134.500000, 3
2020/04/07 12:04, 134.500000, 134.500000, 134.500000, 134.500000, 0
2020/04/07 12:05, 134.500000, 134.500000, 134.500000, 134.500000, 9
2020/04/07 12:06, 134.500000, 134.500000, 134.500000, 134.500000, 6
2020/04/07 12:07, 134.500000, 134.500000, 134.500000, 134.500000, 2
2020/04/07 12:08, 134.500000, 134.500000, 134.500000, 134.500000, 3
2020/04/07 12:09, 135.000000, 135.000000, 135.000000, 135.000000, 9
2020/04/07 12:10, 135.000000, 135.000000, 135.000000, 135.000000, 0
2020/04/07 12:11, 135.000000, 135.000000, 135.000000, 135.000000, 0
2020/04/07 12:12, 135.000000, 135.000000, 135.000000, 135.000000, 1
2020/04/07 12:13, 135.000000, 135.000000, 135.000000, 135.000000, 0
2020/04/07 12:14, 135.000000, 135.000000, 135.000000, 135.000000, 0
2020/04/07 12:15, 135.000000, 135.000000, 135.000000, 135.000000, 0
2020/04/07 12:16, 135.000000, 135.000000, 135.000000, 135.000000, 0
2020/04/07 12:17, 134.500000, 134.500000, 134.500000, 134.500000, 28
2020/04/07 12:18, 134.500000, 134.500000, 134.500000, 134.500000, 6
2020/04/07 12:19, 134.500000, 134.500000, 134.000000, 134.000000, 2
2020/04/07 12:20, 134.500000, 134.500000, 134.500000, 134.500000, 2
2020/04/07 12:21, 134.500000, 134.500000, 134.500000, 134.500000, 0
2020/04/07 12:22, 134.500000, 134.500000, 134.500000, 134.500000, 1
2020/04/07 12:23, 134.500000, 135.000000, 134.500000, 135.000000, 16
2020/04/07 12:24, 135.000000, 135.000000, 135.000000, 135.000000, 0
2020/04/07 12:25, 135.000000, 135.000000, 135.000000, 135.000000, 0
2020/04/07 12:26, 135.000000, 135.000000, 135.000000, 135.000000, 0
2020/04/07 12:27, 135.000000, 135.000000, 135.000000, 135.000000, 5
2020/04/07 12:28, 135.000000, 135.000000, 135.000000, 135.000000, 1
2020/04/07 12:29, 134.500000, 134.500000, 134.500000, 134.500000, 11
2020/04/07 12:30, 134.500000, 134.500000, 134.500000, 134.500000, 8
2020/04/07 12:31, 134.500000, 134.500000, 134.500000, 134.500000, 1
2020/04/07 12:32, 134.500000, 134.500000, 134.500000, 134.500000, 1
2020/04/07 12:33, 134.500000, 134.500000, 134.500000, 134.500000, 3
2020/04/07 12:34, 134.500000, 134.500000, 134.500000, 134.500000, 9
2020/04/07 12:35, 134.500000, 134.500000, 134.500000, 134.500000, 2
2020/04/07 12:36, 135.000000, 135.000000, 134.500000, 134.500000, 3
2020/04/07 12:37, 134.500000, 134.500000, 134.500000, 134.500000, 10
2020/04/07 12:38, 134.500000, 134.500000, 134.500000, 134.500000, 3
2020/04/07 12:39, 134.500000, 134.500000, 134.500000, 134.500000, 2
2020/04/07 12:40, 134.500000, 134.500000, 134.500000, 134.500000, 0
2020/04/07 12:41, 134.500000, 135.000000, 134.500000, 135.000000, 32
2020/04/07 12:42, 135.000000, 135.000000, 135.000000, 135.000000, 34
2020/04/07 12:43, 135.000000, 135.000000, 135.000000, 135.000000, 4
2020/04/07 12:44, 135.000000, 135.000000, 135.000000, 135.000000, 7
2020/04/07 12:45, 134.500000, 134.500000, 134.500000, 134.500000, 3
2020/04/07 12:46, 134.500000, 134.500000, 134.500000, 134.500000, 2
2020/04/07 12:47, 134.500000, 134.500000, 134.500000, 134.500000, 0
2020/04/07 12:48, 134.500000, 134.500000, 134.500000, 134.500000, 2
2020/04/07 12:49, 134.500000, 134.500000, 134.500000, 134.500000, 35
2020/04/07 12:50, 134.500000, 134.500000, 134.500000, 134.500000, 1
2020/04/07 12:51, 134.500000, 134.500000, 134.500000, 134.500000, 4
2020/04/07 12:52, 134.500000, 134.500000, 134.500000, 134.500000, 2
2020/04/07 12:53, 134.500000, 135.000000, 134.500000, 135.000000, 30
2020/04/07 12:54, 135.000000, 135.000000, 135.000000, 135.000000, 9
2020/04/07 12:55, 135.000000, 135.000000, 135.000000, 135.000000, 9
2020/04/07 12:56, 135.000000, 135.000000, 135.000000, 135.000000, 10
2020/04/07 12:57, 134.500000, 135.000000, 134.500000, 134.500000, 12
2020/04/07 12:58, 135.000000, 135.000000, 135.000000, 135.000000, 5
2020/04/07 12:59, 135.000000, 135.000000, 135.000000, 135.000000, 3
2020/04/07 13:00, 135.000000, 135.000000, 135.000000, 135.000000, 4
2020/04/07 13:01, 135.000000, 135.000000, 135.000000, 135.000000, 9
2020/04/07 13:02, 135.000000, 135.000000, 135.000000, 135.000000, 8
2020/04/07 13:03, 135.000000, 135.000000, 134.500000, 135.000000, 10
2020/04/07 13:04, 135.000000, 135.000000, 135.000000, 135.000000, 1
2020/04/07 13:05, 134.500000, 135.000000, 134.500000, 135.000000, 6
2020/04/07 13:06, 135.000000, 135.000000, 135.000000, 135.000000, 6
2020/04/07 13:07, 135.000000, 135.000000, 135.000000, 135.000000, 10
2020/04/07 13:08, 135.000000, 135.000000, 134.500000, 135.000000, 16
2020/04/07 13:09, 134.500000, 134.500000, 134.500000, 134.500000, 4
2020/04/07 13:10, 134.500000, 135.000000, 134.500000, 135.000000, 3
2020/04/07 13:11, 134.500000, 134.500000, 134.500000, 134.500000, 5
2020/04/07 13:12, 134.500000, 134.500000, 134.500000, 134.500000, 0
2020/04/07 13:13, 134.500000, 135.000000, 134.500000, 135.000000, 23
2020/04/07 13:14, 134.500000, 135.000000, 134.500000, 135.000000, 10
2020/04/07 13:15, 134.500000, 135.000000, 134.500000, 134.500000, 6
2020/04/07 13:16, 134.500000, 135.000000, 134.500000, 134.500000, 6
2020/04/07 13:17, 134.500000, 135.000000, 134.500000, 134.500000, 22
2020/04/07 13:18, 134.500000, 135.000000, 134.500000, 135.000000, 12
2020/04/07 13:19, 134.500000, 135.000000, 134.500000, 134.500000, 8
2020/04/07 13:20, 134.500000, 135.000000, 134.500000, 134.500000, 38
2020/04/07 13:21, 135.000000, 135.000000, 134.500000, 134.500000, 21
2020/04/07 13:22, 134.500000, 135.000000, 134.500000, 134.500000, 5
2020/04/07 13:23, 134.500000, 134.500000, 134.500000, 134.500000, 34
2020/04/07 13:24, 134.000000, 135.000000, 134.000000, 134.000000, 31
2020/04/07 13:25, 134.500000, 135.000000, 134.000000, 135.000000, 32
2020/04/07 13:26, 135.000000, 135.000000, 135.000000, 135.000000, 0
2020/04/07 13:27, 135.000000, 135.000000, 135.000000, 135.000000, 0
2020/04/07 13:28, 135.000000, 135.000000, 135.000000, 135.000000, 0
2020/04/07 13:29, 135.000000, 135.000000, 135.000000, 135.000000, 0
2020/04/07 13:30, 134.500000, 134.500000, 134.500000, 134.500000, 282
2020/04/08 09:01, 136.000000, 136.500000, 135.500000, 136.000000, 115
2020/04/08 09:02, 136.000000, 137.000000, 136.000000, 136.500000, 91
2020/04/08 09:03, 136.000000, 136.500000, 135.500000, 136.000000, 76
2020/04/08 09:04, 136.500000, 137.000000, 136.000000, 136.500000, 40
2020/04/08 09:05, 136.500000, 137.500000, 136.500000, 137.000000, 78
2020/04/08 09:06, 137.000000, 137.000000, 137.000000, 137.000000, 63
2020/04/08 09:07, 137.500000, 137.500000, 137.000000, 137.000000, 42
2020/04/08 09:08, 137.000000, 138.000000, 137.000000, 138.000000, 86
2020/04/08 09:09, 137.500000, 138.000000, 137.500000, 137.500000, 31
2020/04/08 09:10, 138.000000, 138.000000, 137.000000, 137.500000, 89
2020/04/08 09:11, 137.500000, 137.500000, 137.000000, 137.000000, 25
2020/04/08 09:12, 137.000000, 137.500000, 136.500000, 137.000000, 43
2020/04/08 09:13, 137.000000, 137.000000, 136.500000, 136.500000, 19
2020/04/08 09:14, 136.500000, 136.500000, 136.000000, 136.000000, 68
2020/04/08 09:15, 136.500000, 136.500000, 136.000000, 136.000000, 16
2020/04/08 09:16, 136.500000, 136.500000, 136.000000, 136.500000, 10
2020/04/08 09:17, 136.500000, 136.500000, 136.000000, 136.000000, 28
2020/04/08 09:18, 136.000000, 136.000000, 135.000000, 135.000000, 107
2020/04/08 09:19, 135.500000, 135.500000, 135.000000, 135.500000, 45
2020/04/08 09:20, 135.500000, 135.500000, 135.000000, 135.500000, 25
2020/04/08 09:21, 135.500000, 136.000000, 135.500000, 135.500000, 24
2020/04/08 09:22, 135.500000, 136.000000, 135.500000, 135.500000, 30
2020/04/08 09:23, 135.500000, 135.500000, 135.000000, 135.500000, 37
2020/04/08 09:24, 135.500000, 135.500000, 135.500000, 135.500000, 15
2020/04/08 09:25, 135.500000, 136.000000, 135.500000, 135.500000, 14
2020/04/08 09:26, 135.500000, 135.500000, 135.500000, 135.500000, 4
2020/04/08 09:27, 135.500000, 135.500000, 135.500000, 135.500000, 20
2020/04/08 09:28, 135.500000, 135.500000, 135.000000, 135.000000, 14
2020/04/08 09:29, 135.000000, 135.500000, 135.000000, 135.000000, 17
2020/04/08 09:30, 135.000000, 135.000000, 135.000000, 135.000000, 24
2020/04/08 09:31, 135.000000, 135.000000, 134.500000, 135.000000, 54
2020/04/08 09:32, 135.000000, 135.000000, 135.000000, 135.000000, 15
2020/04/08 09:33, 135.000000, 135.000000, 134.500000, 135.000000, 8
2020/04/08 09:34, 134.500000, 135.000000, 134.500000, 134.500000, 37
2020/04/08 09:35, 134.500000, 134.500000, 134.000000, 134.000000, 15
2020/04/08 09:36, 134.500000, 134.500000, 134.000000, 134.000000, 20
2020/04/08 09:37, 134.000000, 134.500000, 134.000000, 134.000000, 18
2020/04/08 09:38, 134.000000, 134.000000, 134.000000, 134.000000, 33
2020/04/08 09:39, 134.000000, 134.000000, 133.500000, 133.500000, 46
2020/04/08 09:40, 133.500000, 134.000000, 133.500000, 134.000000, 27
2020/04/08 09:41, 134.500000, 134.500000, 134.500000, 134.500000, 33
2020/04/08 09:42, 134.500000, 134.500000, 134.500000, 134.500000, 16
2020/04/08 09:43, 134.500000, 134.500000, 134.500000, 134.500000, 3
2020/04/08 09:44, 134.500000, 134.500000, 134.500000, 134.500000, 2
2020/04/08 09:45, 134.500000, 134.500000, 134.500000, 134.500000, 2
2020/04/08 09:46, 134.500000, 134.500000, 134.500000, 134.500000, 4
2020/04/08 09:47, 134.500000, 134.500000, 134.500000, 134.500000, 2
2020/04/08 09:48, 134.500000, 134.500000, 134.500000, 134.500000, 4
2020/04/08 09:49, 134.000000, 134.000000, 134.000000, 134.000000, 1
2020/04/08 09:50, 134.000000, 134.000000, 134.000000, 134.000000, 1
2020/04/08 09:51, 134.000000, 134.000000, 134.000000, 134.000000, 5
2020/04/08 09:52, 134.000000, 134.000000, 134.000000, 134.000000, 1
2020/04/08 09:53, 134.500000, 134.500000, 134.500000, 134.500000, 1
2020/04/08 09:54, 134.500000, 134.500000, 134.500000, 134.500000, 6
2020/04/08 09:55, 134.500000, 134.500000, 134.000000, 134.000000, 2
2020/04/08 09:56, 134.500000, 134.500000, 134.500000, 134.500000, 4
2020/04/08 09:57, 134.500000, 135.000000, 134.500000, 135.000000, 45
2020/04/08 09:58, 135.000000, 135.000000, 135.000000, 135.000000, 30
2020/04/08 09:59, 135.000000, 135.000000, 134.500000, 134.500000, 41
2020/04/08 10:00, 134.500000, 134.500000, 134.500000, 134.500000, 3
2020/04/08 10:01, 134.500000, 134.500000, 134.500000, 134.500000, 2
2020/04/08 10:02, 134.500000, 134.500000, 134.500000, 134.500000, 0
2020/04/08 10:03, 134.500000, 134.500000, 134.500000, 134.500000, 8
2020/04/08 10:04, 134.500000, 134.500000, 134.500000, 134.500000, 1
2020/04/08 10:05, 134.500000, 135.000000, 134.000000, 135.000000, 9
2020/04/08 10:06, 135.000000, 135.000000, 135.000000, 135.000000, 4
2020/04/08 10:07, 135.000000, 135.000000, 135.000000, 135.000000, 4
2020/04/08 10:08, 135.000000, 135.000000, 135.000000, 135.000000, 2
2020/04/08 10:09, 135.000000, 135.000000, 134.500000, 134.500000, 17
2020/04/08 10:10, 134.000000, 134.500000, 134.000000, 134.500000, 2
2020/04/08 10:11, 134.500000, 134.500000, 134.500000, 134.500000, 1
2020/04/08 10:12, 134.500000, 134.500000, 134.500000, 134.500000, 0
2020/04/08 10:13, 134.500000, 134.500000, 134.500000, 134.500000, 42
2020/04/08 10:14, 134.500000, 134.500000, 134.500000, 134.500000, 2
2020/04/08 10:15, 134.500000, 134.500000, 134.500000, 134.500000, 2
2020/04/08 10:16, 134.500000, 135.000000, 134.500000, 134.500000, 7
2020/04/08 10:17, 134.500000, 134.500000, 134.500000, 134.500000, 12
2020/04/08 10:18, 134.500000, 135.000000, 134.500000, 135.000000, 3
2020/04/08 10:19, 135.000000, 135.000000, 135.000000, 135.000000, 1
2020/04/08 10:20, 135.000000, 135.000000, 135.000000, 135.000000, 5
2020/04/08 10:21, 135.000000, 135.000000, 135.000000, 135.000000, 1
2020/04/08 10:22, 135.000000, 135.000000, 135.000000, 135.000000, 1
2020/04/08 10:23, 135.000000, 135.000000, 135.000000, 135.000000, 6
2020/04/08 10:24, 135.000000, 135.000000, 134.500000, 134.500000, 5
2020/04/08 10:25, 134.500000, 134.500000, 134.500000, 134.500000, 1
2020/04/08 10:26, 134.500000, 134.500000, 134.500000, 134.500000, 1
2020/04/08 10:27, 134.500000, 134.500000, 134.500000, 134.500000, 22
2020/04/08 10:28, 134.000000, 134.500000, 134.000000, 134.500000, 5
2020/04/08 10:29, 134.500000, 134.500000, 134.500000, 134.500000, 2
2020/04/08 10:30, 134.000000, 134.500000, 134.000000, 134.500000, 2
2020/04/08 10:31, 134.500000, 134.500000, 134.500000, 134.500000, 0
2020/04/08 10:32, 134.500000, 134.500000, 134.500000, 134.500000, 0
2020/04/08 10:33, 134.500000, 134.500000, 134.500000, 134.500000, 16
2020/04/08 10:34, 134.500000, 134.500000, 134.500000, 134.500000, 0
2020/04/08 10:35, 134.500000, 134.500000, 134.500000, 134.500000, 0
2020/04/08 10:36, 134.500000, 134.500000, 134.500000, 134.500000, 2
2020/04/08 10:37, 134.500000, 134.500000, 134.500000, 134.500000, 1
2020/04/08 10:38, 134.500000, 134.500000, 134.500000, 134.500000, 3
2020/04/08 10:39, 134.500000, 134.500000, 134.500000, 134.500000, 1
2020/04/08 10:40, 134.500000, 134.500000, 134.500000, 134.500000, 1
2020/04/08 10:41, 134.500000, 134.500000, 134.500000, 134.500000, 4
2020/04/08 10:42, 134.500000, 134.500000, 134.500000, 134.500000, 6
2020/04/08 10:43, 135.000000, 135.000000, 134.000000, 134.500000, 9
2020/04/08 10:44, 134.500000, 134.500000, 134.500000, 134.500000, 1
2020/04/08 10:45, 134.500000, 134.500000, 134.500000, 134.500000, 0
2020/04/08 10:46, 134.500000, 134.500000, 134.500000, 134.500000, 1
2020/04/08 10:47, 134.500000, 134.500000, 134.500000, 134.500000, 7
2020/04/08 10:48, 134.500000, 134.500000, 134.000000, 134.500000, 7
2020/04/08 10:49, 134.500000, 134.500000, 134.500000, 134.500000, 0
2020/04/08 10:50, 134.500000, 134.500000, 134.500000, 134.500000, 0
2020/04/08 10:51, 134.500000, 134.500000, 134.500000, 134.500000, 1
2020/04/08 10:52, 134.500000, 135.000000, 134.500000, 134.500000, 5
2020/04/08 10:53, 134.500000, 134.500000, 134.500000, 134.500000, 4
2020/04/08 10:54, 134.500000, 134.500000, 134.500000, 134.500000, 4
2020/04/08 10:55, 134.500000, 134.500000, 134.500000, 134.500000, 0
2020/04/08 10:56, 134.500000, 134.500000, 134.500000, 134.500000, 1
2020/04/08 10:57, 134.500000, 134.500000, 134.500000, 134.500000, 0
2020/04/08 10:58, 134.500000, 134.500000, 134.500000, 134.500000, 2
2020/04/08 10:59, 134.500000, 134.500000, 134.500000, 134.500000, 1
2020/04/08 11:00, 134.500000, 135.000000, 134.500000, 135.000000, 23
2020/04/08 11:01, 135.000000, 135.000000, 135.000000, 135.000000, 25
2020/04/08 11:02, 135.500000, 135.500000, 135.000000, 135.000000, 23
2020/04/08 11:03, 135.500000, 135.500000, 135.000000, 135.500000, 27
2020/04/08 11:04, 135.500000, 135.500000, 135.500000, 135.500000, 15
2020/04/08 11:05, 135.500000, 135.500000, 135.500000, 135.500000, 4
2020/04/08 11:06, 135.500000, 135.500000, 135.500000, 135.500000, 1
2020/04/08 11:07, 135.500000, 135.500000, 135.500000, 135.500000, 7
2020/04/08 11:08, 135.500000, 135.500000, 135.500000, 135.500000, 10
2020/04/08 11:09, 135.500000, 135.500000, 135.500000, 135.500000, 1
2020/04/08 11:10, 136.000000, 136.000000, 135.500000, 135.500000, 19
2020/04/08 11:11, 135.500000, 135.500000, 135.500000, 135.500000, 8
2020/04/08 11:12, 135.000000, 135.500000, 135.000000, 135.500000, 9
2020/04/08 11:13, 135.500000, 135.500000, 135.500000, 135.500000, 3
2020/04/08 11:14, 135.500000, 135.500000, 135.500000, 135.500000, 3
2020/04/08 11:15, 135.500000, 135.500000, 135.500000, 135.500000, 0
2020/04/08 11:16, 135.000000, 135.000000, 135.000000, 135.000000, 2
2020/04/08 11:17, 135.000000, 135.000000, 135.000000, 135.000000, 1
2020/04/08 11:18, 135.000000, 135.000000, 135.000000, 135.000000, 14
2020/04/08 11:19, 135.000000, 135.000000, 135.000000, 135.000000, 3
2020/04/08 11:20, 135.000000, 135.000000, 134.500000, 134.500000, 2
2020/04/08 11:21, 135.000000, 135.000000, 134.500000, 135.000000, 10
2020/04/08 11:22, 135.000000, 135.000000, 135.000000, 135.000000, 1
2020/04/08 11:23, 135.000000, 135.000000, 135.000000, 135.000000, 1
2020/04/08 11:24, 135.000000, 135.000000, 135.000000, 135.000000, 1
2020/04/08 11:25, 135.000000, 135.000000, 135.000000, 135.000000, 0
2020/04/08 11:26, 135.000000, 135.000000, 135.000000, 135.000000, 2
2020/04/08 11:27, 135.000000, 135.000000, 135.000000, 135.000000, 2
2020/04/08 11:28, 135.000000, 135.000000, 135.000000, 135.000000, 3
2020/04/08 11:29, 135.000000, 135.000000, 135.000000, 135.000000, 1
2020/04/08 11:30, 135.000000, 135.000000, 135.000000, 135.000000, 0
2020/04/08 11:31, 135.000000, 135.000000, 135.000000, 135.000000, 4
2020/04/08 11:32, 135.000000, 135.000000, 135.000000, 135.000000, 8
2020/04/08 11:33, 134.500000, 135.000000, 134.500000, 135.000000, 4
2020/04/08 11:34, 134.500000, 134.500000, 134.500000, 134.500000, 1
2020/04/08 11:35, 134.500000, 134.500000, 134.500000, 134.500000, 0
2020/04/08 11:36, 134.500000, 134.500000, 134.500000, 134.500000, 2
2020/04/08 11:37, 134.500000, 134.500000, 134.500000, 134.500000, 2
2020/04/08 11:38, 134.500000, 134.500000, 134.500000, 134.500000, 1
2020/04/08 11:39, 134.500000, 134.500000, 134.500000, 134.500000, 1
2020/04/08 11:40, 134.500000, 134.500000, 134.500000, 134.500000, 1
2020/04/08 11:41, 135.000000, 135.000000, 134.500000, 134.500000, 4
2020/04/08 11:42, 134.500000, 135.000000, 134.500000, 135.000000, 5
2020/04/08 11:43, 134.500000, 136.000000, 134.500000, 136.000000, 109
2020/04/08 11:44, 136.000000, 136.000000, 135.500000, 136.000000, 27
2020/04/08 11:45, 136.000000, 136.000000, 135.500000, 136.000000, 15
2020/04/08 11:46, 135.500000, 136.000000, 135.500000, 136.000000, 3
2020/04/08 11:47, 136.000000, 136.000000, 136.000000, 136.000000, 3
2020/04/08 11:48, 136.000000, 136.000000, 135.500000, 136.000000, 7
2020/04/08 11:49, 136.000000, 136.000000, 136.000000, 136.000000, 2
2020/04/08 11:50, 136.000000, 136.000000, 136.000000, 136.000000, 24
2020/04/08 11:51, 135.500000, 135.500000, 135.500000, 135.500000, 1
2020/04/08 11:52, 135.500000, 135.500000, 135.500000, 135.500000, 0
2020/04/08 11:53, 135.500000, 135.500000, 135.500000, 135.500000, 3
2020/04/08 11:54, 136.000000, 136.000000, 136.000000, 136.000000, 3
2020/04/08 11:55, 136.000000, 136.000000, 135.500000, 135.500000, 2
2020/04/08 11:56, 135.500000, 135.500000, 135.500000, 135.500000, 0
2020/04/08 11:57, 135.500000, 136.000000, 135.500000, 135.500000, 5
2020/04/08 11:58, 135.500000, 135.500000, 135.500000, 135.500000, 1
2020/04/08 11:59, 135.500000, 135.500000, 135.500000, 135.500000, 3
2020/04/08 12:00, 135.500000, 135.500000, 135.500000, 135.500000, 2
2020/04/08 12:01, 136.000000, 136.000000, 136.000000, 136.000000, 8
2020/04/08 12:02, 136.000000, 136.000000, 135.500000, 135.500000, 3
2020/04/08 12:03, 135.500000, 136.000000, 135.500000, 136.000000, 11
2020/04/08 12:04, 135.500000, 135.500000, 135.500000, 135.500000, 1
2020/04/08 12:05, 135.500000, 135.500000, 135.500000, 135.500000, 2
2020/04/08 12:06, 135.500000, 135.500000, 135.500000, 135.500000, 2
2020/04/08 12:07, 135.500000, 135.500000, 135.500000, 135.500000, 10
2020/04/08 12:08, 135.500000, 135.500000, 135.500000, 135.500000, 5
2020/04/08 12:09, 135.500000, 135.500000, 135.500000, 135.500000, 17
2020/04/08 12:10, 135.500000, 135.500000, 135.500000, 135.500000, 0
2020/04/08 12:11, 135.000000, 135.000000, 135.000000, 135.000000, 1
2020/04/08 12:12, 135.000000, 135.000000, 135.000000, 135.000000, 0
2020/04/08 12:13, 135.000000, 135.000000, 135.000000, 135.000000, 1
2020/04/08 12:14, 135.000000, 135.000000, 135.000000, 135.000000, 6
2020/04/08 12:15, 135.000000, 135.000000, 135.000000, 135.000000, 53
2020/04/08 12:16, 135.000000, 135.000000, 135.000000, 135.000000, 1
2020/04/08 12:17, 135.000000, 135.000000, 135.000000, 135.000000, 1
2020/04/08 12:18, 135.000000, 135.000000, 135.000000, 135.000000, 2
2020/04/08 12:19, 135.500000, 135.500000, 135.000000, 135.000000, 2
2020/04/08 12:20, 135.500000, 135.500000, 135.500000, 135.500000, 11
2020/04/08 12:21, 135.500000, 135.500000, 135.500000, 135.500000, 4
2020/04/08 12:22, 135.500000, 135.500000, 135.500000, 135.500000, 1
2020/04/08 12:23, 135.500000, 135.500000, 135.500000, 135.500000, 2
2020/04/08 12:24, 135.500000, 135.500000, 135.500000, 135.500000, 3
2020/04/08 12:25, 135.500000, 135.500000, 135.000000, 135.000000, 3
2020/04/08 12:26, 135.000000, 135.000000, 135.000000, 135.000000, 1
2020/04/08 12:27, 135.000000, 135.500000, 135.000000, 135.500000, 3
2020/04/08 12:28, 135.000000, 135.500000, 135.000000, 135.500000, 8
2020/04/08 12:29, 135.500000, 135.500000, 135.500000, 135.500000, 15
2020/04/08 12:30, 135.500000, 135.500000, 135.500000, 135.500000, 7
2020/04/08 12:31, 135.500000, 135.500000, 135.500000, 135.500000, 0
2020/04/08 12:32, 135.500000, 135.500000, 135.500000, 135.500000, 4
2020/04/08 12:33, 135.500000, 135.500000, 135.500000, 135.500000, 0
2020/04/08 12:34, 135.500000, 135.500000, 135.500000, 135.500000, 1
2020/04/08 12:35, 135.500000, 135.500000, 135.500000, 135.500000, 0
2020/04/08 12:36, 135.500000, 135.500000, 135.500000, 135.500000, 0
2020/04/08 12:37, 135.000000, 135.500000, 135.000000, 135.000000, 3
2020/04/08 12:38, 135.000000, 135.500000, 135.000000, 135.000000, 24
2020/04/08 12:39, 135.500000, 135.500000, 135.500000, 135.500000, 1
2020/04/08 12:40, 135.500000, 135.500000, 135.500000, 135.500000, 1
2020/04/08 12:41, 135.500000, 135.500000, 135.500000, 135.500000, 0
2020/04/08 12:42, 135.500000, 135.500000, 135.000000, 135.000000, 18
2020/04/08 12:43, 135.000000, 135.000000, 135.000000, 135.000000, 2
2020/04/08 12:44, 135.000000, 135.500000, 135.000000, 135.500000, 2
2020/04/08 12:45, 135.000000, 135.000000, 135.000000, 135.000000, 4
2020/04/08 12:46, 135.000000, 135.000000, 135.000000, 135.000000, 0
2020/04/08 12:47, 135.000000, 135.000000, 135.000000, 135.000000, 3
2020/04/08 12:48, 135.000000, 135.000000, 135.000000, 135.000000, 5
2020/04/08 12:49, 135.000000, 135.000000, 135.000000, 135.000000, 25
2020/04/08 12:50, 135.000000, 135.000000, 134.500000, 134.500000, 7
2020/04/08 12:51, 134.500000, 134.500000, 134.500000, 134.500000, 3
2020/04/08 12:52, 135.000000, 135.000000, 134.500000, 134.500000, 27
2020/04/08 12:53, 134.500000, 134.500000, 134.500000, 134.500000, 46
2020/04/08 12:54, 134.500000, 134.500000, 134.500000, 134.500000, 19
2020/04/08 12:55, 134.500000, 134.500000, 134.500000, 134.500000, 10
2020/04/08 12:56, 135.000000, 135.000000, 135.000000, 135.000000, 5
2020/04/08 12:57, 135.000000, 135.000000, 134.500000, 135.000000, 29
2020/04/08 12:58, 135.000000, 135.000000, 134.500000, 134.500000, 7
2020/04/08 12:59, 134.500000, 134.500000, 134.500000, 134.500000, 1
2020/04/08 13:00, 134.500000, 134.500000, 134.500000, 134.500000, 1
2020/04/08 13:01, 134.500000, 134.500000, 134.500000, 134.500000, 4
2020/04/08 13:02, 134.500000, 134.500000, 134.000000, 134.500000, 16
2020/04/08 13:03, 134.500000, 134.500000, 134.500000, 134.500000, 5
2020/04/08 13:04, 134.500000, 134.500000, 134.500000, 134.500000, 4
2020/04/08 13:05, 134.500000, 135.000000, 134.500000, 135.000000, 30
2020/04/08 13:06, 134.500000, 134.500000, 134.500000, 134.500000, 1
2020/04/08 13:07, 135.000000, 135.000000, 134.500000, 134.500000, 6
2020/04/08 13:08, 135.000000, 135.500000, 135.000000, 135.000000, 12
2020/04/08 13:09, 135.500000, 135.500000, 135.500000, 135.500000, 6
2020/04/08 13:10, 135.500000, 135.500000, 135.000000, 135.000000, 5
2020/04/08 13:11, 135.500000, 135.500000, 135.000000, 135.000000, 5
2020/04/08 13:12, 135.000000, 135.500000, 135.000000, 135.500000, 5
2020/04/08 13:13, 135.000000, 135.500000, 135.000000, 135.000000, 7
2020/04/08 13:14, 135.000000, 135.000000, 135.000000, 135.000000, 2
2020/04/08 13:15, 135.500000, 135.500000, 135.000000, 135.500000, 5
2020/04/08 13:16, 135.000000, 135.500000, 135.000000, 135.000000, 9
2020/04/08 13:17, 135.000000, 135.000000, 135.000000, 135.000000, 9
2020/04/08 13:18, 135.000000, 135.500000, 135.000000, 135.000000, 19
2020/04/08 13:19, 135.500000, 135.500000, 134.500000, 134.500000, 23
2020/04/08 13:20, 134.500000, 135.000000, 134.500000, 135.000000, 14
2020/04/08 13:21, 134.500000, 135.000000, 134.500000, 134.500000, 10
2020/04/08 13:22, 134.500000, 135.000000, 134.500000, 134.500000, 13
2020/04/08 13:23, 135.000000, 135.000000, 134.500000, 134.500000, 19
2020/04/08 13:24, 134.500000, 135.000000, 134.500000, 135.000000, 21
2020/04/08 13:25, 134.500000, 135.000000, 134.500000, 135.000000, 23
2020/04/08 13:26, 135.000000, 135.000000, 135.000000, 135.000000, 0
2020/04/08 13:27, 135.000000, 135.000000, 135.000000, 135.000000, 0
2020/04/08 13:28, 135.000000, 135.000000, 135.000000, 135.000000, 0
2020/04/08 13:29, 135.000000, 135.000000, 135.000000, 135.000000, 0
2020/04/08 13:30, 134.500000, 134.500000, 134.500000, 134.500000, 224
2020/04/09 09:01, 145.500000, 146.000000, 144.000000, 145.000000, 950
2020/04/09 09:02, 145.000000, 145.500000, 144.000000, 144.500000, 268
2020/04/09 09:03, 145.000000, 145.000000, 144.000000, 144.500000, 193
2020/04/09 09:04, 144.000000, 144.500000, 143.000000, 143.500000, 123
2020/04/09 09:05, 144.000000, 144.500000, 143.000000, 144.000000, 196
2020/04/09 09:06, 144.000000, 144.000000, 143.000000, 143.500000, 135
2020/04/09 09:07, 144.000000, 144.000000, 143.000000, 143.500000, 80
2020/04/09 09:08, 143.500000, 144.000000, 143.500000, 143.500000, 76
2020/04/09 09:09, 143.500000, 144.000000, 143.500000, 143.500000, 77
2020/04/09 09:10, 144.000000, 144.000000, 143.500000, 144.000000, 44
2020/04/09 09:11, 144.000000, 145.500000, 144.000000, 145.500000, 405
2020/04/09 09:12, 145.500000, 147.500000, 145.500000, 147.000000, 1426
2020/04/09 09:13, 147.000000, 147.500000, 146.500000, 146.500000, 158
2020/04/09 09:14, 146.500000, 147.500000, 146.500000, 146.500000, 138
2020/04/09 09:15, 147.000000, 147.000000, 146.500000, 147.000000, 50
2020/04/09 09:16, 147.000000, 147.000000, 146.500000, 146.500000, 45
2020/04/09 09:17, 146.500000, 146.500000, 146.000000, 146.500000, 46
2020/04/09 09:18, 146.000000, 146.500000, 146.000000, 146.000000, 59
2020/04/09 09:19, 146.500000, 146.500000, 146.000000, 146.500000, 27
2020/04/09 09:20, 146.000000, 146.500000, 146.000000, 146.500000, 39
2020/04/09 09:21, 146.500000, 147.000000, 146.500000, 146.500000, 76
2020/04/09 09:22, 146.500000, 147.000000, 146.500000, 147.000000, 44
2020/04/09 09:23, 147.000000, 147.500000, 147.000000, 147.000000, 115
2020/04/09 09:24, 147.500000, 147.500000, 147.000000, 147.500000, 117
2020/04/09 09:25, 147.500000, 147.500000, 147.000000, 147.000000, 78
2020/04/09 09:26, 147.500000, 147.500000, 147.000000, 147.500000, 545
2020/04/09 09:27, 147.500000, 147.500000, 147.500000, 147.500000, 48
2020/04/09 09:28, 147.500000, 147.500000, 147.500000, 147.500000, 13
2020/04/09 09:29, 147.500000, 147.500000, 147.500000, 147.500000, 33
2020/04/09 09:30, 147.500000, 147.500000, 147.500000, 147.500000, 110
2020/04/09 09:31, 147.500000, 147.500000, 147.500000, 147.500000, 16
2020/04/09 09:32, 147.500000, 147.500000, 147.500000, 147.500000, 9
2020/04/09 09:33, 147.500000, 147.500000, 147.500000, 147.500000, 22
2020/04/09 09:34, 147.500000, 147.500000, 147.500000, 147.500000, 23
2020/04/09 09:35, 147.500000, 147.500000, 147.500000, 147.500000, 17
2020/04/09 09:36, 147.500000, 147.500000, 147.500000, 147.500000, 1
2020/04/09 09:37, 147.500000, 147.500000, 147.500000, 147.500000, 13
2020/04/09 09:38, 147.500000, 147.500000, 147.500000, 147.500000, 5
2020/04/09 09:39, 147.500000, 147.500000, 147.500000, 147.500000, 5
2020/04/09 09:40, 147.500000, 147.500000, 147.500000, 147.500000, 17
2020/04/09 09:41, 147.500000, 147.500000, 147.500000, 147.500000, 1
2020/04/09 09:42, 147.500000, 147.500000, 147.500000, 147.500000, 11
2020/04/09 09:43, 147.500000, 147.500000, 147.500000, 147.500000, 5
2020/04/09 09:44, 147.500000, 147.500000, 147.500000, 147.500000, 0
2020/04/09 09:45, 147.500000, 147.500000, 147.500000, 147.500000, 2
2020/04/09 09:46, 147.500000, 147.500000, 147.500000, 147.500000, 7
2020/04/09 09:47, 147.500000, 147.500000, 147.500000, 147.500000, 10
2020/04/09 09:48, 147.500000, 147.500000, 147.500000, 147.500000, 6
2020/04/09 09:49, 147.500000, 147.500000, 147.500000, 147.500000, 11
2020/04/09 09:50, 147.500000, 147.500000, 147.500000, 147.500000, 2
2020/04/09 09:51, 147.500000, 147.500000, 147.500000, 147.500000, 4
2020/04/09 09:52, 147.500000, 147.500000, 147.500000, 147.500000, 5
2020/04/09 09:53, 147.500000, 147.500000, 147.500000, 147.500000, 1
2020/04/09 09:54, 147.500000, 147.500000, 147.500000, 147.500000, 3
2020/04/09 09:55, 147.500000, 147.500000, 147.500000, 147.500000, 1
2020/04/09 09:56, 147.500000, 147.500000, 147.500000, 147.500000, 7
2020/04/09 09:57, 147.500000, 147.500000, 147.500000, 147.500000, 2
2020/04/09 09:58, 147.500000, 147.500000, 147.500000, 147.500000, 1
2020/04/09 09:59, 147.500000, 147.500000, 147.500000, 147.500000, 1
2020/04/09 10:00, 147.500000, 147.500000, 147.500000, 147.500000, 3
2020/04/09 10:01, 147.500000, 147.500000, 147.500000, 147.500000, 6
2020/04/09 10:02, 147.500000, 147.500000, 147.500000, 147.500000, 0
2020/04/09 10:03, 147.500000, 147.500000, 147.500000, 147.500000, 5
2020/04/09 10:04, 147.500000, 147.500000, 147.500000, 147.500000, 3
2020/04/09 10:05, 147.500000, 147.500000, 147.500000, 147.500000, 0
2020/04/09 10:06, 147.500000, 147.500000, 147.500000, 147.500000, 1
2020/04/09 10:07, 147.500000, 147.500000, 147.500000, 147.500000, 0
2020/04/09 10:08, 147.500000, 147.500000, 147.500000, 147.500000, 1
2020/04/09 10:09, 147.500000, 147.500000, 147.500000, 147.500000, 0
2020/04/09 10:10, 147.500000, 147.500000, 147.500000, 147.500000, 2
2020/04/09 10:11, 147.500000, 147.500000, 147.500000, 147.500000, 11
2020/04/09 10:12, 147.500000, 147.500000, 147.500000, 147.500000, 11
2020/04/09 10:13, 147.500000, 147.500000, 147.500000, 147.500000, 1
2020/04/09 10:14, 147.500000, 147.500000, 147.500000, 147.500000, 0
2020/04/09 10:15, 147.500000, 147.500000, 147.500000, 147.500000, 1
2020/04/09 10:16, 147.500000, 147.500000, 147.500000, 147.500000, 4
2020/04/09 10:17, 147.500000, 147.500000, 147.500000, 147.500000, 3
2020/04/09 10:18, 147.500000, 147.500000, 147.500000, 147.500000, 0
2020/04/09 10:19, 147.500000, 147.500000, 147.500000, 147.500000, 0
2020/04/09 10:20, 147.500000, 147.500000, 147.500000, 147.500000, 0
2020/04/09 10:21, 147.500000, 147.500000, 147.500000, 147.500000, 0
2020/04/09 10:22, 147.500000, 147.500000, 147.500000, 147.500000, 3
2020/04/09 10:23, 147.500000, 147.500000, 147.500000, 147.500000, 3
2020/04/09 10:24, 147.500000, 147.500000, 147.500000, 147.500000, 2
2020/04/09 10:25, 147.500000, 147.500000, 147.500000, 147.500000, 0
2020/04/09 10:26, 147.500000, 147.500000, 147.500000, 147.500000, 1
2020/04/09 10:27, 147.500000, 147.500000, 147.500000, 147.500000, 0
2020/04/09 10:28, 147.500000, 147.500000, 147.500000, 147.500000, 2
2020/04/09 10:29, 147.500000, 147.500000, 147.500000, 147.500000, 0
2020/04/09 10:30, 147.500000, 147.500000, 147.500000, 147.500000, 0
2020/04/09 10:31, 147.500000, 147.500000, 147.500000, 147.500000, 1
2020/04/09 10:32, 147.500000, 147.500000, 147.500000, 147.500000, 0
2020/04/09 10:33, 147.500000, 147.500000, 147.500000, 147.500000, 1
2020/04/09 10:34, 147.500000, 147.500000, 147.500000, 147.500000, 0
2020/04/09 10:35, 147.500000, 147.500000, 147.500000, 147.500000, 0
2020/04/09 10:36, 147.500000, 147.500000, 147.500000, 147.500000, 2
2020/04/09 10:37, 147.500000, 147.500000, 147.500000, 147.500000, 0
2020/04/09 10:38, 147.500000, 147.500000, 147.500000, 147.500000, 1
2020/04/09 10:39, 147.500000, 147.500000, 147.500000, 147.500000, 0
2020/04/09 10:40, 147.500000, 147.500000, 147.500000, 147.500000, 1
2020/04/09 10:41, 147.500000, 147.500000, 147.500000, 147.500000, 1
2020/04/09 10:42, 147.500000, 147.500000, 147.500000, 147.500000, 1
2020/04/09 10:43, 147.500000, 147.500000, 147.500000, 147.500000, 1
2020/04/09 10:44, 147.500000, 147.500000, 147.500000, 147.500000, 0
2020/04/09 10:45, 147.500000, 147.500000, 147.500000, 147.500000, 0
2020/04/09 10:46, 147.500000, 147.500000, 147.500000, 147.500000, 2
2020/04/09 10:47, 147.500000, 147.500000, 147.500000, 147.500000, 1
2020/04/09 10:48, 147.500000, 147.500000, 147.500000, 147.500000, 0
2020/04/09 10:49, 147.500000, 147.500000, 147.500000, 147.500000, 1
2020/04/09 10:50, 147.500000, 147.500000, 147.500000, 147.500000, 0
2020/04/09 10:51, 147.500000, 147.500000, 147.500000, 147.500000, 0
2020/04/09 10:52, 147.500000, 147.500000, 147.500000, 147.500000, 0
2020/04/09 10:53, 147.500000, 147.500000, 147.500000, 147.500000, 2
2020/04/09 10:54, 147.500000, 147.500000, 147.500000, 147.500000, 3
2020/04/09 10:55, 147.500000, 147.500000, 147.500000, 147.500000, 0
2020/04/09 10:56, 147.500000, 147.500000, 147.500000, 147.500000, 0
2020/04/09 10:57, 147.500000, 147.500000, 147.500000, 147.500000, 0
2020/04/09 10:58, 147.500000, 147.500000, 147.500000, 147.500000, 1
2020/04/09 10:59, 147.500000, 147.500000, 147.500000, 147.500000, 0
2020/04/09 11:00, 147.500000, 147.500000, 147.500000, 147.500000, 3
2020/04/09 11:01, 147.500000, 147.500000, 147.500000, 147.500000, 0
2020/04/09 11:02, 147.500000, 147.500000, 147.500000, 147.500000, 5
2020/04/09 11:03, 147.500000, 147.500000, 147.500000, 147.500000, 5
2020/04/09 11:04, 147.500000, 147.500000, 147.500000, 147.500000, 0
2020/04/09 11:05, 147.500000, 147.500000, 147.500000, 147.500000, 0
2020/04/09 11:06, 147.500000, 147.500000, 147.500000, 147.500000, 1
2020/04/09 11:07, 147.500000, 147.500000, 147.500000, 147.500000, 1
2020/04/09 11:08, 147.500000, 147.500000, 147.500000, 147.500000, 0
2020/04/09 11:09, 147.500000, 147.500000, 147.500000, 147.500000, 2
2020/04/09 11:10, 147.500000, 147.500000, 147.500000, 147.500000, 0
2020/04/09 11:11, 147.500000, 147.500000, 147.500000, 147.500000, 0
2020/04/09 11:12, 147.500000, 147.500000, 147.500000, 147.500000, 0
2020/04/09 11:13, 147.500000, 147.500000, 147.500000, 147.500000, 0
2020/04/09 11:14, 147.500000, 147.500000, 147.500000, 147.500000, 1
2020/04/09 11:15, 147.500000, 147.500000, 147.500000, 147.500000, 1
2020/04/09 11:16, 147.500000, 147.500000, 147.500000, 147.500000, 1
2020/04/09 11:17, 147.500000, 147.500000, 147.500000, 147.500000, 1
2020/04/09 11:18, 147.500000, 147.500000, 147.500000, 147.500000, 0
2020/04/09 11:19, 147.500000, 147.500000, 147.500000, 147.500000, 1
2020/04/09 11:20, 147.500000, 147.500000, 147.500000, 147.500000, 1
2020/04/09 11:21, 147.500000, 147.500000, 147.500000, 147.500000, 1
2020/04/09 11:22, 147.500000, 147.500000, 147.500000, 147.500000, 6
2020/04/09 11:23, 147.500000, 147.500000, 147.500000, 147.500000, 0
2020/04/09 11:24, 147.500000, 147.500000, 147.500000, 147.500000, 3
2020/04/09 11:25, 147.500000, 147.500000, 147.500000, 147.500000, 0
2020/04/09 11:26, 147.500000, 147.500000, 147.500000, 147.500000, 0
2020/04/09 11:27, 147.500000, 147.500000, 147.500000, 147.500000, 0
2020/04/09 11:28, 147.500000, 147.500000, 147.500000, 147.500000, 0
2020/04/09 11:29, 147.500000, 147.500000, 147.500000, 147.500000, 0
2020/04/09 11:30, 147.500000, 147.500000, 147.500000, 147.500000, 0
2020/04/09 11:31, 147.500000, 147.500000, 147.500000, 147.500000, 15
2020/04/09 11:32, 147.500000, 147.500000, 147.500000, 147.500000, 1
2020/04/09 11:33, 147.500000, 147.500000, 147.500000, 147.500000, 0
2020/04/09 11:34, 147.500000, 147.500000, 147.500000, 147.500000, 0
2020/04/09 11:35, 147.500000, 147.500000, 147.500000, 147.500000, 0
2020/04/09 11:36, 147.500000, 147.500000, 147.500000, 147.500000, 0
2020/04/09 11:37, 147.500000, 147.500000, 147.500000, 147.500000, 0
2020/04/09 11:38, 147.500000, 147.500000, 147.500000, 147.500000, 0
2020/04/09 11:39, 147.500000, 147.500000, 147.500000, 147.500000, 0
2020/04/09 11:40, 147.500000, 147.500000, 147.500000, 147.500000, 0
2020/04/09 11:41, 147.500000, 147.500000, 147.500000, 147.500000, 0
2020/04/09 11:42, 147.500000, 147.500000, 147.500000, 147.500000, 0
2020/04/09 11:43, 147.500000, 147.500000, 147.500000, 147.500000, 4
2020/04/09 11:44, 147.500000, 147.500000, 147.500000, 147.500000, 0
2020/04/09 11:45, 147.500000, 147.500000, 147.500000, 147.500000, 0
2020/04/09 11:46, 147.500000, 147.500000, 147.500000, 147.500000, 1
2020/04/09 11:47, 147.500000, 147.500000, 147.500000, 147.500000, 0
2020/04/09 11:48, 147.500000, 147.500000, 147.500000, 147.500000, 0
2020/04/09 11:49, 147.500000, 147.500000, 147.500000, 147.500000, 1
2020/04/09 11:50, 147.500000, 147.500000, 147.500000, 147.500000, 1
2020/04/09 11:51, 147.500000, 147.500000, 147.500000, 147.500000, 0
2020/04/09 11:52, 147.500000, 147.500000, 147.500000, 147.500000, 0
2020/04/09 11:53, 147.500000, 147.500000, 147.500000, 147.500000, 0
2020/04/09 11:54, 147.500000, 147.500000, 147.500000, 147.500000, 0
2020/04/09 11:55, 147.500000, 147.500000, 147.500000, 147.500000, 0
2020/04/09 11:56, 147.500000, 147.500000, 147.500000, 147.500000, 0
2020/04/09 11:57, 147.500000, 147.500000, 147.500000, 147.500000, 0
2020/04/09 11:58, 147.500000, 147.500000, 147.500000, 147.500000, 0
2020/04/09 11:59, 147.500000, 147.500000, 147.500000, 147.500000, 0
2020/04/09 12:00, 147.500000, 147.500000, 147.500000, 147.500000, 0
2020/04/09 12:01, 147.500000, 147.500000, 147.500000, 147.500000, 4
2020/04/09 12:02, 147.500000, 147.500000, 147.500000, 147.500000, 0
2020/04/09 12:03, 147.500000, 147.500000, 147.500000, 147.500000, 0
2020/04/09 12:04, 147.500000, 147.500000, 147.500000, 147.500000, 0
2020/04/09 12:05, 147.500000, 147.500000, 147.500000, 147.500000, 0
2020/04/09 12:06, 147.500000, 147.500000, 147.500000, 147.500000, 5
2020/04/09 12:07, 147.500000, 147.500000, 147.500000, 147.500000, 0
2020/04/09 12:08, 147.500000, 147.500000, 147.500000, 147.500000, 0
2020/04/09 12:09, 147.500000, 147.500000, 147.500000, 147.500000, 0
2020/04/09 12:10, 147.500000, 147.500000, 147.500000, 147.500000, 0
2020/04/09 12:11, 147.500000, 147.500000, 147.500000, 147.500000, 8
2020/04/09 12:12, 147.500000, 147.500000, 147.500000, 147.500000, 0
2020/04/09 12:13, 147.500000, 147.500000, 147.500000, 147.500000, 0
2020/04/09 12:14, 147.500000, 147.500000, 147.500000, 147.500000, 0
2020/04/09 12:15, 147.500000, 147.500000, 147.500000, 147.500000, 0
2020/04/09 12:16, 147.500000, 147.500000, 147.500000, 147.500000, 1
2020/04/09 12:17, 147.500000, 147.500000, 147.500000, 147.500000, 0
2020/04/09 12:18, 147.500000, 147.500000, 147.500000, 147.500000, 0
2020/04/09 12:19, 147.500000, 147.500000, 147.500000, 147.500000, 0
2020/04/09 12:20, 147.500000, 147.500000, 147.500000, 147.500000, 0
2020/04/09 12:21, 147.500000, 147.500000, 147.500000, 147.500000, 0
2020/04/09 12:22, 147.500000, 147.500000, 147.500000, 147.500000, 6
2020/04/09 12:23, 147.500000, 147.500000, 147.500000, 147.500000, 0
2020/04/09 12:24, 147.500000, 147.500000, 147.500000, 147.500000, 1
2020/04/09 12:25, 147.500000, 147.500000, 147.500000, 147.500000, 0
2020/04/09 12:26, 147.500000, 147.500000, 147.500000, 147.500000, 0
2020/04/09 12:27, 147.500000, 147.500000, 147.500000, 147.500000, 0
2020/04/09 12:28, 147.500000, 147.500000, 147.500000, 147.500000, 1
2020/04/09 12:29, 147.500000, 147.500000, 147.500000, 147.500000, 0
2020/04/09 12:30, 147.500000, 147.500000, 147.500000, 147.500000, 0
2020/04/09 12:31, 147.500000, 147.500000, 147.500000, 147.500000, 0
2020/04/09 12:32, 147.500000, 147.500000, 147.500000, 147.500000, 0
2020/04/09 12:33, 147.500000, 147.500000, 147.500000, 147.500000, 0
2020/04/09 12:34, 147.500000, 147.500000, 147.500000, 147.500000, 0
2020/04/09 12:35, 147.500000, 147.500000, 147.500000, 147.500000, 3
2020/04/09 12:36, 147.500000, 147.500000, 147.500000, 147.500000, 0
2020/04/09 12:37, 147.500000, 147.500000, 147.500000, 147.500000, 0
2020/04/09 12:38, 147.500000, 147.500000, 147.500000, 147.500000, 0
2020/04/09 12:39, 147.500000, 147.500000, 147.500000, 147.500000, 0
2020/04/09 12:40, 147.500000, 147.500000, 147.500000, 147.500000, 0
2020/04/09 12:41, 147.500000, 147.500000, 147.500000, 147.500000, 0
2020/04/09 12:42, 147.500000, 147.500000, 147.500000, 147.500000, 0
2020/04/09 12:43, 147.500000, 147.500000, 147.500000, 147.500000, 1
2020/04/09 12:44, 147.500000, 147.500000, 147.500000, 147.500000, 0
2020/04/09 12:45, 147.500000, 147.500000, 147.500000, 147.500000, 0
2020/04/09 12:46, 147.500000, 147.500000, 147.500000, 147.500000, 1
2020/04/09 12:47, 147.500000, 147.500000, 147.500000, 147.500000, 3
2020/04/09 12:48, 147.500000, 147.500000, 147.500000, 147.500000, 10
2020/04/09 12:49, 147.500000, 147.500000, 147.500000, 147.500000, 3
2020/04/09 12:50, 147.500000, 147.500000, 147.500000, 147.500000, 2
2020/04/09 12:51, 147.500000, 147.500000, 147.500000, 147.500000, 2
2020/04/09 12:52, 147.500000, 147.500000, 147.500000, 147.500000, 1
2020/04/09 12:53, 147.500000, 147.500000, 147.500000, 147.500000, 0
2020/04/09 12:54, 147.500000, 147.500000, 147.500000, 147.500000, 0
2020/04/09 12:55, 147.500000, 147.500000, 147.500000, 147.500000, 1
2020/04/09 12:56, 147.500000, 147.500000, 147.500000, 147.500000, 0
2020/04/09 12:57, 147.500000, 147.500000, 147.500000, 147.500000, 0
2020/04/09 12:58, 147.500000, 147.500000, 147.500000, 147.500000, 0
2020/04/09 12:59, 147.500000, 147.500000, 147.500000, 147.500000, 0
2020/04/09 13:00, 147.500000, 147.500000, 147.500000, 147.500000, 2
2020/04/09 13:01, 147.500000, 147.500000, 147.500000, 147.500000, 2
2020/04/09 13:02, 147.500000, 147.500000, 147.500000, 147.500000, 1
2020/04/09 13:03, 147.500000, 147.500000, 147.500000, 147.500000, 0
2020/04/09 13:04, 147.500000, 147.500000, 147.500000, 147.500000, 2
2020/04/09 13:05, 147.500000, 147.500000, 147.500000, 147.500000, 0
2020/04/09 13:06, 147.500000, 147.500000, 147.500000, 147.500000, 1
2020/04/09 13:07, 147.500000, 147.500000, 147.500000, 147.500000, 1
2020/04/09 13:08, 147.500000, 147.500000, 147.500000, 147.500000, 1
2020/04/09 13:09, 147.500000, 147.500000, 147.500000, 147.500000, 0
2020/04/09 13:10, 147.500000, 147.500000, 147.500000, 147.500000, 0
2020/04/09 13:11, 147.500000, 147.500000, 147.500000, 147.500000, 0
2020/04/09 13:12, 147.500000, 147.500000, 147.500000, 147.500000, 2
2020/04/09 13:13, 147.500000, 147.500000, 147.500000, 147.500000, 1
2020/04/09 13:14, 147.500000, 147.500000, 147.500000, 147.500000, 1
2020/04/09 13:15, 147.500000, 147.500000, 147.500000, 147.500000, 0
2020/04/09 13:16, 147.500000, 147.500000, 147.500000, 147.500000, 4
2020/04/09 13:17, 147.500000, 147.500000, 147.500000, 147.500000, 7
2020/04/09 13:18, 147.500000, 147.500000, 147.500000, 147.500000, 0
2020/04/09 13:19, 147.500000, 147.500000, 147.500000, 147.500000, 1
2020/04/09 13:20, 147.500000, 147.500000, 147.500000, 147.500000, 2
2020/04/09 13:21, 147.500000, 147.500000, 147.500000, 147.500000, 6
2020/04/09 13:22, 147.500000, 147.500000, 147.500000, 147.500000, 2
2020/04/09 13:23, 147.500000, 147.500000, 147.500000, 147.500000, 0
2020/04/09 13:24, 147.500000, 147.500000, 147.500000, 147.500000, 0
2020/04/09 13:25, 147.500000, 147.500000, 147.500000, 147.500000, 1
2020/04/09 13:26, 147.500000, 147.500000, 147.500000, 147.500000, 0
2020/04/09 13:27, 147.500000, 147.500000, 147.500000, 147.500000, 0
2020/04/09 13:28, 147.500000, 147.500000, 147.500000, 147.500000, 0
2020/04/09 13:29, 147.500000, 147.500000, 147.500000, 147.500000, 0
2020/04/09 13:30, 147.500000, 147.500000, 147.500000, 147.500000, 4
2020/04/10 09:01, 151.000000, 153.000000, 150.000000, 151.000000, 1571
2020/04/10 09:02, 152.000000, 152.000000, 150.000000, 151.000000, 564
2020/04/10 09:03, 151.000000, 151.500000, 150.500000, 151.000000, 280
2020/04/10 09:04, 151.000000, 152.500000, 151.000000, 152.000000, 417
2020/04/10 09:05, 152.500000, 154.000000, 152.000000, 154.000000, 480
2020/04/10 09:06, 154.000000, 155.000000, 153.000000, 154.500000, 590
2020/04/10 09:07, 155.000000, 156.500000, 154.000000, 156.500000, 454
2020/04/10 09:08, 156.000000, 157.500000, 156.000000, 157.000000, 485
2020/04/10 09:09, 157.000000, 157.000000, 155.000000, 155.500000, 413
2020/04/10 09:10, 155.000000, 155.500000, 154.500000, 154.500000, 359
2020/04/10 09:11, 154.500000, 155.000000, 154.000000, 155.000000, 135
2020/04/10 09:12, 155.000000, 156.000000, 154.500000, 156.000000, 151
2020/04/10 09:13, 156.000000, 156.000000, 155.000000, 155.500000, 171
2020/04/10 09:14, 156.000000, 156.000000, 154.500000, 154.500000, 263
2020/04/10 09:15, 154.500000, 154.500000, 153.000000, 153.000000, 265
2020/04/10 09:16, 153.000000, 154.000000, 152.500000, 153.500000, 268
2020/04/10 09:17, 154.000000, 154.500000, 153.500000, 154.500000, 100
2020/04/10 09:18, 154.000000, 154.500000, 154.000000, 154.500000, 127
2020/04/10 09:19, 154.500000, 154.500000, 153.500000, 154.000000, 88
2020/04/10 09:20, 154.000000, 154.000000, 153.000000, 153.000000, 138
2020/04/10 09:21, 153.000000, 154.000000, 153.000000, 153.500000, 98
2020/04/10 09:22, 153.500000, 154.000000, 153.000000, 153.500000, 57
2020/04/10 09:23, 153.000000, 154.000000, 153.000000, 154.000000, 56
2020/04/10 09:24, 154.000000, 154.000000, 153.500000, 154.000000, 22
2020/04/10 09:25, 154.000000, 154.500000, 154.000000, 154.000000, 108
2020/04/10 09:26, 154.000000, 154.000000, 153.500000, 154.000000, 76
2020/04/10 09:27, 153.500000, 154.000000, 153.000000, 153.000000, 56
2020/04/10 09:28, 153.500000, 153.500000, 153.000000, 153.000000, 64
2020/04/10 09:29, 153.500000, 153.500000, 152.000000, 152.500000, 241
2020/04/10 09:30, 152.000000, 153.000000, 152.000000, 152.000000, 83
2020/04/10 09:31, 152.000000, 152.500000, 151.500000, 151.500000, 196
2020/04/10 09:32, 152.000000, 152.000000, 151.000000, 152.000000, 148
2020/04/10 09:33, 152.000000, 152.500000, 151.500000, 152.000000, 144
2020/04/10 09:34, 152.000000, 152.500000, 152.000000, 152.000000, 71
2020/04/10 09:35, 152.000000, 152.000000, 151.500000, 152.000000, 61
2020/04/10 09:36, 152.000000, 152.000000, 151.500000, 152.000000, 81
2020/04/10 09:37, 151.500000, 152.000000, 150.500000, 150.500000, 173
2020/04/10 09:38, 150.500000, 151.000000, 150.000000, 150.500000, 254
2020/04/10 09:39, 150.500000, 151.500000, 150.500000, 151.500000, 73
2020/04/10 09:40, 151.500000, 151.500000, 151.000000, 151.000000, 32
2020/04/10 09:41, 151.000000, 151.500000, 150.500000, 151.000000, 55
2020/04/10 09:42, 151.000000, 151.000000, 150.500000, 150.500000, 82
2020/04/10 09:43, 150.500000, 151.000000, 150.000000, 150.500000, 136
2020/04/10 09:44, 150.500000, 151.000000, 150.500000, 151.000000, 51
2020/04/10 09:45, 151.000000, 151.500000, 151.000000, 151.000000, 90
2020/04/10 09:46, 150.500000, 151.000000, 150.500000, 150.500000, 110
2020/04/10 09:47, 150.000000, 150.500000, 150.000000, 150.500000, 23
2020/04/10 09:48, 150.000000, 151.000000, 150.000000, 150.500000, 71
2020/04/10 09:49, 150.500000, 151.000000, 150.500000, 150.500000, 25
2020/04/10 09:50, 150.500000, 151.000000, 150.500000, 151.000000, 34
2020/04/10 09:51, 151.000000, 151.000000, 149.000000, 149.000000, 322
2020/04/10 09:52, 149.000000, 149.000000, 148.000000, 148.500000, 328
2020/04/10 09:53, 148.000000, 149.000000, 147.500000, 148.500000, 314
2020/04/10 09:54, 148.500000, 149.000000, 148.500000, 149.000000, 66
2020/04/10 09:55, 148.000000, 148.500000, 148.000000, 148.500000, 77
2020/04/10 09:56, 148.500000, 149.000000, 148.000000, 149.000000, 101
2020/04/10 09:57, 149.000000, 150.000000, 148.500000, 149.500000, 130
2020/04/10 09:58, 149.500000, 150.000000, 149.500000, 150.000000, 115
2020/04/10 09:59, 150.000000, 150.000000, 149.000000, 149.000000, 79
2020/04/10 10:00, 149.000000, 149.000000, 148.500000, 149.000000, 47
2020/04/10 10:01, 149.000000, 149.000000, 148.500000, 149.000000, 28
2020/04/10 10:02, 149.000000, 149.500000, 148.500000, 149.000000, 22
2020/04/10 10:03, 149.000000, 149.500000, 149.000000, 149.500000, 12
2020/04/10 10:04, 149.000000, 149.000000, 149.000000, 149.000000, 10
2020/04/10 10:05, 149.000000, 149.000000, 148.500000, 149.000000, 16
2020/04/10 10:06, 149.000000, 149.000000, 149.000000, 149.000000, 22
2020/04/10 10:07, 149.000000, 149.500000, 148.500000, 149.000000, 27
2020/04/10 10:08, 149.000000, 150.000000, 149.000000, 150.000000, 38
2020/04/10 10:09, 150.000000, 150.000000, 149.500000, 149.500000, 32
2020/04/10 10:10, 150.000000, 150.000000, 149.500000, 150.000000, 45
2020/04/10 10:11, 150.000000, 150.000000, 149.500000, 149.500000, 57
2020/04/10 10:12, 150.000000, 150.000000, 148.500000, 148.500000, 74
2020/04/10 10:13, 148.500000, 148.500000, 148.500000, 148.500000, 3
2020/04/10 10:14, 149.000000, 149.000000, 148.500000, 148.500000, 69
2020/04/10 10:15, 148.500000, 148.500000, 147.500000, 147.500000, 150
2020/04/10 10:16, 147.500000, 147.500000, 146.000000, 146.500000, 296
2020/04/10 10:17, 146.500000, 147.000000, 146.000000, 146.500000, 131
2020/04/10 10:18, 146.500000, 147.000000, 146.000000, 146.500000, 123
2020/04/10 10:19, 146.500000, 147.000000, 146.500000, 147.000000, 41
2020/04/10 10:20, 147.000000, 147.500000, 147.000000, 147.500000, 118
2020/04/10 10:21, 147.500000, 147.500000, 147.000000, 147.000000, 65
2020/04/10 10:22, 147.000000, 147.000000, 146.500000, 147.000000, 27
2020/04/10 10:23, 147.000000, 147.000000, 147.000000, 147.000000, 19
2020/04/10 10:24, 147.500000, 147.500000, 147.500000, 147.500000, 12
2020/04/10 10:25, 147.500000, 147.500000, 147.500000, 147.500000, 64
2020/04/10 10:26, 147.500000, 148.500000, 147.500000, 148.500000, 59
2020/04/10 10:27, 148.500000, 148.500000, 147.500000, 147.500000, 38
2020/04/10 10:28, 147.500000, 148.000000, 147.500000, 147.500000, 33
2020/04/10 10:29, 147.500000, 147.500000, 147.500000, 147.500000, 13
2020/04/10 10:30, 147.500000, 147.500000, 146.500000, 147.000000, 69
2020/04/10 10:31, 147.000000, 147.000000, 146.500000, 147.000000, 10
2020/04/10 10:32, 147.000000, 147.000000, 146.500000, 147.000000, 13
2020/04/10 10:33, 147.000000, 147.000000, 146.500000, 147.000000, 33
2020/04/10 10:34, 147.500000, 147.500000, 147.000000, 147.500000, 23
2020/04/10 10:35, 147.500000, 148.000000, 147.500000, 148.000000, 26
2020/04/10 10:36, 148.000000, 148.500000, 147.500000, 148.000000, 25
2020/04/10 10:37, 148.000000, 148.500000, 147.500000, 147.500000, 13
2020/04/10 10:38, 148.000000, 148.000000, 147.500000, 148.000000, 5
2020/04/10 10:39, 148.000000, 148.000000, 147.500000, 148.000000, 14
2020/04/10 10:40, 148.000000, 148.000000, 147.500000, 147.500000, 38
2020/04/10 10:41, 147.500000, 147.500000, 147.000000, 147.500000, 12
2020/04/10 10:42, 147.500000, 147.500000, 147.000000, 147.000000, 13
2020/04/10 10:43, 147.500000, 147.500000, 147.000000, 147.000000, 7
2020/04/10 10:44, 147.000000, 147.000000, 146.500000, 147.000000, 65
2020/04/10 10:45, 147.000000, 147.000000, 146.500000, 147.000000, 14
2020/04/10 10:46, 147.000000, 147.000000, 146.500000, 147.000000, 11
2020/04/10 10:47, 146.500000, 147.000000, 146.500000, 147.000000, 28
2020/04/10 10:48, 147.000000, 147.000000, 146.500000, 146.500000, 18
2020/04/10 10:49, 147.000000, 147.000000, 146.500000, 147.000000, 10
2020/04/10 10:50, 146.500000, 147.000000, 146.500000, 147.000000, 12
2020/04/10 10:51, 147.000000, 147.500000, 147.000000, 147.000000, 5
2020/04/10 10:52, 147.000000, 147.000000, 147.000000, 147.000000, 6
2020/04/10 10:53, 147.000000, 147.000000, 147.000000, 147.000000, 21
2020/04/10 10:54, 147.000000, 147.000000, 147.000000, 147.000000, 4
2020/04/10 10:55, 147.000000, 147.000000, 147.000000, 147.000000, 19
2020/04/10 10:56, 147.000000, 147.000000, 146.500000, 147.000000, 21
2020/04/10 10:57, 147.000000, 147.000000, 147.000000, 147.000000, 26
2020/04/10 10:58, 147.500000, 147.500000, 147.500000, 147.500000, 2
2020/04/10 10:59, 147.500000, 147.500000, 147.500000, 147.500000, 4
2020/04/10 11:00, 147.500000, 147.500000, 147.000000, 147.000000, 30
2020/04/10 11:01, 147.000000, 147.500000, 146.500000, 146.500000, 13
2020/04/10 11:02, 147.000000, 147.000000, 146.500000, 146.500000, 4
2020/04/10 11:03, 147.000000, 147.000000, 146.500000, 147.000000, 22
2020/04/10 11:04, 147.000000, 147.000000, 147.000000, 147.000000, 15
2020/04/10 11:05, 147.000000, 147.000000, 147.000000, 147.000000, 9
2020/04/10 11:06, 147.000000, 147.000000, 147.000000, 147.000000, 4
2020/04/10 11:07, 147.000000, 147.000000, 146.500000, 146.500000, 11
2020/04/10 11:08, 147.000000, 147.000000, 147.000000, 147.000000, 4
2020/04/10 11:09, 147.000000, 147.000000, 147.000000, 147.000000, 13
2020/04/10 11:10, 147.000000, 147.000000, 147.000000, 147.000000, 18
2020/04/10 11:11, 147.000000, 147.000000, 147.000000, 147.000000, 0
2020/04/10 11:12, 147.000000, 147.000000, 147.000000, 147.000000, 3
2020/04/10 11:13, 147.500000, 147.500000, 147.000000, 147.000000, 16
2020/04/10 11:14, 147.000000, 147.500000, 147.000000, 147.500000, 91
2020/04/10 11:15, 147.500000, 148.000000, 147.500000, 147.500000, 35
2020/04/10 11:16, 147.500000, 147.500000, 146.500000, 146.500000, 48
2020/04/10 11:17, 147.000000, 147.500000, 147.000000, 147.500000, 6
2020/04/10 11:18, 147.000000, 147.000000, 147.000000, 147.000000, 18
2020/04/10 11:19, 147.000000, 147.000000, 146.500000, 146.500000, 12
2020/04/10 11:20, 147.000000, 147.000000, 147.000000, 147.000000, 6
2020/04/10 11:21, 147.000000, 147.000000, 147.000000, 147.000000, 5
2020/04/10 11:22, 147.000000, 147.000000, 147.000000, 147.000000, 8
2020/04/10 11:23, 147.000000, 147.000000, 146.500000, 147.000000, 12
2020/04/10 11:24, 147.000000, 147.000000, 147.000000, 147.000000, 9
2020/04/10 11:25, 147.000000, 147.000000, 147.000000, 147.000000, 2
2020/04/10 11:26, 147.000000, 147.000000, 146.000000, 146.000000, 145
2020/04/10 11:27, 146.000000, 146.000000, 145.000000, 145.500000, 306
2020/04/10 11:28, 145.500000, 146.500000, 145.500000, 146.500000, 56
2020/04/10 11:29, 146.000000, 146.500000, 145.500000, 145.500000, 39
2020/04/10 11:30, 145.500000, 146.000000, 145.500000, 146.000000, 36
2020/04/10 11:31, 145.500000, 145.500000, 145.000000, 145.500000, 18
2020/04/10 11:32, 145.500000, 145.500000, 145.000000, 145.500000, 21
2020/04/10 11:33, 145.500000, 146.000000, 145.500000, 146.000000, 38
2020/04/10 11:34, 145.500000, 146.000000, 145.500000, 145.500000, 15
2020/04/10 11:35, 145.500000, 145.500000, 145.500000, 145.500000, 13
2020/04/10 11:36, 145.500000, 145.500000, 145.500000, 145.500000, 62
2020/04/10 11:37, 145.500000, 146.000000, 145.500000, 145.500000, 41
2020/04/10 11:38, 145.500000, 145.500000, 145.500000, 145.500000, 15
2020/04/10 11:39, 145.500000, 145.500000, 145.000000, 145.000000, 16
2020/04/10 11:40, 145.000000, 145.000000, 143.500000, 144.000000, 354
2020/04/10 11:41, 144.000000, 144.000000, 143.500000, 143.500000, 126
2020/04/10 11:42, 143.500000, 144.000000, 143.000000, 143.500000, 103
2020/04/10 11:43, 144.000000, 144.000000, 143.500000, 144.000000, 31
2020/04/10 11:44, 144.000000, 144.500000, 143.500000, 144.500000, 88
2020/04/10 11:45, 144.500000, 144.500000, 144.500000, 144.500000, 40
2020/04/10 11:46, 144.500000, 144.500000, 144.000000, 144.000000, 24
2020/04/10 11:47, 144.000000, 144.500000, 143.500000, 144.000000, 40
2020/04/10 11:48, 144.000000, 144.500000, 143.500000, 144.000000, 37
2020/04/10 11:49, 144.000000, 144.500000, 144.000000, 144.000000, 12
2020/04/10 11:50, 144.000000, 144.000000, 144.000000, 144.000000, 11
2020/04/10 11:51, 144.000000, 144.000000, 144.000000, 144.000000, 2
2020/04/10 11:52, 144.000000, 144.000000, 144.000000, 144.000000, 33
2020/04/10 11:53, 144.000000, 144.000000, 144.000000, 144.000000, 10
2020/04/10 11:54, 144.000000, 144.500000, 143.500000, 143.500000, 52
2020/04/10 11:55, 143.500000, 143.500000, 143.000000, 143.000000, 28
2020/04/10 11:56, 143.000000, 143.500000, 143.000000, 143.000000, 104
2020/04/10 11:57, 143.500000, 143.500000, 142.500000, 143.000000, 62
2020/04/10 11:58, 143.000000, 143.500000, 142.500000, 142.500000, 78
2020/04/10 11:59, 142.500000, 143.000000, 142.000000, 142.500000, 111
2020/04/10 12:00, 142.000000, 142.500000, 142.000000, 142.500000, 83
2020/04/10 12:01, 143.000000, 143.000000, 142.500000, 142.500000, 69
2020/04/10 12:02, 142.000000, 142.500000, 141.500000, 142.000000, 81
2020/04/10 12:03, 142.000000, 142.500000, 141.500000, 142.000000, 46
2020/04/10 12:04, 142.500000, 142.500000, 141.500000, 141.500000, 35
2020/04/10 12:05, 141.500000, 142.000000, 140.500000, 140.500000, 140
2020/04/10 12:06, 140.500000, 141.500000, 140.500000, 141.000000, 92
2020/04/10 12:07, 141.500000, 142.000000, 141.000000, 141.500000, 49
2020/04/10 12:08, 142.000000, 142.000000, 141.500000, 141.500000, 17
2020/04/10 12:09, 142.000000, 142.000000, 141.500000, 141.500000, 18
2020/04/10 12:10, 141.500000, 141.500000, 141.000000, 141.000000, 79
2020/04/10 12:11, 140.500000, 141.000000, 140.500000, 141.000000, 20
2020/04/10 12:12, 140.500000, 141.500000, 140.500000, 141.500000, 42
2020/04/10 12:13, 141.500000, 141.500000, 141.500000, 141.500000, 36
2020/04/10 12:14, 141.500000, 141.500000, 141.500000, 141.500000, 27
2020/04/10 12:15, 141.500000, 141.500000, 141.000000, 141.500000, 20
2020/04/10 12:16, 141.500000, 141.500000, 141.000000, 141.500000, 33
2020/04/10 12:17, 141.500000, 142.000000, 141.500000, 141.500000, 16
2020/04/10 12:18, 141.500000, 142.000000, 141.500000, 141.500000, 9
2020/04/10 12:19, 141.500000, 141.500000, 141.500000, 141.500000, 24
2020/04/10 12:20, 141.500000, 141.500000, 141.500000, 141.500000, 15
2020/04/10 12:21, 141.500000, 142.000000, 141.500000, 141.500000, 19
2020/04/10 12:22, 141.500000, 142.000000, 141.500000, 142.000000, 15
2020/04/10 12:23, 142.000000, 142.000000, 141.500000, 141.500000, 38
2020/04/10 12:24, 141.500000, 142.000000, 141.000000, 141.500000, 37
2020/04/10 12:25, 142.000000, 142.000000, 141.500000, 141.500000, 52
2020/04/10 12:26, 141.500000, 141.500000, 141.500000, 141.500000, 10
2020/04/10 12:27, 141.000000, 141.000000, 140.500000, 140.500000, 125
2020/04/10 12:28, 140.500000, 141.000000, 140.500000, 141.000000, 20
2020/04/10 12:29, 141.000000, 141.500000, 140.500000, 141.500000, 34
2020/04/10 12:30, 141.500000, 141.500000, 141.000000, 141.500000, 10
2020/04/10 12:31, 141.500000, 141.500000, 141.000000, 141.000000, 5
2020/04/10 12:32, 141.500000, 142.000000, 141.000000, 141.500000, 90
2020/04/10 12:33, 141.000000, 141.500000, 141.000000, 141.500000, 31
2020/04/10 12:34, 141.000000, 141.500000, 141.000000, 141.000000, 64
2020/04/10 12:35, 140.500000, 141.000000, 140.500000, 140.500000, 19
2020/04/10 12:36, 140.500000, 140.500000, 139.500000, 139.500000, 294
2020/04/10 12:37, 139.500000, 139.500000, 139.000000, 139.000000, 131
2020/04/10 12:38, 139.000000, 139.500000, 138.500000, 139.000000, 219
2020/04/10 12:39, 138.500000, 139.000000, 138.000000, 138.500000, 107
2020/04/10 12:40, 138.500000, 139.500000, 138.500000, 139.000000, 108
2020/04/10 12:41, 139.000000, 139.000000, 138.500000, 139.000000, 54
2020/04/10 12:42, 139.000000, 139.500000, 138.500000, 139.500000, 34
2020/04/10 12:43, 139.500000, 139.500000, 139.000000, 139.000000, 33
2020/04/10 12:44, 139.000000, 139.500000, 139.000000, 139.000000, 28
2020/04/10 12:45, 139.000000, 139.500000, 139.000000, 139.000000, 34
2020/04/10 12:46, 139.000000, 139.500000, 139.000000, 139.000000, 58
2020/04/10 12:47, 139.000000, 139.500000, 139.000000, 139.000000, 27
2020/04/10 12:48, 139.000000, 139.500000, 139.000000, 139.000000, 33
2020/04/10 12:49, 139.000000, 139.500000, 139.000000, 139.000000, 43
2020/04/10 12:50, 139.000000, 140.000000, 139.000000, 139.500000, 43
2020/04/10 12:51, 140.000000, 140.000000, 139.000000, 139.500000, 46
2020/04/10 12:52, 139.500000, 140.000000, 139.500000, 139.500000, 23
2020/04/10 12:53, 139.500000, 140.000000, 139.500000, 140.000000, 9
2020/04/10 12:54, 140.000000, 140.000000, 139.500000, 139.500000, 20
2020/04/10 12:55, 139.500000, 140.000000, 139.000000, 139.500000, 76
2020/04/10 12:56, 139.500000, 139.500000, 139.500000, 139.500000, 28
2020/04/10 12:57, 139.500000, 140.000000, 139.500000, 140.000000, 22
2020/04/10 12:58, 140.000000, 140.000000, 139.500000, 139.500000, 8
2020/04/10 12:59, 139.500000, 139.500000, 139.000000, 139.000000, 28
2020/04/10 13:00, 139.000000, 139.500000, 139.000000, 139.000000, 90
2020/04/10 13:01, 139.000000, 139.000000, 138.500000, 139.000000, 21
2020/04/10 13:02, 138.500000, 139.000000, 138.500000, 138.500000, 69
2020/04/10 13:03, 138.500000, 138.500000, 138.500000, 138.500000, 24
2020/04/10 13:04, 138.500000, 139.000000, 138.500000, 138.500000, 73
2020/04/10 13:05, 139.000000, 139.500000, 138.500000, 139.500000, 91
2020/04/10 13:06, 139.500000, 139.500000, 139.000000, 139.000000, 13
2020/04/10 13:07, 139.500000, 139.500000, 139.000000, 139.500000, 18
2020/04/10 13:08, 139.000000, 140.000000, 139.000000, 139.500000, 118
2020/04/10 13:09, 139.500000, 140.000000, 139.500000, 139.500000, 11
2020/04/10 13:10, 139.500000, 140.000000, 139.500000, 139.500000, 29
2020/04/10 13:11, 140.000000, 140.500000, 140.000000, 140.500000, 156
2020/04/10 13:12, 140.500000, 141.000000, 140.000000, 140.500000, 34
2020/04/10 13:13, 140.500000, 141.000000, 140.500000, 141.000000, 30
2020/04/10 13:14, 141.000000, 141.000000, 140.500000, 141.000000, 20
2020/04/10 13:15, 140.500000, 141.000000, 140.000000, 140.000000, 46
2020/04/10 13:16, 140.500000, 140.500000, 140.000000, 140.500000, 35
2020/04/10 13:17, 140.500000, 141.000000, 140.500000, 140.500000, 32
2020/04/10 13:18, 140.500000, 140.500000, 140.000000, 140.000000, 20
2020/04/10 13:19, 140.000000, 140.500000, 140.000000, 140.000000, 3
2020/04/10 13:20, 140.000000, 140.500000, 140.000000, 140.000000, 13
2020/04/10 13:21, 140.000000, 140.500000, 140.000000, 140.500000, 68
2020/04/10 13:22, 140.500000, 141.000000, 140.500000, 141.000000, 46
2020/04/10 13:23, 141.000000, 141.000000, 140.500000, 141.000000, 47
2020/04/10 13:24, 140.500000, 140.500000, 140.000000, 140.000000, 36
2020/04/10 13:25, 140.000000, 141.000000, 140.000000, 140.500000, 114
2020/04/10 13:26, 140.500000, 140.500000, 140.500000, 140.500000, 0
2020/04/10 13:27, 140.500000, 140.500000, 140.500000, 140.500000, 0
2020/04/10 13:28, 140.500000, 140.500000, 140.500000, 140.500000, 0
2020/04/10 13:29, 140.500000, 140.500000, 140.500000, 140.500000, 0
2020/04/10 13:30, 141.000000, 141.000000, 141.000000, 141.000000, 599
2020/04/13 09:01, 142.000000, 142.500000, 140.500000, 141.500000, 521
2020/04/13 09:02, 141.000000, 142.500000, 141.000000, 142.000000, 197
2020/04/13 09:03, 142.000000, 142.500000, 141.500000, 142.000000, 133
2020/04/13 09:04, 142.000000, 142.000000, 141.000000, 141.500000, 104
2020/04/13 09:05, 141.500000, 142.000000, 140.000000, 141.000000, 167
2020/04/13 09:06, 141.000000, 141.000000, 139.000000, 139.500000, 184
2020/04/13 09:07, 139.500000, 140.000000, 138.000000, 138.500000, 191
2020/04/13 09:08, 138.000000, 138.500000, 137.000000, 137.000000, 254
2020/04/13 09:09, 137.000000, 138.000000, 136.500000, 138.000000, 256
2020/04/13 09:10, 137.000000, 138.500000, 137.000000, 138.500000, 113
2020/04/13 09:11, 139.000000, 139.000000, 138.000000, 139.000000, 125
2020/04/13 09:12, 138.500000, 139.000000, 138.000000, 138.000000, 107
2020/04/13 09:13, 138.000000, 138.000000, 137.000000, 137.000000, 103
2020/04/13 09:14, 137.500000, 138.000000, 137.000000, 138.000000, 62
2020/04/13 09:15, 137.500000, 138.000000, 137.500000, 137.500000, 40
2020/04/13 09:16, 137.500000, 138.500000, 137.500000, 137.500000, 87
2020/04/13 09:17, 138.000000, 138.000000, 137.500000, 138.000000, 41
2020/04/13 09:18, 138.000000, 138.500000, 138.000000, 138.000000, 24
2020/04/13 09:19, 138.000000, 138.500000, 138.000000, 138.500000, 24
2020/04/13 09:20, 138.500000, 139.500000, 138.500000, 139.500000, 114
2020/04/13 09:21, 139.000000, 139.500000, 138.500000, 139.500000, 105
2020/04/13 09:22, 139.000000, 139.500000, 138.500000, 138.500000, 36
2020/04/13 09:23, 138.500000, 139.000000, 138.000000, 138.500000, 34
2020/04/13 09:24, 138.500000, 139.500000, 138.500000, 139.500000, 99
2020/04/13 09:25, 139.500000, 139.500000, 139.500000, 139.500000, 56
2020/04/13 09:26, 139.500000, 139.500000, 139.000000, 139.500000, 57
2020/04/13 09:27, 139.500000, 139.500000, 139.000000, 139.500000, 28
2020/04/13 09:28, 139.000000, 139.500000, 139.000000, 139.000000, 27
2020/04/13 09:29, 139.000000, 139.500000, 139.000000, 139.500000, 39
2020/04/13 09:30, 139.500000, 139.500000, 139.000000, 139.000000, 28
2020/04/13 09:31, 139.500000, 140.000000, 139.500000, 140.000000, 27
2020/04/13 09:32, 140.000000, 141.000000, 140.000000, 141.000000, 113
2020/04/13 09:33, 141.000000, 141.500000, 141.000000, 141.500000, 100
2020/04/13 09:34, 141.000000, 141.500000, 140.500000, 141.000000, 125
2020/04/13 09:35, 140.500000, 141.000000, 140.500000, 140.500000, 26
2020/04/13 09:36, 140.500000, 141.000000, 140.500000, 140.500000, 55
2020/04/13 09:37, 140.500000, 141.000000, 140.500000, 141.000000, 28
2020/04/13 09:38, 141.000000, 141.500000, 141.000000, 141.000000, 50
2020/04/13 09:39, 141.000000, 141.500000, 141.000000, 141.500000, 70
2020/04/13 09:40, 141.500000, 142.500000, 141.500000, 142.500000, 190
2020/04/13 09:41, 142.500000, 144.000000, 142.500000, 143.000000, 330
2020/04/13 09:42, 143.000000, 143.000000, 142.000000, 142.500000, 131
2020/04/13 09:43, 142.500000, 143.500000, 142.500000, 143.000000, 63
2020/04/13 09:44, 143.500000, 144.000000, 143.000000, 143.500000, 102
2020/04/13 09:45, 143.000000, 144.000000, 143.000000, 143.500000, 71
2020/04/13 09:46, 143.500000, 143.500000, 143.000000, 143.500000, 26
2020/04/13 09:47, 143.500000, 143.500000, 141.500000, 142.000000, 153
2020/04/13 09:48, 141.500000, 142.000000, 141.500000, 142.000000, 41
2020/04/13 09:49, 142.000000, 142.000000, 142.000000, 142.000000, 16
2020/04/13 09:50, 142.500000, 142.500000, 142.000000, 142.500000, 12
2020/04/13 09:51, 142.500000, 142.500000, 142.500000, 142.500000, 27
2020/04/13 09:52, 142.500000, 143.000000, 142.500000, 142.500000, 32
2020/04/13 09:53, 142.500000, 143.000000, 142.000000, 143.000000, 25
2020/04/13 09:54, 142.500000, 143.000000, 142.500000, 143.000000, 8
2020/04/13 09:55, 143.000000, 143.000000, 142.500000, 143.000000, 7
2020/04/13 09:56, 142.500000, 142.500000, 142.000000, 142.000000, 32
2020/04/13 09:57, 142.000000, 142.500000, 142.000000, 142.000000, 160
2020/04/13 09:58, 142.000000, 142.000000, 142.000000, 142.000000, 21
2020/04/13 09:59, 142.000000, 142.000000, 142.000000, 142.000000, 7
2020/04/13 10:00, 142.500000, 142.500000, 141.500000, 141.500000, 109
2020/04/13 10:01, 141.500000, 141.500000, 141.000000, 141.000000, 101
2020/04/13 10:02, 140.500000, 141.500000, 140.500000, 141.000000, 42
2020/04/13 10:03, 141.000000, 141.500000, 140.500000, 141.500000, 37
2020/04/13 10:04, 141.500000, 142.000000, 141.500000, 142.000000, 33
2020/04/13 10:05, 142.000000, 142.000000, 141.500000, 141.500000, 19
2020/04/13 10:06, 141.500000, 141.500000, 141.500000, 141.500000, 3
2020/04/13 10:07, 142.000000, 142.000000, 142.000000, 142.000000, 2
2020/04/13 10:08, 142.000000, 142.000000, 141.500000, 142.000000, 9
2020/04/13 10:09, 142.000000, 142.000000, 141.500000, 142.000000, 6
2020/04/13 10:10, 142.000000, 142.000000, 142.000000, 142.000000, 6
2020/04/13 10:11, 141.500000, 141.500000, 141.500000, 141.500000, 3
2020/04/13 10:12, 141.500000, 141.500000, 141.500000, 141.500000, 5
2020/04/13 10:13, 142.000000, 142.000000, 142.000000, 142.000000, 2
2020/04/13 10:14, 141.500000, 142.000000, 141.500000, 142.000000, 15
2020/04/13 10:15, 142.000000, 142.000000, 142.000000, 142.000000, 26
2020/04/13 10:16, 142.000000, 142.500000, 142.000000, 142.500000, 19
2020/04/13 10:17, 142.000000, 142.500000, 142.000000, 142.500000, 5
2020/04/13 10:18, 142.500000, 142.500000, 142.000000, 142.500000, 30
2020/04/13 10:19, 142.500000, 142.500000, 142.500000, 142.500000, 49
2020/04/13 10:20, 142.500000, 142.500000, 142.000000, 142.500000, 20
2020/04/13 10:21, 142.000000, 142.500000, 142.000000, 142.500000, 8
2020/04/13 10:22, 142.500000, 142.500000, 142.000000, 142.500000, 3
2020/04/13 10:23, 142.000000, 142.000000, 142.000000, 142.000000, 13
2020/04/13 10:24, 142.000000, 142.000000, 141.500000, 141.500000, 9
2020/04/13 10:25, 141.500000, 141.500000, 141.000000, 141.000000, 83
2020/04/13 10:26, 141.000000, 141.000000, 141.000000, 141.000000, 10
2020/04/13 10:27, 141.000000, 141.000000, 141.000000, 141.000000, 11
2020/04/13 10:28, 141.000000, 141.000000, 140.500000, 141.000000, 8
2020/04/13 10:29, 141.000000, 141.000000, 141.000000, 141.000000, 2
2020/04/13 10:30, 141.000000, 141.000000, 141.000000, 141.000000, 14
2020/04/13 10:31, 141.000000, 141.500000, 141.000000, 141.500000, 11
2020/04/13 10:32, 141.500000, 141.500000, 141.500000, 141.500000, 6
2020/04/13 10:33, 141.000000, 141.000000, 141.000000, 141.000000, 29
2020/04/13 10:34, 141.000000, 141.000000, 141.000000, 141.000000, 15
2020/04/13 10:35, 141.000000, 141.000000, 141.000000, 141.000000, 8
2020/04/13 10:36, 141.500000, 141.500000, 141.000000, 141.000000, 9
2020/04/13 10:37, 141.000000, 141.500000, 141.000000, 141.500000, 3
2020/04/13 10:38, 141.000000, 141.000000, 141.000000, 141.000000, 1
2020/04/13 10:39, 141.000000, 141.000000, 141.000000, 141.000000, 1
2020/04/13 10:40, 141.000000, 141.000000, 141.000000, 141.000000, 7
2020/04/13 10:41, 141.000000, 141.000000, 141.000000, 141.000000, 1
2020/04/13 10:42, 141.000000, 141.500000, 141.000000, 141.500000, 3
2020/04/13 10:43, 141.500000, 141.500000, 141.500000, 141.500000, 3
2020/04/13 10:44, 141.500000, 141.500000, 141.500000, 141.500000, 0
2020/04/13 10:45, 141.500000, 141.500000, 141.500000, 141.500000, 1
2020/04/13 10:46, 141.500000, 141.500000, 141.500000, 141.500000, 2
2020/04/13 10:47, 141.500000, 141.500000, 141.000000, 141.000000, 4
2020/04/13 10:48, 141.500000, 141.500000, 141.500000, 141.500000, 1
2020/04/13 10:49, 141.500000, 142.000000, 141.500000, 142.000000, 15
2020/04/13 10:50, 142.000000, 142.000000, 142.000000, 142.000000, 1
2020/04/13 10:51, 142.000000, 142.000000, 141.500000, 141.500000, 4
2020/04/13 10:52, 141.500000, 142.000000, 141.500000, 142.000000, 3
2020/04/13 10:53, 142.000000, 142.000000, 142.000000, 142.000000, 4
2020/04/13 10:54, 141.500000, 141.500000, 141.500000, 141.500000, 3
2020/04/13 10:55, 141.500000, 142.000000, 141.500000, 142.000000, 2
2020/04/13 10:56, 141.500000, 141.500000, 141.500000, 141.500000, 2
2020/04/13 10:57, 141.500000, 141.500000, 141.500000, 141.500000, 2
2020/04/13 10:58, 141.500000, 141.500000, 141.000000, 141.000000, 20
2020/04/13 10:59, 141.000000, 141.000000, 141.000000, 141.000000, 0
2020/04/13 11:00, 141.000000, 141.000000, 141.000000, 141.000000, 42
2020/04/13 11:01, 140.500000, 141.000000, 140.500000, 141.000000, 4
2020/04/13 11:02, 141.000000, 141.000000, 141.000000, 141.000000, 3
2020/04/13 11:03, 140.500000, 141.000000, 140.500000, 141.000000, 6
2020/04/13 11:04, 140.500000, 140.500000, 140.500000, 140.500000, 4
2020/04/13 11:05, 140.500000, 140.500000, 140.500000, 140.500000, 36
2020/04/13 11:06, 140.000000, 140.500000, 140.000000, 140.000000, 6
2020/04/13 11:07, 140.000000, 140.000000, 140.000000, 140.000000, 31
2020/04/13 11:08, 140.000000, 140.500000, 140.000000, 140.500000, 4
2020/04/13 11:09, 140.500000, 140.500000, 140.500000, 140.500000, 31
2020/04/13 11:10, 140.500000, 140.500000, 140.500000, 140.500000, 4
2020/04/13 11:11, 140.000000, 140.500000, 140.000000, 140.500000, 16
2020/04/13 11:12, 141.000000, 141.000000, 141.000000, 141.000000, 3
2020/04/13 11:13, 141.000000, 141.000000, 140.500000, 140.500000, 2
2020/04/13 11:14, 140.500000, 140.500000, 140.500000, 140.500000, 0
2020/04/13 11:15, 140.500000, 140.500000, 140.500000, 140.500000, 0
2020/04/13 11:16, 140.500000, 140.500000, 140.500000, 140.500000, 0
2020/04/13 11:17, 141.000000, 141.000000, 141.000000, 141.000000, 1
2020/04/13 11:18, 141.000000, 141.000000, 140.500000, 140.500000, 12
2020/04/13 11:19, 140.500000, 140.500000, 140.500000, 140.500000, 2
2020/04/13 11:20, 140.500000, 140.500000, 140.500000, 140.500000, 2
2020/04/13 11:21, 140.500000, 140.500000, 140.500000, 140.500000, 21
2020/04/13 11:22, 140.500000, 140.500000, 140.500000, 140.500000, 4
2020/04/13 11:23, 140.500000, 140.500000, 140.000000, 140.500000, 3
2020/04/13 11:24, 140.500000, 140.500000, 140.500000, 140.500000, 6
2020/04/13 11:25, 140.500000, 140.500000, 140.000000, 140.000000, 10
2020/04/13 11:26, 141.000000, 141.000000, 141.000000, 141.000000, 2
2020/04/13 11:27, 141.000000, 141.000000, 141.000000, 141.000000, 1
2020/04/13 11:28, 141.000000, 141.000000, 140.500000, 140.500000, 3
2020/04/13 11:29, 140.500000, 140.500000, 140.500000, 140.500000, 1
2020/04/13 11:30, 140.500000, 141.000000, 140.500000, 140.500000, 19
2020/04/13 11:31, 140.500000, 140.500000, 140.500000, 140.500000, 6
2020/04/13 11:32, 140.500000, 140.500000, 140.000000, 140.500000, 23
2020/04/13 11:33, 140.000000, 140.500000, 140.000000, 140.500000, 12
2020/04/13 11:34, 140.000000, 140.000000, 140.000000, 140.000000, 27
2020/04/13 11:35, 140.000000, 140.000000, 139.500000, 139.500000, 101
2020/04/13 11:36, 139.500000, 139.500000, 139.000000, 139.000000, 81
2020/04/13 11:37, 139.000000, 139.500000, 138.500000, 139.000000, 33
2020/04/13 11:38, 139.000000, 139.000000, 138.500000, 139.000000, 41
2020/04/13 11:39, 138.500000, 139.000000, 138.500000, 138.500000, 8
2020/04/13 11:40, 139.000000, 139.000000, 138.500000, 138.500000, 96
2020/04/13 11:41, 138.500000, 138.500000, 138.000000, 138.000000, 43
2020/04/13 11:42, 138.500000, 139.000000, 138.500000, 138.500000, 32
2020/04/13 11:43, 138.500000, 139.000000, 138.500000, 139.000000, 13
2020/04/13 11:44, 138.500000, 139.000000, 138.500000, 139.000000, 15
2020/04/13 11:45, 139.000000, 139.000000, 139.000000, 139.000000, 8
2020/04/13 11:46, 139.000000, 139.000000, 139.000000, 139.000000, 15
2020/04/13 11:47, 138.500000, 139.000000, 138.500000, 139.000000, 6
2020/04/13 11:48, 139.000000, 139.000000, 139.000000, 139.000000, 3
2020/04/13 11:49, 139.000000, 139.000000, 139.000000, 139.000000, 7
2020/04/13 11:50, 139.000000, 139.000000, 139.000000, 139.000000, 6
2020/04/13 11:51, 138.500000, 139.000000, 138.500000, 138.500000, 5
2020/04/13 11:52, 138.500000, 138.500000, 138.500000, 138.500000, 12
2020/04/13 11:53, 138.500000, 138.500000, 138.500000, 138.500000, 30
2020/04/13 11:54, 138.500000, 138.500000, 138.500000, 138.500000, 5
2020/04/13 11:55, 139.000000, 139.000000, 139.000000, 139.000000, 41
2020/04/13 11:56, 139.000000, 139.000000, 139.000000, 139.000000, 8
2020/04/13 11:57, 138.500000, 139.000000, 138.500000, 139.000000, 2
2020/04/13 11:58, 139.000000, 139.000000, 138.500000, 138.500000, 4
2020/04/13 11:59, 138.500000, 138.500000, 138.500000, 138.500000, 3
2020/04/13 12:00, 138.500000, 139.000000, 138.500000, 139.000000, 7
2020/04/13 12:01, 139.000000, 139.000000, 138.500000, 139.000000, 23
2020/04/13 12:02, 139.000000, 139.000000, 138.500000, 139.000000, 11
2020/04/13 12:03, 138.500000, 138.500000, 138.500000, 138.500000, 5
2020/04/13 12:04, 138.500000, 138.500000, 138.500000, 138.500000, 7
2020/04/13 12:05, 138.500000, 139.000000, 138.500000, 138.500000, 5
2020/04/13 12:06, 138.500000, 139.000000, 138.500000, 138.500000, 4
2020/04/13 12:07, 138.500000, 138.500000, 138.500000, 138.500000, 2
2020/04/13 12:08, 139.000000, 139.000000, 138.500000, 138.500000, 5
2020/04/13 12:09, 138.500000, 139.000000, 138.500000, 138.500000, 3
2020/04/13 12:10, 138.500000, 138.500000, 138.500000, 138.500000, 1
2020/04/13 12:11, 138.500000, 139.000000, 138.500000, 139.000000, 32
2020/04/13 12:12, 139.000000, 139.000000, 139.000000, 139.000000, 3
2020/04/13 12:13, 139.500000, 139.500000, 139.000000, 139.000000, 12
2020/04/13 12:14, 139.000000, 139.500000, 139.000000, 139.500000, 5
2020/04/13 12:15, 139.000000, 139.000000, 139.000000, 139.000000, 2
2020/04/13 12:16, 139.000000, 139.000000, 139.000000, 139.000000, 3
2020/04/13 12:17, 139.500000, 139.500000, 139.000000, 139.000000, 7
2020/04/13 12:18, 139.000000, 139.000000, 139.000000, 139.000000, 2
2020/04/13 12:19, 139.000000, 139.000000, 139.000000, 139.000000, 3
2020/04/13 12:20, 139.000000, 139.000000, 139.000000, 139.000000, 3
2020/04/13 12:21, 139.000000, 139.000000, 139.000000, 139.000000, 3
2020/04/13 12:22, 139.000000, 139.000000, 139.000000, 139.000000, 4
2020/04/13 12:23, 139.000000, 139.000000, 139.000000, 139.000000, 1
2020/04/13 12:24, 139.000000, 139.500000, 139.000000, 139.000000, 12
2020/04/13 12:25, 139.000000, 139.500000, 139.000000, 139.500000, 2
2020/04/13 12:26, 139.000000, 139.000000, 139.000000, 139.000000, 1
2020/04/13 12:27, 139.500000, 139.500000, 139.500000, 139.500000, 1
2020/04/13 12:28, 139.000000, 139.500000, 139.000000, 139.500000, 8
2020/04/13 12:29, 139.500000, 139.500000, 139.000000, 139.000000, 5
2020/04/13 12:30, 139.500000, 139.500000, 139.500000, 139.500000, 34
2020/04/13 12:31, 139.500000, 139.500000, 139.500000, 139.500000, 18
2020/04/13 12:32, 139.500000, 139.500000, 139.000000, 139.500000, 7
2020/04/13 12:33, 139.500000, 139.500000, 139.000000, 139.500000, 5
2020/04/13 12:34, 139.500000, 139.500000, 139.500000, 139.500000, 3
2020/04/13 12:35, 139.500000, 139.500000, 139.500000, 139.500000, 6
2020/04/13 12:36, 139.500000, 139.500000, 139.500000, 139.500000, 26
2020/04/13 12:37, 140.000000, 140.000000, 140.000000, 140.000000, 13
2020/04/13 12:38, 140.000000, 140.500000, 139.500000, 140.500000, 67
2020/04/13 12:39, 140.500000, 140.500000, 140.000000, 140.000000, 19
2020/04/13 12:40, 140.000000, 140.000000, 140.000000, 140.000000, 5
2020/04/13 12:41, 140.000000, 140.000000, 140.000000, 140.000000, 15
2020/04/13 12:42, 140.000000, 140.500000, 139.500000, 140.000000, 30
2020/04/13 12:43, 140.000000, 140.000000, 139.500000, 140.000000, 10
2020/04/13 12:44, 140.000000, 140.000000, 140.000000, 140.000000, 2
2020/04/13 12:45, 140.000000, 140.000000, 139.500000, 139.500000, 6
2020/04/13 12:46, 140.000000, 140.000000, 139.500000, 139.500000, 7
2020/04/13 12:47, 139.500000, 140.000000, 139.500000, 139.500000, 12
2020/04/13 12:48, 139.500000, 139.500000, 139.500000, 139.500000, 0
2020/04/13 12:49, 140.000000, 140.000000, 139.500000, 140.000000, 4
2020/04/13 12:50, 139.500000, 139.500000, 139.500000, 139.500000, 4
2020/04/13 12:51, 139.500000, 139.500000, 139.500000, 139.500000, 2
2020/04/13 12:52, 139.500000, 139.500000, 139.500000, 139.500000, 3
2020/04/13 12:53, 139.500000, 140.000000, 139.500000, 139.500000, 11
2020/04/13 12:54, 139.500000, 139.500000, 139.500000, 139.500000, 2
2020/04/13 12:55, 139.500000, 139.500000, 139.500000, 139.500000, 12
2020/04/13 12:56, 139.500000, 139.500000, 139.500000, 139.500000, 9
2020/04/13 12:57, 140.000000, 140.000000, 139.500000, 139.500000, 3
2020/04/13 12:58, 140.000000, 140.000000, 139.500000, 139.500000, 4
2020/04/13 12:59, 139.500000, 139.500000, 139.500000, 139.500000, 1
2020/04/13 13:00, 140.000000, 140.000000, 139.500000, 140.000000, 13
2020/04/13 13:01, 139.500000, 140.000000, 139.500000, 140.000000, 13
2020/04/13 13:02, 139.500000, 139.500000, 139.500000, 139.500000, 1
2020/04/13 13:03, 139.500000, 140.000000, 139.500000, 139.500000, 10
2020/04/13 13:04, 139.500000, 140.000000, 139.500000, 139.500000, 4
2020/04/13 13:05, 140.000000, 140.000000, 139.500000, 139.500000, 12
2020/04/13 13:06, 139.500000, 140.000000, 139.500000, 140.000000, 8
2020/04/13 13:07, 140.000000, 140.500000, 139.500000, 140.500000, 88
2020/04/13 13:08, 140.500000, 140.500000, 140.000000, 140.500000, 42
2020/04/13 13:09, 140.500000, 140.500000, 139.500000, 139.500000, 32
2020/04/13 13:10, 140.000000, 140.000000, 139.500000, 139.500000, 3
2020/04/13 13:11, 139.500000, 139.500000, 139.500000, 139.500000, 6
2020/04/13 13:12, 139.500000, 139.500000, 139.500000, 139.500000, 7
2020/04/13 13:13, 139.500000, 140.000000, 139.500000, 139.500000, 6
2020/04/13 13:14, 139.500000, 140.000000, 139.500000, 140.000000, 18
2020/04/13 13:15, 139.500000, 139.500000, 139.000000, 139.000000, 69
2020/04/13 13:16, 139.000000, 139.500000, 139.000000, 139.000000, 14
2020/04/13 13:17, 139.000000, 139.000000, 139.000000, 139.000000, 88
2020/04/13 13:18, 139.000000, 139.000000, 138.500000, 139.000000, 17
2020/04/13 13:19, 139.000000, 139.000000, 139.000000, 139.000000, 4
2020/04/13 13:20, 139.000000, 139.000000, 139.000000, 139.000000, 23
2020/04/13 13:21, 139.000000, 139.500000, 139.000000, 139.500000, 12
2020/04/13 13:22, 139.500000, 139.500000, 139.000000, 139.500000, 18
2020/04/13 13:23, 139.500000, 140.000000, 139.000000, 140.000000, 29
2020/04/13 13:24, 139.500000, 140.000000, 139.500000, 140.000000, 16
2020/04/13 13:25, 139.500000, 140.000000, 139.000000, 139.000000, 41
2020/04/13 13:26, 139.000000, 139.000000, 139.000000, 139.000000, 0
2020/04/13 13:27, 139.000000, 139.000000, 139.000000, 139.000000, 0
2020/04/13 13:28, 139.000000, 139.000000, 139.000000, 139.000000, 0
2020/04/13 13:29, 139.000000, 139.000000, 139.000000, 139.000000, 0
2020/04/13 13:30, 139.500000, 139.500000, 139.500000, 139.500000, 383
2020/04/14 09:01, 141.500000, 141.500000, 141.000000, 141.000000, 154
2020/04/14 09:02, 140.500000, 141.500000, 140.500000, 141.000000, 35
2020/04/14 09:03, 141.000000, 141.500000, 141.000000, 141.000000, 27
2020/04/14 09:04, 141.000000, 141.000000, 141.000000, 141.000000, 20
2020/04/14 09:05, 141.000000, 141.000000, 140.000000, 140.500000, 27
2020/04/14 09:06, 140.500000, 141.000000, 139.500000, 140.500000, 69
2020/04/14 09:07, 140.500000, 140.500000, 140.000000, 140.000000, 12
2020/04/14 09:08, 140.000000, 140.500000, 140.000000, 140.500000, 37
2020/04/14 09:09, 140.500000, 141.000000, 140.500000, 141.000000, 10
2020/04/14 09:10, 140.500000, 141.000000, 140.500000, 140.500000, 11
2020/04/14 09:11, 141.000000, 141.000000, 140.000000, 141.000000, 17
2020/04/14 09:12, 140.500000, 141.000000, 140.500000, 141.000000, 6
2020/04/14 09:13, 141.000000, 141.000000, 140.500000, 141.000000, 6
2020/04/14 09:14, 140.500000, 141.500000, 140.500000, 141.000000, 38
2020/04/14 09:15, 141.000000, 141.500000, 141.000000, 141.000000, 13
2020/04/14 09:16, 141.500000, 141.500000, 141.000000, 141.000000, 5
2020/04/14 09:17, 141.000000, 141.500000, 141.000000, 141.500000, 5
2020/04/14 09:18, 141.500000, 141.500000, 141.500000, 141.500000, 0
2020/04/14 09:19, 141.000000, 141.500000, 141.000000, 141.500000, 7
2020/04/14 09:20, 141.000000, 141.500000, 141.000000, 141.000000, 11
2020/04/14 09:21, 141.000000, 141.500000, 141.000000, 141.000000, 11
2020/04/14 09:22, 141.000000, 141.000000, 140.000000, 140.000000, 66
2020/04/14 09:23, 140.500000, 140.500000, 140.000000, 140.000000, 10
2020/04/14 09:24, 140.500000, 140.500000, 140.000000, 140.000000, 10
2020/04/14 09:25, 140.000000, 140.500000, 140.000000, 140.000000, 15
2020/04/14 09:26, 140.000000, 140.500000, 140.000000, 140.500000, 5
2020/04/14 09:27, 140.500000, 140.500000, 140.000000, 140.000000, 14
2020/04/14 09:28, 140.000000, 140.000000, 140.000000, 140.000000, 3
2020/04/14 09:29, 140.500000, 140.500000, 140.000000, 140.000000, 7
2020/04/14 09:30, 140.000000, 140.000000, 140.000000, 140.000000, 0
2020/04/14 09:31, 140.000000, 140.000000, 140.000000, 140.000000, 4
2020/04/14 09:32, 140.500000, 140.500000, 140.000000, 140.000000, 2
2020/04/14 09:33, 140.000000, 140.500000, 140.000000, 140.500000, 3
2020/04/14 09:34, 140.000000, 141.000000, 140.000000, 141.000000, 14
2020/04/14 09:35, 141.000000, 141.000000, 140.500000, 141.000000, 5
2020/04/14 09:36, 140.500000, 141.000000, 140.500000, 141.000000, 6
2020/04/14 09:37, 141.000000, 141.000000, 141.000000, 141.000000, 0
2020/04/14 09:38, 141.000000, 141.000000, 141.000000, 141.000000, 1
2020/04/14 09:39, 141.000000, 141.000000, 141.000000, 141.000000, 4
2020/04/14 09:40, 140.500000, 140.500000, 140.500000, 140.500000, 1
2020/04/14 09:41, 140.500000, 141.000000, 140.500000, 141.000000, 2
2020/04/14 09:42, 140.500000, 141.000000, 140.500000, 140.500000, 14
2020/04/14 09:43, 140.500000, 140.500000, 140.000000, 140.000000, 14
2020/04/14 09:44, 140.500000, 140.500000, 140.500000, 140.500000, 10
2020/04/14 09:45, 140.500000, 140.500000, 140.500000, 140.500000, 3
2020/04/14 09:46, 140.500000, 141.000000, 140.500000, 141.000000, 4
2020/04/14 09:47, 140.500000, 141.000000, 140.500000, 141.000000, 4
2020/04/14 09:48, 141.000000, 141.000000, 141.000000, 141.000000, 1
2020/04/14 09:49, 141.000000, 141.000000, 140.500000, 140.500000, 4
2020/04/14 09:50, 140.500000, 140.500000, 140.500000, 140.500000, 28
2020/04/14 09:51, 140.500000, 140.500000, 140.500000, 140.500000, 3
2020/04/14 09:52, 140.500000, 140.500000, 140.500000, 140.500000, 3
2020/04/14 09:53, 140.500000, 140.500000, 140.500000, 140.500000, 1
2020/04/14 09:54, 140.500000, 140.500000, 140.500000, 140.500000, 23
2020/04/14 09:55, 140.500000, 140.500000, 140.500000, 140.500000, 6
2020/04/14 09:56, 140.500000, 140.500000, 140.500000, 140.500000, 6
2020/04/14 09:57, 140.500000, 140.500000, 140.500000, 140.500000, 6
2020/04/14 09:58, 140.500000, 140.500000, 140.500000, 140.500000, 1
2020/04/14 09:59, 140.500000, 140.500000, 140.500000, 140.500000, 5
2020/04/14 10:00, 140.500000, 140.500000, 140.500000, 140.500000, 1
2020/04/14 10:01, 140.500000, 140.500000, 140.000000, 140.500000, 8
2020/04/14 10:02, 140.000000, 140.500000, 140.000000, 140.000000, 12
2020/04/14 10:03, 140.500000, 140.500000, 140.500000, 140.500000, 2
2020/04/14 10:04, 140.500000, 140.500000, 140.500000, 140.500000, 3
2020/04/14 10:05, 140.500000, 140.500000, 140.500000, 140.500000, 2
2020/04/14 10:06, 140.500000, 140.500000, 140.500000, 140.500000, 8
2020/04/14 10:07, 140.500000, 140.500000, 140.500000, 140.500000, 8
2020/04/14 10:08, 140.500000, 140.500000, 140.500000, 140.500000, 1
2020/04/14 10:09, 140.500000, 140.500000, 140.500000, 140.500000, 5
2020/04/14 10:10, 140.500000, 141.000000, 140.500000, 141.000000, 5
2020/04/14 10:11, 141.000000, 141.000000, 140.500000, 140.500000, 3
2020/04/14 10:12, 141.000000, 141.000000, 141.000000, 141.000000, 1
2020/04/14 10:13, 140.500000, 141.000000, 140.500000, 140.500000, 5
2020/04/14 10:14, 140.500000, 140.500000, 140.500000, 140.500000, 3
2020/04/14 10:15, 140.500000, 141.000000, 140.000000, 140.000000, 3
2020/04/14 10:16, 140.500000, 140.500000, 140.500000, 140.500000, 1
2020/04/14 10:17, 140.500000, 140.500000, 140.000000, 140.500000, 4
2020/04/14 10:18, 140.500000, 140.500000, 140.500000, 140.500000, 9
2020/04/14 10:19, 140.000000, 140.500000, 140.000000, 140.500000, 6
2020/04/14 10:20, 140.500000, 140.500000, 140.500000, 140.500000, 5
2020/04/14 10:21, 140.500000, 140.500000, 140.500000, 140.500000, 4
2020/04/14 10:22, 140.500000, 140.500000, 140.500000, 140.500000, 6
2020/04/14 10:23, 140.500000, 140.500000, 140.500000, 140.500000, 2
2020/04/14 10:24, 140.000000, 140.500000, 140.000000, 140.500000, 5
2020/04/14 10:25, 140.000000, 140.000000, 140.000000, 140.000000, 4
2020/04/14 10:26, 140.000000, 140.500000, 140.000000, 140.000000, 8
2020/04/14 10:27, 140.000000, 140.000000, 140.000000, 140.000000, 9
2020/04/14 10:28, 140.000000, 140.500000, 140.000000, 140.500000, 57
2020/04/14 10:29, 140.500000, 140.500000, 140.500000, 140.500000, 0
2020/04/14 10:30, 140.500000, 140.500000, 140.000000, 140.000000, 3
2020/04/14 10:31, 140.000000, 140.500000, 140.000000, 140.000000, 4
2020/04/14 10:32, 140.000000, 140.000000, 140.000000, 140.000000, 12
2020/04/14 10:33, 140.500000, 140.500000, 139.500000, 140.000000, 13
2020/04/14 10:34, 139.500000, 140.000000, 139.500000, 140.000000, 8
2020/04/14 10:35, 140.000000, 140.000000, 139.500000, 139.500000, 18
2020/04/14 10:36, 139.500000, 139.500000, 139.000000, 139.500000, 23
2020/04/14 10:37, 139.500000, 139.500000, 139.000000, 139.500000, 5
2020/04/14 10:38, 139.500000, 139.500000, 139.000000, 139.000000, 9
2020/04/14 10:39, 139.500000, 139.500000, 139.000000, 139.000000, 30
2020/04/14 10:40, 139.000000, 139.500000, 138.500000, 139.000000, 36
2020/04/14 10:41, 139.000000, 139.000000, 138.500000, 139.000000, 19
2020/04/14 10:42, 138.500000, 139.000000, 138.500000, 138.500000, 17
2020/04/14 10:43, 139.000000, 139.000000, 138.500000, 138.500000, 49
2020/04/14 10:44, 138.500000, 139.000000, 138.000000, 138.500000, 23
2020/04/14 10:45, 138.500000, 138.500000, 138.500000, 138.500000, 7
2020/04/14 10:46, 139.000000, 139.000000, 138.500000, 138.500000, 4
2020/04/14 10:47, 138.500000, 138.500000, 138.500000, 138.500000, 2
2020/04/14 10:48, 138.500000, 138.500000, 138.500000, 138.500000, 2
2020/04/14 10:49, 138.500000, 139.000000, 138.500000, 139.000000, 16
2020/04/14 10:50, 139.000000, 139.500000, 139.000000, 139.500000, 12
2020/04/14 10:51, 139.000000, 139.500000, 139.000000, 139.000000, 3
2020/04/14 10:52, 139.000000, 139.000000, 139.000000, 139.000000, 7
2020/04/14 10:53, 139.000000, 139.500000, 139.000000, 139.500000, 3
2020/04/14 10:54, 139.500000, 139.500000, 139.500000, 139.500000, 0
2020/04/14 10:55, 139.000000, 139.000000, 139.000000, 139.000000, 1
2020/04/14 10:56, 139.000000, 139.000000, 139.000000, 139.000000, 2
2020/04/14 10:57, 139.000000, 139.000000, 139.000000, 139.000000, 0
2020/04/14 10:58, 139.000000, 139.000000, 139.000000, 139.000000, 2
2020/04/14 10:59, 139.000000, 139.000000, 139.000000, 139.000000, 2
2020/04/14 11:00, 139.000000, 139.000000, 139.000000, 139.000000, 0
2020/04/14 11:01, 139.000000, 139.000000, 139.000000, 139.000000, 0
2020/04/14 11:02, 139.500000, 139.500000, 139.500000, 139.500000, 1
2020/04/14 11:03, 139.000000, 139.500000, 139.000000, 139.000000, 17
2020/04/14 11:04, 139.000000, 139.000000, 139.000000, 139.000000, 0
2020/04/14 11:05, 139.000000, 139.000000, 139.000000, 139.000000, 2
2020/04/14 11:06, 139.000000, 139.000000, 139.000000, 139.000000, 0
2020/04/14 11:07, 139.000000, 139.500000, 139.000000, 139.500000, 3
2020/04/14 11:08, 139.500000, 139.500000, 139.500000, 139.500000, 1
2020/04/14 11:09, 139.500000, 139.500000, 139.500000, 139.500000, 0
2020/04/14 11:10, 139.500000, 139.500000, 139.500000, 139.500000, 1
2020/04/14 11:11, 139.500000, 139.500000, 139.500000, 139.500000, 0
2020/04/14 11:12, 139.000000, 139.000000, 139.000000, 139.000000, 5
2020/04/14 11:13, 139.000000, 139.000000, 139.000000, 139.000000, 2
2020/04/14 11:14, 139.500000, 139.500000, 139.000000, 139.000000, 7
2020/04/14 11:15, 139.500000, 139.500000, 139.500000, 139.500000, 2
2020/04/14 11:16, 139.000000, 139.000000, 139.000000, 139.000000, 1
2020/04/14 11:17, 139.500000, 139.500000, 139.000000, 139.500000, 4
2020/04/14 11:18, 139.500000, 139.500000, 139.500000, 139.500000, 7
2020/04/14 11:19, 139.000000, 139.000000, 139.000000, 139.000000, 1
2020/04/14 11:20, 139.500000, 139.500000, 139.500000, 139.500000, 2
2020/04/14 11:21, 139.000000, 139.000000, 139.000000, 139.000000, 2
2020/04/14 11:22, 139.000000, 139.000000, 139.000000, 139.000000, 3
2020/04/14 11:23, 139.000000, 139.500000, 139.000000, 139.500000, 3
2020/04/14 11:24, 139.500000, 139.500000, 139.500000, 139.500000, 0
2020/04/14 11:25, 139.500000, 139.500000, 139.500000, 139.500000, 0
2020/04/14 11:26, 139.000000, 139.500000, 139.000000, 139.500000, 2
2020/04/14 11:27, 139.000000, 139.500000, 139.000000, 139.000000, 4
2020/04/14 11:28, 139.000000, 139.000000, 139.000000, 139.000000, 0
2020/04/14 11:29, 139.000000, 139.500000, 139.000000, 139.000000, 4
2020/04/14 11:30, 139.000000, 139.000000, 139.000000, 139.000000, 1
2020/04/14 11:31, 139.500000, 139.500000, 139.000000, 139.000000, 5
2020/04/14 11:32, 139.000000, 139.500000, 139.000000, 139.500000, 11
2020/04/14 11:33, 139.500000, 139.500000, 139.500000, 139.500000, 6
2020/04/14 11:34, 139.500000, 139.500000, 139.500000, 139.500000, 2
2020/04/14 11:35, 139.500000, 139.500000, 139.500000, 139.500000, 0
2020/04/14 11:36, 139.500000, 139.500000, 139.500000, 139.500000, 1
2020/04/14 11:37, 139.500000, 139.500000, 139.000000, 139.000000, 7
2020/04/14 11:38, 139.000000, 139.000000, 139.000000, 139.000000, 0
2020/04/14 11:39, 139.000000, 139.000000, 139.000000, 139.000000, 0
2020/04/14 11:40, 139.000000, 139.500000, 139.000000, 139.500000, 3
2020/04/14 11:41, 139.500000, 139.500000, 139.000000, 139.500000, 4
2020/04/14 11:42, 139.500000, 139.500000, 139.500000, 139.500000, 1
2020/04/14 11:43, 139.000000, 139.000000, 139.000000, 139.000000, 1
2020/04/14 11:44, 139.000000, 139.000000, 139.000000, 139.000000, 1
2020/04/14 11:45, 139.500000, 139.500000, 139.500000, 139.500000, 1
2020/04/14 11:46, 139.000000, 139.000000, 139.000000, 139.000000, 1
2020/04/14 11:47, 139.000000, 139.000000, 139.000000, 139.000000, 2
2020/04/14 11:48, 139.000000, 139.000000, 139.000000, 139.000000, 31
2020/04/14 11:49, 139.000000, 139.000000, 139.000000, 139.000000, 2
2020/04/14 11:50, 139.000000, 139.000000, 139.000000, 139.000000, 3
2020/04/14 11:51, 139.000000, 139.000000, 139.000000, 139.000000, 1
2020/04/14 11:52, 139.000000, 139.000000, 139.000000, 139.000000, 0
2020/04/14 11:53, 139.000000, 139.000000, 139.000000, 139.000000, 6
2020/04/14 11:54, 139.000000, 139.000000, 139.000000, 139.000000, 5
2020/04/14 11:55, 139.000000, 139.000000, 139.000000, 139.000000, 2
2020/04/14 11:56, 139.000000, 139.000000, 139.000000, 139.000000, 1
2020/04/14 11:57, 139.000000, 139.000000, 139.000000, 139.000000, 0
2020/04/14 11:58, 139.000000, 139.000000, 139.000000, 139.000000, 1
2020/04/14 11:59, 139.000000, 139.000000, 139.000000, 139.000000, 0
2020/04/14 12:00, 139.500000, 139.500000, 139.000000, 139.000000, 4
2020/04/14 12:01, 139.500000, 139.500000, 139.500000, 139.500000, 1
2020/04/14 12:02, 139.500000, 139.500000, 139.000000, 139.000000, 2
2020/04/14 12:03, 139.000000, 139.000000, 139.000000, 139.000000, 1
2020/04/14 12:04, 139.000000, 139.000000, 139.000000, 139.000000, 2
2020/04/14 12:05, 139.000000, 139.000000, 139.000000, 139.000000, 1
2020/04/14 12:06, 139.000000, 139.000000, 139.000000, 139.000000, 7
2020/04/14 12:07, 139.000000, 139.000000, 139.000000, 139.000000, 6
2020/04/14 12:08, 139.000000, 139.000000, 139.000000, 139.000000, 15
2020/04/14 12:09, 139.000000, 139.000000, 139.000000, 139.000000, 6
2020/04/14 12:10, 139.000000, 139.000000, 138.500000, 139.000000, 61
2020/04/14 12:11, 139.000000, 139.500000, 138.500000, 139.000000, 5
2020/04/14 12:12, 139.000000, 139.000000, 139.000000, 139.000000, 1
2020/04/14 12:13, 139.000000, 139.000000, 139.000000, 139.000000, 2
2020/04/14 12:14, 139.000000, 139.000000, 139.000000, 139.000000, 3
2020/04/14 12:15, 138.500000, 139.000000, 138.500000, 139.000000, 17
2020/04/14 12:16, 139.000000, 139.000000, 139.000000, 139.000000, 3
2020/04/14 12:17, 139.000000, 139.000000, 138.500000, 138.500000, 2
2020/04/14 12:18, 138.500000, 138.500000, 138.500000, 138.500000, 0
2020/04/14 12:19, 138.500000, 138.500000, 138.500000, 138.500000, 6
2020/04/14 12:20, 138.500000, 138.500000, 138.500000, 138.500000, 5
2020/04/14 12:21, 139.000000, 139.000000, 139.000000, 139.000000, 2
2020/04/14 12:22, 138.500000, 138.500000, 138.500000, 138.500000, 10
2020/04/14 12:23, 138.500000, 139.000000, 138.500000, 139.000000, 2
2020/04/14 12:24, 138.500000, 138.500000, 138.500000, 138.500000, 1
2020/04/14 12:25, 138.500000, 138.500000, 138.500000, 138.500000, 1
2020/04/14 12:26, 138.500000, 138.500000, 138.500000, 138.500000, 1
2020/04/14 12:27, 139.000000, 139.000000, 139.000000, 139.000000, 1
2020/04/14 12:28, 139.000000, 139.000000, 138.500000, 138.500000, 3
2020/04/14 12:29, 138.500000, 138.500000, 138.500000, 138.500000, 1
2020/04/14 12:30, 138.500000, 138.500000, 138.500000, 138.500000, 6
2020/04/14 12:31, 138.500000, 138.500000, 138.500000, 138.500000, 5
2020/04/14 12:32, 139.000000, 139.000000, 138.500000, 138.500000, 4
2020/04/14 12:33, 138.500000, 138.500000, 138.500000, 138.500000, 1
2020/04/14 12:34, 138.500000, 138.500000, 138.500000, 138.500000, 1
2020/04/14 12:35, 139.000000, 139.000000, 139.000000, 139.000000, 2
2020/04/14 12:36, 139.000000, 139.000000, 139.000000, 139.000000, 33
2020/04/14 12:37, 139.500000, 139.500000, 139.000000, 139.000000, 7
2020/04/14 12:38, 139.000000, 139.000000, 139.000000, 139.000000, 5
2020/04/14 12:39, 139.000000, 139.500000, 139.000000, 139.500000, 3
2020/04/14 12:40, 139.000000, 139.000000, 139.000000, 139.000000, 1
2020/04/14 12:41, 139.000000, 139.000000, 139.000000, 139.000000, 0
2020/04/14 12:42, 139.500000, 139.500000, 139.000000, 139.000000, 6
2020/04/14 12:43, 139.000000, 139.500000, 139.000000, 139.500000, 4
2020/04/14 12:44, 139.000000, 139.000000, 139.000000, 139.000000, 11
2020/04/14 12:45, 139.000000, 139.000000, 139.000000, 139.000000, 0
2020/04/14 12:46, 139.000000, 139.000000, 139.000000, 139.000000, 0
2020/04/14 12:47, 139.000000, 139.000000, 139.000000, 139.000000, 0
2020/04/14 12:48, 139.000000, 139.000000, 139.000000, 139.000000, 2
2020/04/14 12:49, 139.000000, 139.000000, 139.000000, 139.000000, 4
2020/04/14 12:50, 139.500000, 139.500000, 139.000000, 139.500000, 10
2020/04/14 12:51, 139.000000, 139.000000, 139.000000, 139.000000, 4
2020/04/14 12:52, 139.000000, 139.000000, 139.000000, 139.000000, 3
2020/04/14 12:53, 139.000000, 139.000000, 139.000000, 139.000000, 1
2020/04/14 12:54, 139.000000, 139.000000, 139.000000, 139.000000, 7
2020/04/14 12:55, 139.000000, 139.000000, 139.000000, 139.000000, 5
2020/04/14 12:56, 139.500000, 139.500000, 139.500000, 139.500000, 2
2020/04/14 12:57, 139.500000, 139.500000, 139.500000, 139.500000, 0
2020/04/14 12:58, 139.000000, 139.500000, 139.000000, 139.500000, 9
2020/04/14 12:59, 139.500000, 139.500000, 139.000000, 139.000000, 5
2020/04/14 13:00, 139.000000, 139.000000, 139.000000, 139.000000, 1
2020/04/14 13:01, 139.500000, 139.500000, 139.500000, 139.500000, 3
2020/04/14 13:02, 139.500000, 139.500000, 139.500000, 139.500000, 49
2020/04/14 13:03, 139.500000, 140.000000, 139.500000, 140.000000, 21
2020/04/14 13:04, 140.000000, 140.000000, 139.500000, 140.000000, 14
2020/04/14 13:05, 140.000000, 140.000000, 139.500000, 140.000000, 4
2020/04/14 13:06, 140.000000, 140.000000, 140.000000, 140.000000, 7
2020/04/14 13:07, 140.000000, 140.000000, 140.000000, 140.000000, 28
2020/04/14 13:08, 140.000000, 140.000000, 140.000000, 140.000000, 1
2020/04/14 13:09, 140.000000, 140.000000, 140.000000, 140.000000, 3
2020/04/14 13:10, 140.000000, 140.000000, 139.500000, 139.500000, 8
2020/04/14 13:11, 140.000000, 140.000000, 139.500000, 139.500000, 24
2020/04/14 13:12, 140.000000, 140.000000, 140.000000, 140.000000, 3
2020/04/14 13:13, 140.000000, 140.000000, 139.500000, 139.500000, 8
2020/04/14 13:14, 139.500000, 140.000000, 139.500000, 139.500000, 5
2020/04/14 13:15, 139.500000, 139.500000, 139.500000, 139.500000, 6
2020/04/14 13:16, 139.500000, 139.500000, 139.500000, 139.500000, 1
2020/04/14 13:17, 139.500000, 140.000000, 139.500000, 139.500000, 8
2020/04/14 13:18, 139.500000, 140.000000, 139.500000, 139.500000, 5
2020/04/14 13:19, 139.500000, 140.000000, 139.500000, 139.500000, 5
2020/04/14 13:20, 139.500000, 139.500000, 139.500000, 139.500000, 7
2020/04/14 13:21, 139.500000, 140.000000, 139.500000, 139.500000, 11
2020/04/14 13:22, 140.000000, 140.000000, 139.500000, 140.000000, 5
2020/04/14 13:23, 139.500000, 140.000000, 139.500000, 139.500000, 25
2020/04/14 13:24, 140.000000, 140.000000, 139.500000, 140.000000, 17
2020/04/14 13:25, 139.500000, 140.000000, 139.500000, 140.000000, 24
2020/04/14 13:26, 140.000000, 140.000000, 140.000000, 140.000000, 0
2020/04/14 13:27, 140.000000, 140.000000, 140.000000, 140.000000, 0
2020/04/14 13:28, 140.000000, 140.000000, 140.000000, 140.000000, 0
2020/04/14 13:29, 140.000000, 140.000000, 140.000000, 140.000000, 0
2020/04/14 13:30, 140.000000, 140.000000, 140.000000, 140.000000, 215
2020/04/15 09:01, 139.000000, 140.000000, 139.000000, 139.500000, 144
2020/04/15 09:02, 139.500000, 139.500000, 139.000000, 139.500000, 60
2020/04/15 09:03, 139.000000, 139.000000, 138.500000, 139.000000, 29
2020/04/15 09:04, 139.500000, 139.500000, 138.500000, 139.000000, 67
2020/04/15 09:05, 139.000000, 139.000000, 138.000000, 138.000000, 100
2020/04/15 09:06, 138.000000, 138.500000, 137.500000, 138.000000, 93
2020/04/15 09:07, 138.000000, 138.000000, 137.000000, 137.000000, 106
2020/04/15 09:08, 137.000000, 137.500000, 136.500000, 137.500000, 92
2020/04/15 09:09, 137.500000, 138.000000, 137.000000, 138.000000, 68
2020/04/15 09:10, 138.000000, 138.000000, 137.500000, 137.500000, 36
2020/04/15 09:11, 138.000000, 138.000000, 137.500000, 138.000000, 22
2020/04/15 09:12, 137.500000, 138.000000, 137.500000, 138.000000, 5
2020/04/15 09:13, 137.500000, 138.500000, 137.500000, 138.500000, 32
2020/04/15 09:14, 138.000000, 138.000000, 137.500000, 137.500000, 19
2020/04/15 09:15, 137.500000, 137.500000, 137.500000, 137.500000, 7
2020/04/15 09:16, 137.500000, 138.000000, 137.500000, 137.500000, 8
2020/04/15 09:17, 137.500000, 138.000000, 137.500000, 137.500000, 8
2020/04/15 09:18, 138.000000, 138.000000, 137.500000, 137.500000, 6
2020/04/15 09:19, 137.500000, 138.000000, 137.500000, 138.000000, 27
2020/04/15 09:20, 138.000000, 138.000000, 138.000000, 138.000000, 4
2020/04/15 09:21, 138.000000, 138.000000, 138.000000, 138.000000, 13
2020/04/15 09:22, 137.500000, 138.000000, 137.500000, 137.500000, 9
2020/04/15 09:23, 137.500000, 137.500000, 137.500000, 137.500000, 10
2020/04/15 09:24, 137.500000, 137.500000, 137.500000, 137.500000, 6
2020/04/15 09:25, 137.500000, 137.500000, 137.500000, 137.500000, 2
2020/04/15 09:26, 137.500000, 137.500000, 137.000000, 137.000000, 58
2020/04/15 09:27, 137.000000, 137.500000, 137.000000, 137.500000, 10
2020/04/15 09:28, 137.500000, 137.500000, 137.000000, 137.500000, 21
2020/04/15 09:29, 137.500000, 137.500000, 137.500000, 137.500000, 15
2020/04/15 09:30, 137.500000, 137.500000, 137.000000, 137.500000, 15
2020/04/15 09:31, 137.500000, 137.500000, 137.500000, 137.500000, 16
2020/04/15 09:32, 137.500000, 137.500000, 137.000000, 137.500000, 10
2020/04/15 09:33, 137.500000, 137.500000, 137.500000, 137.500000, 2
2020/04/15 09:34, 138.000000, 138.000000, 137.500000, 138.000000, 19
2020/04/15 09:35, 137.500000, 137.500000, 137.500000, 137.500000, 2
2020/04/15 09:36, 137.500000, 138.000000, 137.500000, 137.500000, 9
2020/04/15 09:37, 137.500000, 137.500000, 137.500000, 137.500000, 32
2020/04/15 09:38, 137.000000, 137.500000, 137.000000, 137.500000, 5
2020/04/15 09:39, 137.500000, 137.500000, 137.000000, 137.500000, 59
2020/04/15 09:40, 137.000000, 137.500000, 137.000000, 137.000000, 74
2020/04/15 09:41, 137.000000, 137.500000, 137.000000, 137.000000, 9
2020/04/15 09:42, 137.000000, 137.000000, 137.000000, 137.000000, 9
2020/04/15 09:43, 137.000000, 137.000000, 137.000000, 137.000000, 3
2020/04/15 09:44, 137.500000, 137.500000, 136.500000, 136.500000, 47
2020/04/15 09:45, 137.000000, 137.000000, 137.000000, 137.000000, 11
2020/04/15 09:46, 137.000000, 137.000000, 136.500000, 136.500000, 16
2020/04/15 09:47, 136.500000, 137.000000, 136.500000, 137.000000, 9
2020/04/15 09:48, 137.000000, 137.000000, 136.500000, 137.000000, 16
2020/04/15 09:49, 137.000000, 137.000000, 136.500000, 136.500000, 10
2020/04/15 09:50, 137.000000, 137.000000, 136.500000, 137.000000, 7
2020/04/15 09:51, 137.000000, 137.000000, 137.000000, 137.000000, 7
2020/04/15 09:52, 137.000000, 137.000000, 137.000000, 137.000000, 3
2020/04/15 09:53, 137.000000, 137.500000, 137.000000, 137.000000, 19
2020/04/15 09:54, 137.000000, 137.000000, 136.500000, 137.000000, 9
2020/04/15 09:55, 136.500000, 136.500000, 136.500000, 136.500000, 3
2020/04/15 09:56, 136.500000, 137.000000, 136.500000, 136.500000, 10
2020/04/15 09:57, 136.500000, 137.000000, 136.500000, 137.000000, 2
2020/04/15 09:58, 136.500000, 136.500000, 136.500000, 136.500000, 1
2020/04/15 09:59, 136.500000, 137.000000, 136.500000, 137.000000, 5
2020/04/15 10:00, 137.000000, 137.000000, 136.500000, 137.000000, 12
2020/04/15 10:01, 136.500000, 137.000000, 136.500000, 137.000000, 37
2020/04/15 10:02, 137.000000, 137.500000, 137.000000, 137.000000, 15
2020/04/15 10:03, 137.500000, 137.500000, 137.000000, 137.000000, 9
2020/04/15 10:04, 137.500000, 137.500000, 137.000000, 137.000000, 2
2020/04/15 10:05, 137.500000, 137.500000, 137.000000, 137.000000, 12
2020/04/15 10:06, 137.000000, 137.000000, 137.000000, 137.000000, 13
2020/04/15 10:07, 137.000000, 137.000000, 137.000000, 137.000000, 2
2020/04/15 10:08, 137.000000, 137.000000, 137.000000, 137.000000, 3
2020/04/15 10:09, 137.000000, 137.000000, 137.000000, 137.000000, 2
2020/04/15 10:10, 137.000000, 137.000000, 137.000000, 137.000000, 5
2020/04/15 10:11, 137.000000, 137.000000, 137.000000, 137.000000, 2
2020/04/15 10:12, 137.000000, 137.000000, 137.000000, 137.000000, 2
2020/04/15 10:13, 137.000000, 137.000000, 137.000000, 137.000000, 5
2020/04/15 10:14, 137.000000, 137.000000, 137.000000, 137.000000, 5
2020/04/15 10:15, 137.000000, 137.000000, 137.000000, 137.000000, 0
2020/04/15 10:16, 137.000000, 137.000000, 137.000000, 137.000000, 10
2020/04/15 10:17, 137.000000, 137.000000, 137.000000, 137.000000, 8
2020/04/15 10:18, 136.500000, 137.000000, 136.500000, 136.500000, 37
2020/04/15 10:19, 136.500000, 137.000000, 136.500000, 136.500000, 10
2020/04/15 10:20, 136.500000, 136.500000, 136.500000, 136.500000, 32
2020/04/15 10:21, 136.500000, 137.000000, 136.000000, 136.000000, 257
2020/04/15 10:22, 136.500000, 136.500000, 135.500000, 136.000000, 58
2020/04/15 10:23, 136.000000, 136.000000, 135.000000, 135.000000, 32
2020/04/15 10:24, 135.000000, 135.500000, 135.000000, 135.500000, 23
2020/04/15 10:25, 135.500000, 135.500000, 134.000000, 134.000000, 215
2020/04/15 10:26, 134.000000, 134.500000, 133.000000, 134.000000, 87
2020/04/15 10:27, 134.000000, 134.500000, 133.500000, 134.500000, 102
2020/04/15 10:28, 134.500000, 135.000000, 134.000000, 134.500000, 37
2020/04/15 10:29, 135.000000, 135.500000, 134.000000, 135.000000, 118
2020/04/15 10:30, 135.000000, 135.500000, 135.000000, 135.000000, 36
2020/04/15 10:31, 135.000000, 135.000000, 134.500000, 135.000000, 30
2020/04/15 10:32, 135.000000, 135.500000, 135.000000, 135.000000, 12
2020/04/15 10:33, 135.000000, 135.500000, 135.000000, 135.000000, 8
2020/04/15 10:34, 135.500000, 135.500000, 135.000000, 135.500000, 23
2020/04/15 10:35, 135.500000, 136.000000, 135.500000, 136.000000, 26
2020/04/15 10:36, 136.000000, 136.000000, 136.000000, 136.000000, 16
2020/04/15 10:37, 135.500000, 136.000000, 135.500000, 136.000000, 7
2020/04/15 10:38, 136.000000, 136.000000, 135.500000, 136.000000, 18
2020/04/15 10:39, 135.500000, 136.000000, 135.500000, 135.500000, 4
2020/04/15 10:40, 135.500000, 135.500000, 135.500000, 135.500000, 6
2020/04/15 10:41, 135.500000, 136.000000, 135.500000, 136.000000, 8
2020/04/15 10:42, 135.500000, 136.000000, 135.500000, 135.500000, 5
2020/04/15 10:43, 135.500000, 135.500000, 135.500000, 135.500000, 14
2020/04/15 10:44, 135.000000, 135.500000, 135.000000, 135.500000, 6
2020/04/15 10:45, 135.000000, 135.000000, 135.000000, 135.000000, 3
2020/04/15 10:46, 135.000000, 135.500000, 135.000000, 135.000000, 12
2020/04/15 10:47, 135.000000, 135.000000, 135.000000, 135.000000, 5
2020/04/15 10:48, 135.000000, 135.000000, 135.000000, 135.000000, 8
2020/04/15 10:49, 135.000000, 135.000000, 135.000000, 135.000000, 43
2020/04/15 10:50, 134.500000, 135.000000, 134.500000, 134.500000, 42
2020/04/15 10:51, 134.500000, 134.500000, 134.500000, 134.500000, 3
2020/04/15 10:52, 135.000000, 135.000000, 134.500000, 134.500000, 10
2020/04/15 10:53, 135.000000, 135.000000, 134.500000, 134.500000, 3
2020/04/15 10:54, 134.500000, 134.500000, 134.500000, 134.500000, 6
2020/04/15 10:55, 134.500000, 135.000000, 134.500000, 134.500000, 3
2020/04/15 10:56, 134.500000, 134.500000, 134.500000, 134.500000, 3
2020/04/15 10:57, 134.500000, 134.500000, 134.500000, 134.500000, 5
2020/04/15 10:58, 134.500000, 134.500000, 134.500000, 134.500000, 17
2020/04/15 10:59, 134.500000, 135.000000, 134.500000, 134.500000, 5
2020/04/15 11:00, 135.000000, 135.000000, 134.500000, 134.500000, 22
2020/04/15 11:01, 134.500000, 135.000000, 134.500000, 135.000000, 6
2020/04/15 11:02, 135.000000, 135.000000, 135.000000, 135.000000, 14
2020/04/15 11:03, 135.000000, 135.000000, 134.500000, 135.000000, 10
2020/04/15 11:04, 135.000000, 135.000000, 135.000000, 135.000000, 2
2020/04/15 11:05, 135.000000, 135.000000, 134.500000, 134.500000, 3
2020/04/15 11:06, 134.500000, 134.500000, 134.500000, 134.500000, 2
2020/04/15 11:07, 134.500000, 134.500000, 134.500000, 134.500000, 2
2020/04/15 11:08, 134.500000, 135.000000, 134.500000, 135.000000, 4
2020/04/15 11:09, 135.000000, 135.000000, 134.500000, 135.000000, 4
2020/04/15 11:10, 135.000000, 135.000000, 135.000000, 135.000000, 8
2020/04/15 11:11, 135.000000, 135.000000, 135.000000, 135.000000, 5
2020/04/15 11:12, 135.000000, 135.000000, 135.000000, 135.000000, 7
2020/04/15 11:13, 135.000000, 135.000000, 135.000000, 135.000000, 3
2020/04/15 11:14, 135.000000, 135.000000, 135.000000, 135.000000, 0
2020/04/15 11:15, 135.000000, 135.000000, 135.000000, 135.000000, 4
2020/04/15 11:16, 135.000000, 135.000000, 135.000000, 135.000000, 2
2020/04/15 11:17, 135.000000, 135.000000, 135.000000, 135.000000, 3
2020/04/15 11:18, 135.000000, 135.000000, 135.000000, 135.000000, 1
2020/04/15 11:19, 135.000000, 135.000000, 135.000000, 135.000000, 7
2020/04/15 11:20, 135.000000, 135.000000, 135.000000, 135.000000, 1
2020/04/15 11:21, 135.000000, 135.000000, 134.500000, 135.000000, 9
2020/04/15 11:22, 134.500000, 135.000000, 134.500000, 135.000000, 7
2020/04/15 11:23, 135.000000, 135.000000, 135.000000, 135.000000, 0
2020/04/15 11:24, 134.500000, 134.500000, 134.500000, 134.500000, 3
2020/04/15 11:25, 134.500000, 135.000000, 134.500000, 135.000000, 4
2020/04/15 11:26, 135.000000, 135.000000, 135.000000, 135.000000, 17
2020/04/15 11:27, 135.000000, 135.000000, 134.500000, 134.500000, 3
2020/04/15 11:28, 135.000000, 135.000000, 134.500000, 134.500000, 2
2020/04/15 11:29, 134.500000, 134.500000, 134.500000, 134.500000, 1
2020/04/15 11:30, 134.500000, 135.000000, 134.500000, 134.500000, 4
2020/04/15 11:31, 135.000000, 135.000000, 134.500000, 135.000000, 15
2020/04/15 11:32, 135.000000, 135.000000, 135.000000, 135.000000, 2
2020/04/15 11:33, 135.000000, 135.000000, 135.000000, 135.000000, 1
2020/04/15 11:34, 135.000000, 135.000000, 135.000000, 135.000000, 1
2020/04/15 11:35, 135.000000, 135.000000, 134.500000, 134.500000, 7
2020/04/15 11:36, 134.500000, 134.500000, 134.500000, 134.500000, 1
2020/04/15 11:37, 135.000000, 135.000000, 134.500000, 134.500000, 3
2020/04/15 11:38, 134.500000, 134.500000, 134.500000, 134.500000, 1
2020/04/15 11:39, 134.500000, 134.500000, 134.500000, 134.500000, 5
2020/04/15 11:40, 135.000000, 135.000000, 134.500000, 135.000000, 5
2020/04/15 11:41, 135.000000, 135.000000, 134.500000, 135.000000, 4
2020/04/15 11:42, 135.000000, 135.000000, 134.500000, 134.500000, 3
2020/04/15 11:43, 135.000000, 135.000000, 134.500000, 134.500000, 4
2020/04/15 11:44, 134.500000, 134.500000, 134.500000, 134.500000, 0
2020/04/15 11:45, 134.500000, 134.500000, 134.500000, 134.500000, 3
2020/04/15 11:46, 134.500000, 134.500000, 134.500000, 134.500000, 1
2020/04/15 11:47, 134.500000, 134.500000, 134.500000, 134.500000, 3
2020/04/15 11:48, 134.500000, 135.000000, 134.500000, 135.000000, 2
2020/04/15 11:49, 134.500000, 135.000000, 134.500000, 135.000000, 3
2020/04/15 11:50, 135.000000, 135.000000, 135.000000, 135.000000, 1
2020/04/15 11:51, 134.500000, 134.500000, 134.500000, 134.500000, 1
2020/04/15 11:52, 135.000000, 135.000000, 134.500000, 134.500000, 12
2020/04/15 11:53, 134.500000, 135.000000, 134.500000, 135.000000, 3
2020/04/15 11:54, 135.000000, 135.000000, 134.500000, 134.500000, 6
2020/04/15 11:55, 134.500000, 135.000000, 134.500000, 134.500000, 45
2020/04/15 11:56, 134.500000, 135.000000, 134.500000, 135.000000, 15
2020/04/15 11:57, 135.000000, 135.000000, 135.000000, 135.000000, 1
2020/04/15 11:58, 135.000000, 135.000000, 135.000000, 135.000000, 2
2020/04/15 11:59, 135.000000, 135.000000, 135.000000, 135.000000, 4
2020/04/15 12:00, 135.500000, 135.500000, 135.000000, 135.000000, 6
2020/04/15 12:01, 135.000000, 135.000000, 135.000000, 135.000000, 1
2020/04/15 12:02, 135.000000, 135.000000, 135.000000, 135.000000, 1
2020/04/15 12:03, 135.000000, 135.000000, 135.000000, 135.000000, 1
2020/04/15 12:04, 135.000000, 135.000000, 135.000000, 135.000000, 3
2020/04/15 12:05, 135.000000, 135.000000, 135.000000, 135.000000, 9
2020/04/15 12:06, 135.000000, 135.500000, 135.000000, 135.500000, 8
2020/04/15 12:07, 135.500000, 135.500000, 135.500000, 135.500000, 0
2020/04/15 12:08, 135.000000, 135.000000, 135.000000, 135.000000, 3
2020/04/15 12:09, 135.000000, 135.000000, 135.000000, 135.000000, 5
2020/04/15 12:10, 135.000000, 135.000000, 135.000000, 135.000000, 3
2020/04/15 12:11, 135.000000, 135.000000, 135.000000, 135.000000, 0
2020/04/15 12:12, 135.000000, 135.500000, 135.000000, 135.500000, 2
2020/04/15 12:13, 135.000000, 135.000000, 135.000000, 135.000000, 2
2020/04/15 12:14, 135.000000, 135.000000, 135.000000, 135.000000, 0
2020/04/15 12:15, 135.000000, 135.500000, 135.000000, 135.000000, 14
2020/04/15 12:16, 135.000000, 135.000000, 135.000000, 135.000000, 2
2020/04/15 12:17, 135.000000, 135.000000, 135.000000, 135.000000, 3
2020/04/15 12:18, 135.500000, 135.500000, 135.500000, 135.500000, 1
2020/04/15 12:19, 135.000000, 135.500000, 135.000000, 135.000000, 4
2020/04/15 12:20, 135.000000, 135.000000, 135.000000, 135.000000, 4
2020/04/15 12:21, 135.000000, 135.000000, 135.000000, 135.000000, 5
2020/04/15 12:22, 135.000000, 135.500000, 135.000000, 135.500000, 8
2020/04/15 12:23, 135.000000, 135.000000, 135.000000, 135.000000, 2
2020/04/15 12:24, 135.000000, 135.000000, 135.000000, 135.000000, 1
2020/04/15 12:25, 135.000000, 135.500000, 135.000000, 135.000000, 4
2020/04/15 12:26, 135.000000, 135.000000, 135.000000, 135.000000, 2
2020/04/15 12:27, 135.500000, 135.500000, 135.000000, 135.000000, 5
2020/04/15 12:28, 135.500000, 135.500000, 135.000000, 135.000000, 2
2020/04/15 12:29, 135.000000, 135.500000, 135.000000, 135.500000, 3
2020/04/15 12:30, 135.500000, 135.500000, 135.000000, 135.000000, 2
2020/04/15 12:31, 135.000000, 136.000000, 135.000000, 136.000000, 27
2020/04/15 12:32, 136.000000, 136.000000, 135.500000, 135.500000, 4
2020/04/15 12:33, 136.000000, 136.000000, 135.500000, 135.500000, 14
2020/04/15 12:34, 135.500000, 135.500000, 135.500000, 135.500000, 1
2020/04/15 12:35, 135.500000, 136.000000, 135.500000, 136.000000, 2
2020/04/15 12:36, 136.000000, 136.000000, 135.500000, 135.500000, 3
2020/04/15 12:37, 135.500000, 135.500000, 135.500000, 135.500000, 4
2020/04/15 12:38, 135.500000, 135.500000, 135.500000, 135.500000, 3
2020/04/15 12:39, 136.000000, 136.000000, 136.000000, 136.000000, 1
2020/04/15 12:40, 136.000000, 136.000000, 135.500000, 135.500000, 16
2020/04/15 12:41, 136.000000, 136.500000, 136.000000, 136.000000, 40
2020/04/15 12:42, 136.000000, 136.000000, 135.500000, 136.000000, 10
2020/04/15 12:43, 135.500000, 135.500000, 135.500000, 135.500000, 1
2020/04/15 12:44, 136.000000, 136.000000, 135.500000, 136.000000, 3
2020/04/15 12:45, 136.000000, 136.000000, 135.500000, 136.000000, 23
2020/04/15 12:46, 136.000000, 136.000000, 136.000000, 136.000000, 1
2020/04/15 12:47, 136.500000, 136.500000, 136.000000, 136.500000, 8
2020/04/15 12:48, 136.000000, 136.500000, 136.000000, 136.500000, 5
2020/04/15 12:49, 136.500000, 136.500000, 136.500000, 136.500000, 0
2020/04/15 12:50, 136.000000, 136.000000, 136.000000, 136.000000, 2
2020/04/15 12:51, 136.000000, 136.500000, 136.000000, 136.000000, 5
2020/04/15 12:52, 136.000000, 136.500000, 136.000000, 136.500000, 10
2020/04/15 12:53, 136.000000, 136.000000, 136.000000, 136.000000, 4
2020/04/15 12:54, 136.000000, 136.000000, 135.500000, 136.000000, 38
2020/04/15 12:55, 135.500000, 135.500000, 135.500000, 135.500000, 28
2020/04/15 12:56, 135.500000, 135.500000, 135.500000, 135.500000, 7
2020/04/15 12:57, 135.500000, 136.000000, 135.500000, 136.000000, 8
2020/04/15 12:58, 136.000000, 136.000000, 136.000000, 136.000000, 2
2020/04/15 12:59, 135.500000, 135.500000, 135.500000, 135.500000, 3
2020/04/15 13:00, 136.000000, 136.000000, 136.000000, 136.000000, 7
2020/04/15 13:01, 136.000000, 136.000000, 135.500000, 135.500000, 9
2020/04/15 13:02, 135.500000, 135.500000, 135.500000, 135.500000, 2
2020/04/15 13:03, 135.500000, 136.000000, 135.500000, 135.500000, 6
2020/04/15 13:04, 135.500000, 136.000000, 135.500000, 136.000000, 17
2020/04/15 13:05, 136.000000, 136.000000, 135.500000, 135.500000, 2
2020/04/15 13:06, 135.500000, 135.500000, 135.500000, 135.500000, 14
2020/04/15 13:07, 135.500000, 135.500000, 135.500000, 135.500000, 8
2020/04/15 13:08, 135.500000, 136.000000, 135.000000, 135.000000, 27
2020/04/15 13:09, 135.000000, 135.500000, 135.000000, 135.500000, 8
2020/04/15 13:10, 135.500000, 135.500000, 135.000000, 135.000000, 3
2020/04/15 13:11, 135.500000, 135.500000, 135.000000, 135.000000, 2
2020/04/15 13:12, 135.000000, 135.500000, 135.000000, 135.000000, 9
2020/04/15 13:13, 135.000000, 135.500000, 135.000000, 135.500000, 3
2020/04/15 13:14, 135.500000, 135.500000, 135.000000, 135.500000, 11
2020/04/15 13:15, 135.500000, 135.500000, 135.000000, 135.500000, 10
2020/04/15 13:16, 135.500000, 135.500000, 135.000000, 135.000000, 10
2020/04/15 13:17, 135.500000, 136.000000, 135.000000, 135.000000, 26
2020/04/15 13:18, 135.500000, 136.000000, 135.000000, 135.500000, 13
2020/04/15 13:19, 135.500000, 136.000000, 135.500000, 136.000000, 3
2020/04/15 13:20, 135.500000, 136.000000, 135.500000, 136.000000, 2
2020/04/15 13:21, 136.000000, 136.000000, 135.500000, 135.500000, 6
2020/04/15 13:22, 136.000000, 136.000000, 135.500000, 136.000000, 22
2020/04/15 13:23, 135.500000, 136.000000, 135.500000, 136.000000, 23
2020/04/15 13:24, 135.500000, 135.500000, 135.500000, 135.500000, 9
2020/04/15 13:25, 136.000000, 136.000000, 135.500000, 136.000000, 10
2020/04/15 13:26, 136.000000, 136.000000, 136.000000, 136.000000, 0
2020/04/15 13:27, 136.000000, 136.000000, 136.000000, 136.000000, 0
2020/04/15 13:28, 136.000000, 136.000000, 136.000000, 136.000000, 0
2020/04/15 13:29, 136.000000, 136.000000, 136.000000, 136.000000, 0
2020/04/15 13:30, 135.000000, 135.000000, 135.000000, 135.000000, 239
2020/04/16 09:01, 134.500000, 134.500000, 134.500000, 134.500000, 46
2020/04/16 09:02, 135.000000, 137.000000, 134.500000, 136.500000, 100
2020/04/16 09:03, 137.000000, 139.000000, 136.500000, 138.500000, 183
2020/04/16 09:04, 138.500000, 139.000000, 138.000000, 138.500000, 93
2020/04/16 09:05, 138.500000, 139.000000, 138.000000, 138.000000, 70
2020/04/16 09:06, 138.500000, 139.500000, 138.000000, 139.500000, 132
2020/04/16 09:07, 139.500000, 140.000000, 139.000000, 140.000000, 169
2020/04/16 09:08, 140.000000, 140.500000, 139.500000, 139.500000, 75
2020/04/16 09:09, 140.000000, 140.000000, 139.000000, 139.500000, 84
2020/04/16 09:10, 139.500000, 139.500000, 139.000000, 139.000000, 16
2020/04/16 09:11, 139.000000, 139.000000, 139.000000, 139.000000, 32
2020/04/16 09:12, 139.000000, 139.500000, 139.000000, 139.000000, 66
2020/04/16 09:13, 139.000000, 139.500000, 138.500000, 139.000000, 24
2020/04/16 09:14, 139.000000, 139.000000, 138.500000, 139.000000, 10
2020/04/16 09:15, 138.500000, 139.000000, 138.500000, 139.000000, 13
2020/04/16 09:16, 138.500000, 138.500000, 138.000000, 138.500000, 47
2020/04/16 09:17, 138.500000, 138.500000, 138.000000, 138.500000, 17
2020/04/16 09:18, 138.500000, 138.500000, 138.500000, 138.500000, 18
2020/04/16 09:19, 138.500000, 138.500000, 138.500000, 138.500000, 13
2020/04/16 09:20, 138.500000, 138.500000, 138.500000, 138.500000, 10
2020/04/16 09:21, 138.500000, 139.000000, 138.500000, 138.500000, 12
2020/04/16 09:22, 138.500000, 138.500000, 138.000000, 138.500000, 6
2020/04/16 09:23, 138.000000, 138.000000, 138.000000, 138.000000, 11
2020/04/16 09:24, 138.000000, 138.000000, 138.000000, 138.000000, 7
2020/04/16 09:25, 138.000000, 138.500000, 138.000000, 138.000000, 48
2020/04/16 09:26, 138.000000, 138.000000, 137.500000, 137.500000, 18
2020/04/16 09:27, 137.500000, 137.500000, 137.500000, 137.500000, 21
2020/04/16 09:28, 137.500000, 137.500000, 137.000000, 137.000000, 14
2020/04/16 09:29, 137.500000, 138.000000, 137.500000, 138.000000, 5
2020/04/16 09:30, 137.500000, 138.000000, 137.500000, 137.500000, 4
2020/04/16 09:31, 138.000000, 138.500000, 138.000000, 138.500000, 39
2020/04/16 09:32, 138.000000, 139.000000, 138.000000, 138.500000, 52
2020/04/16 09:33, 138.500000, 138.500000, 138.500000, 138.500000, 8
2020/04/16 09:34, 139.000000, 139.500000, 139.000000, 139.500000, 53
2020/04/16 09:35, 139.000000, 139.500000, 139.000000, 139.000000, 9
2020/04/16 09:36, 139.000000, 139.500000, 139.000000, 139.000000, 28
2020/04/16 09:37, 139.000000, 139.500000, 139.000000, 139.000000, 6
2020/04/16 09:38, 139.000000, 139.000000, 139.000000, 139.000000, 11
2020/04/16 09:39, 139.000000, 139.000000, 138.500000, 139.000000, 20
2020/04/16 09:40, 139.000000, 139.000000, 139.000000, 139.000000, 4
2020/04/16 09:41, 139.000000, 139.000000, 138.500000, 139.000000, 4
2020/04/16 09:42, 139.000000, 139.000000, 138.500000, 138.500000, 3
2020/04/16 09:43, 138.500000, 139.000000, 138.500000, 138.500000, 11
2020/04/16 09:44, 138.500000, 138.500000, 138.500000, 138.500000, 2
2020/04/16 09:45, 138.500000, 139.000000, 138.500000, 138.500000, 6
2020/04/16 09:46, 138.500000, 138.500000, 138.500000, 138.500000, 0
2020/04/16 09:47, 139.000000, 139.000000, 138.500000, 138.500000, 9
2020/04/16 09:48, 138.500000, 139.000000, 138.500000, 139.000000, 3
2020/04/16 09:49, 138.500000, 138.500000, 138.500000, 138.500000, 2
2020/04/16 09:50, 139.000000, 139.000000, 138.500000, 138.500000, 7
2020/04/16 09:51, 138.500000, 138.500000, 138.500000, 138.500000, 3
2020/04/16 09:52, 138.500000, 139.000000, 138.500000, 139.000000, 21
2020/04/16 09:53, 139.000000, 139.000000, 139.000000, 139.000000, 3
2020/04/16 09:54, 139.000000, 139.000000, 138.000000, 138.000000, 9
2020/04/16 09:55, 138.500000, 138.500000, 138.000000, 138.500000, 13
2020/04/16 09:56, 139.000000, 139.000000, 138.000000, 138.000000, 5
2020/04/16 09:57, 138.500000, 138.500000, 138.500000, 138.500000, 5
2020/04/16 09:58, 138.500000, 138.500000, 138.000000, 138.500000, 14
2020/04/16 09:59, 138.500000, 138.500000, 138.500000, 138.500000, 4
2020/04/16 10:00, 139.000000, 139.000000, 138.500000, 138.500000, 3
2020/04/16 10:01, 138.500000, 139.000000, 138.500000, 139.000000, 9
2020/04/16 10:02, 138.500000, 138.500000, 138.000000, 138.500000, 5
2020/04/16 10:03, 138.500000, 139.000000, 138.500000, 139.000000, 4
2020/04/16 10:04, 139.000000, 139.000000, 138.500000, 139.000000, 3
2020/04/16 10:05, 139.000000, 139.000000, 139.000000, 139.000000, 1
2020/04/16 10:06, 138.500000, 138.500000, 138.500000, 138.500000, 3
2020/04/16 10:07, 138.500000, 139.000000, 138.500000, 138.500000, 6
2020/04/16 10:08, 138.500000, 138.500000, 138.500000, 138.500000, 0
2020/04/16 10:09, 139.000000, 139.000000, 139.000000, 139.000000, 1
2020/04/16 10:10, 139.000000, 139.000000, 139.000000, 139.000000, 0
2020/04/16 10:11, 139.000000, 139.000000, 139.000000, 139.000000, 2
2020/04/16 10:12, 138.500000, 139.000000, 138.500000, 139.000000, 4
2020/04/16 10:13, 138.500000, 138.500000, 138.500000, 138.500000, 3
2020/04/16 10:14, 138.500000, 139.000000, 138.500000, 138.500000, 7
2020/04/16 10:15, 138.500000, 138.500000, 138.500000, 138.500000, 1
2020/04/16 10:16, 139.000000, 139.000000, 139.000000, 139.000000, 1
2020/04/16 10:17, 138.500000, 139.000000, 138.500000, 138.500000, 7
2020/04/16 10:18, 138.500000, 139.000000, 138.500000, 138.500000, 10
2020/04/16 10:19, 138.500000, 138.500000, 138.500000, 138.500000, 1
2020/04/16 10:20, 138.500000, 138.500000, 138.500000, 138.500000, 1
2020/04/16 10:21, 138.500000, 138.500000, 138.000000, 138.000000, 4
2020/04/16 10:22, 138.500000, 138.500000, 138.000000, 138.000000, 2
2020/04/16 10:23, 138.500000, 138.500000, 138.000000, 138.000000, 3
2020/04/16 10:24, 138.500000, 138.500000, 138.000000, 138.000000, 8
2020/04/16 10:25, 138.000000, 138.500000, 138.000000, 138.500000, 2
2020/04/16 10:26, 138.500000, 138.500000, 138.500000, 138.500000, 0
2020/04/16 10:27, 138.000000, 138.000000, 137.500000, 137.500000, 49
2020/04/16 10:28, 138.000000, 138.000000, 138.000000, 138.000000, 9
2020/04/16 10:29, 138.000000, 138.000000, 137.500000, 137.500000, 7
2020/04/16 10:30, 137.500000, 138.000000, 137.500000, 138.000000, 49
2020/04/16 10:31, 138.000000, 138.000000, 138.000000, 138.000000, 4
2020/04/16 10:32, 138.000000, 138.000000, 138.000000, 138.000000, 0
2020/04/16 10:33, 138.500000, 138.500000, 138.000000, 138.000000, 2
2020/04/16 10:34, 138.000000, 138.000000, 138.000000, 138.000000, 0
2020/04/16 10:35, 138.000000, 138.000000, 137.500000, 137.500000, 4
2020/04/16 10:36, 137.500000, 138.000000, 137.500000, 138.000000, 8
2020/04/16 10:37, 138.000000, 138.000000, 137.500000, 137.500000, 5
2020/04/16 10:38, 137.500000, 138.000000, 137.500000, 138.000000, 2
2020/04/16 10:39, 138.000000, 138.000000, 138.000000, 138.000000, 0
2020/04/16 10:40, 138.000000, 138.000000, 138.000000, 138.000000, 4
2020/04/16 10:41, 137.500000, 137.500000, 137.500000, 137.500000, 3
2020/04/16 10:42, 137.500000, 138.000000, 137.500000, 138.000000, 3
2020/04/16 10:43, 138.000000, 138.000000, 138.000000, 138.000000, 2
2020/04/16 10:44, 138.000000, 138.000000, 138.000000, 138.000000, 1
2020/04/16 10:45, 137.500000, 137.500000, 137.500000, 137.500000, 2
2020/04/16 10:46, 138.000000, 138.000000, 137.500000, 137.500000, 2
2020/04/16 10:47, 137.500000, 137.500000, 137.500000, 137.500000, 2
2020/04/16 10:48, 137.500000, 138.000000, 137.500000, 137.500000, 16
2020/04/16 10:49, 137.500000, 137.500000, 137.500000, 137.500000, 10
2020/04/16 10:50, 138.000000, 138.000000, 137.500000, 137.500000, 2
2020/04/16 10:51, 137.500000, 138.000000, 137.500000, 137.500000, 6
2020/04/16 10:52, 137.500000, 137.500000, 137.500000, 137.500000, 5
2020/04/16 10:53, 138.000000, 138.000000, 137.500000, 137.500000, 8
2020/04/16 10:54, 137.500000, 137.500000, 137.000000, 137.000000, 60
2020/04/16 10:55, 137.500000, 137.500000, 137.000000, 137.000000, 10
2020/04/16 10:56, 137.000000, 137.000000, 137.000000, 137.000000, 7
2020/04/16 10:57, 137.500000, 137.500000, 137.000000, 137.000000, 2
2020/04/16 10:58, 137.000000, 137.500000, 137.000000, 137.500000, 12
2020/04/16 10:59, 137.000000, 137.500000, 136.500000, 136.500000, 22
2020/04/16 11:00, 137.000000, 137.000000, 136.500000, 136.500000, 4
2020/04/16 11:01, 136.500000, 137.000000, 136.500000, 137.000000, 4
2020/04/16 11:02, 136.500000, 136.500000, 136.500000, 136.500000, 1
2020/04/16 11:03, 137.000000, 137.000000, 136.500000, 136.500000, 16
2020/04/16 11:04, 137.000000, 137.500000, 136.500000, 137.500000, 45
2020/04/16 11:05, 137.000000, 137.500000, 137.000000, 137.000000, 5
2020/04/16 11:06, 137.000000, 137.500000, 137.000000, 137.500000, 3
2020/04/16 11:07, 137.000000, 137.000000, 137.000000, 137.000000, 2
2020/04/16 11:08, 137.500000, 137.500000, 137.500000, 137.500000, 1
2020/04/16 11:09, 137.000000, 137.000000, 137.000000, 137.000000, 18
2020/04/16 11:10, 137.000000, 137.500000, 137.000000, 137.000000, 3
2020/04/16 11:11, 136.500000, 137.000000, 136.500000, 137.000000, 11
2020/04/16 11:12, 137.000000, 137.000000, 137.000000, 137.000000, 1
2020/04/16 11:13, 137.000000, 137.000000, 137.000000, 137.000000, 0
2020/04/16 11:14, 137.000000, 137.000000, 136.500000, 136.500000, 5
2020/04/16 11:15, 137.000000, 137.000000, 136.500000, 136.500000, 8
2020/04/16 11:16, 136.500000, 137.000000, 136.500000, 136.500000, 6
2020/04/16 11:17, 136.500000, 137.000000, 136.500000, 137.000000, 2
2020/04/16 11:18, 137.000000, 137.000000, 136.500000, 137.000000, 5
2020/04/16 11:19, 137.000000, 137.000000, 137.000000, 137.000000, 1
2020/04/16 11:20, 137.000000, 137.000000, 136.500000, 136.500000, 2
2020/04/16 11:21, 136.500000, 137.000000, 136.500000, 136.500000, 3
2020/04/16 11:22, 136.500000, 136.500000, 136.500000, 136.500000, 1
2020/04/16 11:23, 137.000000, 137.000000, 136.500000, 136.500000, 2
2020/04/16 11:24, 136.500000, 136.500000, 136.500000, 136.500000, 30
2020/04/16 11:25, 136.500000, 136.500000, 136.500000, 136.500000, 3
2020/04/16 11:26, 136.000000, 136.500000, 136.000000, 136.500000, 13
2020/04/16 11:27, 136.500000, 137.000000, 136.500000, 136.500000, 10
2020/04/16 11:28, 136.500000, 136.500000, 136.000000, 136.000000, 5
2020/04/16 11:29, 137.000000, 137.000000, 136.500000, 136.500000, 3
2020/04/16 11:30, 136.500000, 137.000000, 136.500000, 137.000000, 8
2020/04/16 11:31, 136.000000, 137.000000, 136.000000, 137.000000, 3
2020/04/16 11:32, 136.500000, 136.500000, 136.500000, 136.500000, 5
2020/04/16 11:33, 136.500000, 136.500000, 136.000000, 136.500000, 3
2020/04/16 11:34, 136.500000, 137.000000, 136.000000, 136.500000, 7
2020/04/16 11:35, 136.500000, 136.500000, 136.000000, 136.500000, 4
2020/04/16 11:36, 137.000000, 137.000000, 136.500000, 136.500000, 2
2020/04/16 11:37, 136.500000, 136.500000, 136.500000, 136.500000, 4
2020/04/16 11:38, 136.500000, 137.000000, 136.500000, 136.500000, 3
2020/04/16 11:39, 136.500000, 136.500000, 136.500000, 136.500000, 1
2020/04/16 11:40, 137.000000, 137.000000, 136.500000, 136.500000, 3
2020/04/16 11:41, 136.500000, 137.000000, 136.500000, 137.000000, 3
2020/04/16 11:42, 137.000000, 137.000000, 137.000000, 137.000000, 0
2020/04/16 11:43, 137.000000, 137.000000, 136.500000, 136.500000, 7
2020/04/16 11:44, 136.500000, 136.500000, 136.500000, 136.500000, 1
2020/04/16 11:45, 137.000000, 137.000000, 136.500000, 136.500000, 3
2020/04/16 11:46, 136.500000, 136.500000, 136.500000, 136.500000, 2
2020/04/16 11:47, 136.500000, 137.000000, 136.000000, 137.000000, 33
2020/04/16 11:48, 137.000000, 137.000000, 137.000000, 137.000000, 0
2020/04/16 11:49, 137.000000, 137.000000, 136.500000, 136.500000, 2
2020/04/16 11:50, 136.500000, 136.500000, 136.000000, 136.000000, 2
2020/04/16 11:51, 137.000000, 137.000000, 137.000000, 137.000000, 1
2020/04/16 11:52, 136.500000, 136.500000, 136.000000, 136.000000, 3
2020/04/16 11:53, 136.500000, 136.500000, 136.000000, 136.000000, 3
2020/04/16 11:54, 136.500000, 136.500000, 136.500000, 136.500000, 2
2020/04/16 11:55, 136.000000, 136.000000, 136.000000, 136.000000, 8
2020/04/16 11:56, 136.500000, 136.500000, 136.000000, 136.000000, 2
2020/04/16 11:57, 136.000000, 136.000000, 136.000000, 136.000000, 1
2020/04/16 11:58, 136.000000, 136.500000, 136.000000, 136.000000, 10
2020/04/16 11:59, 136.000000, 136.000000, 136.000000, 136.000000, 0
2020/04/16 12:00, 136.500000, 136.500000, 136.000000, 136.000000, 2
2020/04/16 12:01, 136.500000, 136.500000, 136.000000, 136.500000, 5
2020/04/16 12:02, 136.500000, 136.500000, 136.500000, 136.500000, 9
2020/04/16 12:03, 136.000000, 136.000000, 136.000000, 136.000000, 1
2020/04/16 12:04, 136.000000, 136.500000, 136.000000, 136.000000, 3
2020/04/16 12:05, 136.000000, 136.000000, 136.000000, 136.000000, 0
2020/04/16 12:06, 136.500000, 136.500000, 136.000000, 136.000000, 4
2020/04/16 12:07, 136.000000, 136.500000, 136.000000, 136.500000, 3
2020/04/16 12:08, 136.000000, 136.500000, 136.000000, 136.500000, 16
2020/04/16 12:09, 136.500000, 136.500000, 136.000000, 136.500000, 10
2020/04/16 12:10, 136.000000, 136.500000, 136.000000, 136.500000, 3
2020/04/16 12:11, 136.000000, 136.500000, 136.000000, 136.500000, 4
2020/04/16 12:12, 136.000000, 136.000000, 136.000000, 136.000000, 2
2020/04/16 12:13, 136.500000, 136.500000, 136.500000, 136.500000, 12
2020/04/16 12:14, 136.500000, 136.500000, 136.000000, 136.000000, 2
2020/04/16 12:15, 136.500000, 136.500000, 136.000000, 136.000000, 2
2020/04/16 12:16, 136.500000, 136.500000, 136.000000, 136.500000, 4
2020/04/16 12:17, 136.500000, 136.500000, 136.500000, 136.500000, 18
2020/04/16 12:18, 136.000000, 136.500000, 136.000000, 136.500000, 2
2020/04/16 12:19, 136.500000, 136.500000, 136.500000, 136.500000, 2
2020/04/16 12:20, 136.500000, 136.500000, 136.500000, 136.500000, 1
2020/04/16 12:21, 136.500000, 136.500000, 136.000000, 136.000000, 3
2020/04/16 12:22, 136.000000, 136.500000, 136.000000, 136.500000, 16
2020/04/16 12:23, 136.000000, 136.000000, 136.000000, 136.000000, 1
2020/04/16 12:24, 136.000000, 136.500000, 136.000000, 136.000000, 24
2020/04/16 12:25, 136.000000, 136.000000, 136.000000, 136.000000, 1
2020/04/16 12:26, 136.000000, 136.000000, 136.000000, 136.000000, 6
2020/04/16 12:27, 136.000000, 136.000000, 135.500000, 136.000000, 5
2020/04/16 12:28, 136.000000, 136.500000, 136.000000, 136.500000, 2
2020/04/16 12:29, 136.000000, 136.000000, 136.000000, 136.000000, 4
2020/04/16 12:30, 136.500000, 136.500000, 136.500000, 136.500000, 2
2020/04/16 12:31, 136.500000, 136.500000, 136.500000, 136.500000, 0
2020/04/16 12:32, 136.500000, 136.500000, 136.500000, 136.500000, 3
2020/04/16 12:33, 136.000000, 136.500000, 136.000000, 136.000000, 3
2020/04/16 12:34, 136.000000, 136.000000, 136.000000, 136.000000, 2
2020/04/16 12:35, 136.000000, 136.500000, 136.000000, 136.000000, 22
2020/04/16 12:36, 136.000000, 136.000000, 136.000000, 136.000000, 7
2020/04/16 12:37, 136.000000, 136.500000, 136.000000, 136.500000, 4
2020/04/16 12:38, 136.000000, 136.000000, 136.000000, 136.000000, 2
2020/04/16 12:39, 136.000000, 136.500000, 135.500000, 135.500000, 6
2020/04/16 12:40, 136.000000, 136.000000, 136.000000, 136.000000, 1
2020/04/16 12:41, 135.500000, 136.000000, 135.500000, 136.000000, 5
2020/04/16 12:42, 135.500000, 135.500000, 135.500000, 135.500000, 1
2020/04/16 12:43, 135.500000, 136.000000, 135.500000, 135.500000, 7
2020/04/16 12:44, 135.500000, 135.500000, 135.500000, 135.500000, 5
2020/04/16 12:45, 136.000000, 136.000000, 135.500000, 136.000000, 15
2020/04/16 12:46, 135.500000, 136.000000, 135.500000, 135.500000, 10
2020/04/16 12:47, 135.500000, 136.000000, 135.500000, 135.500000, 23
2020/04/16 12:48, 135.500000, 136.000000, 135.500000, 135.500000, 21
2020/04/16 12:49, 135.000000, 135.500000, 135.000000, 135.500000, 3
2020/04/16 12:50, 135.500000, 135.500000, 135.500000, 135.500000, 10
2020/04/16 12:51, 135.500000, 135.500000, 135.500000, 135.500000, 6
2020/04/16 12:52, 135.500000, 136.000000, 135.500000, 135.500000, 5
2020/04/16 12:53, 135.500000, 136.000000, 135.500000, 135.500000, 5
2020/04/16 12:54, 136.000000, 136.000000, 135.500000, 135.500000, 2
2020/04/16 12:55, 135.500000, 135.500000, 135.500000, 135.500000, 6
2020/04/16 12:56, 136.000000, 136.000000, 135.500000, 136.000000, 5
2020/04/16 12:57, 136.000000, 136.000000, 135.500000, 136.000000, 4
2020/04/16 12:58, 136.000000, 136.000000, 135.500000, 136.000000, 5
2020/04/16 12:59, 136.000000, 136.000000, 135.500000, 136.000000, 6
2020/04/16 13:00, 136.000000, 136.000000, 136.000000, 136.000000, 1
2020/04/16 13:01, 136.000000, 136.000000, 136.000000, 136.000000, 1
2020/04/16 13:02, 136.000000, 136.000000, 135.500000, 135.500000, 6
2020/04/16 13:03, 135.500000, 136.000000, 135.500000, 135.500000, 4
2020/04/16 13:04, 135.500000, 136.000000, 135.500000, 136.000000, 5
2020/04/16 13:05, 136.000000, 136.000000, 135.500000, 135.500000, 9
2020/04/16 13:06, 135.500000, 136.500000, 135.500000, 136.500000, 21
2020/04/16 13:07, 136.500000, 136.500000, 136.500000, 136.500000, 5
2020/04/16 13:08, 136.000000, 136.000000, 136.000000, 136.000000, 2
2020/04/16 13:09, 136.500000, 136.500000, 136.000000, 136.000000, 10
2020/04/16 13:10, 136.000000, 136.000000, 136.000000, 136.000000, 9
2020/04/16 13:11, 136.500000, 136.500000, 136.000000, 136.500000, 5
2020/04/16 13:12, 136.500000, 136.500000, 136.500000, 136.500000, 2
2020/04/16 13:13, 136.000000, 136.000000, 136.000000, 136.000000, 4
2020/04/16 13:14, 136.000000, 136.500000, 136.000000, 136.500000, 3
2020/04/16 13:15, 136.000000, 136.500000, 136.000000, 136.000000, 16
2020/04/16 13:16, 136.000000, 136.500000, 136.000000, 136.500000, 38
2020/04/16 13:17, 136.000000, 136.000000, 136.000000, 136.000000, 1
2020/04/16 13:18, 136.000000, 136.500000, 136.000000, 136.000000, 23
2020/04/16 13:19, 136.000000, 136.000000, 136.000000, 136.000000, 10
2020/04/16 13:20, 136.000000, 136.500000, 136.000000, 136.500000, 12
2020/04/16 13:21, 136.000000, 136.000000, 136.000000, 136.000000, 2
2020/04/16 13:22, 136.500000, 136.500000, 136.500000, 136.500000, 9
2020/04/16 13:23, 136.000000, 136.500000, 136.000000, 136.000000, 6
2020/04/16 13:24, 136.000000, 136.000000, 136.000000, 136.000000, 1
2020/04/16 13:25, 136.500000, 136.500000, 136.000000, 136.500000, 14
2020/04/16 13:26, 136.500000, 136.500000, 136.500000, 136.500000, 0
2020/04/16 13:27, 136.500000, 136.500000, 136.500000, 136.500000, 0
2020/04/16 13:28, 136.500000, 136.500000, 136.500000, 136.500000, 0
2020/04/16 13:29, 136.500000, 136.500000, 136.500000, 136.500000, 0
2020/04/16 13:30, 136.000000, 136.000000, 136.000000, 136.000000, 157
2020/04/17 09:01, 137.500000, 138.000000, 137.000000, 137.000000, 107
2020/04/17 09:02, 137.000000, 137.500000, 137.000000, 137.000000, 68
2020/04/17 09:03, 137.000000, 137.000000, 136.500000, 136.500000, 41
2020/04/17 09:04, 136.500000, 137.000000, 136.500000, 136.500000, 37
2020/04/17 09:05, 136.500000, 137.000000, 136.500000, 137.000000, 45
2020/04/17 09:06, 137.000000, 137.500000, 136.500000, 137.000000, 73
2020/04/17 09:07, 137.000000, 137.500000, 137.000000, 137.000000, 14
2020/04/17 09:08, 137.000000, 137.000000, 137.000000, 137.000000, 13
2020/04/17 09:09, 137.500000, 137.500000, 137.500000, 137.500000, 9
2020/04/17 09:10, 137.000000, 137.000000, 137.000000, 137.000000, 6
2020/04/17 09:11, 136.500000, 137.000000, 136.500000, 136.500000, 4
2020/04/17 09:12, 137.000000, 137.000000, 137.000000, 137.000000, 10
2020/04/17 09:13, 137.000000, 137.000000, 137.000000, 137.000000, 4
2020/04/17 09:14, 137.000000, 137.000000, 136.500000, 137.000000, 11
2020/04/17 09:15, 137.000000, 137.000000, 136.500000, 136.500000, 4
2020/04/17 09:16, 136.500000, 136.500000, 136.500000, 136.500000, 15
2020/04/17 09:17, 136.500000, 137.000000, 136.000000, 137.000000, 46
2020/04/17 09:18, 136.500000, 136.500000, 136.000000, 136.500000, 10
2020/04/17 09:19, 136.500000, 136.500000, 136.000000, 136.500000, 7
2020/04/17 09:20, 136.500000, 136.500000, 136.000000, 136.500000, 9
2020/04/17 09:21, 136.500000, 136.500000, 136.500000, 136.500000, 2
2020/04/17 09:22, 136.500000, 136.500000, 136.500000, 136.500000, 17
2020/04/17 09:23, 136.500000, 136.500000, 136.000000, 136.000000, 10
2020/04/17 09:24, 136.000000, 136.000000, 136.000000, 136.000000, 7
2020/04/17 09:25, 136.000000, 136.500000, 136.000000, 136.500000, 8
2020/04/17 09:26, 136.000000, 136.500000, 136.000000, 136.000000, 8
2020/04/17 09:27, 136.000000, 136.000000, 135.500000, 135.500000, 97
2020/04/17 09:28, 135.500000, 136.000000, 135.500000, 135.500000, 16
2020/04/17 09:29, 135.500000, 136.000000, 135.500000, 135.500000, 12
2020/04/17 09:30, 135.500000, 136.000000, 135.000000, 135.000000, 47
2020/04/17 09:31, 135.500000, 135.500000, 135.000000, 135.000000, 38
2020/04/17 09:32, 135.000000, 135.500000, 134.000000, 134.500000, 114
2020/04/17 09:33, 134.000000, 134.000000, 133.500000, 134.000000, 90
2020/04/17 09:34, 134.000000, 134.500000, 134.000000, 134.000000, 22
2020/04/17 09:35, 134.000000, 134.500000, 134.000000, 134.000000, 10
2020/04/17 09:36, 134.500000, 135.000000, 134.000000, 134.500000, 39
2020/04/17 09:37, 134.500000, 135.000000, 134.500000, 135.000000, 5
2020/04/17 09:38, 135.000000, 135.500000, 134.500000, 135.000000, 31
2020/04/17 09:39, 135.000000, 135.500000, 135.000000, 135.500000, 10
2020/04/17 09:40, 135.000000, 135.000000, 135.000000, 135.000000, 25
2020/04/17 09:41, 135.000000, 135.000000, 134.500000, 135.000000, 11
2020/04/17 09:42, 134.500000, 134.500000, 134.000000, 134.500000, 43
2020/04/17 09:43, 134.500000, 135.000000, 134.500000, 134.500000, 9
2020/04/17 09:44, 134.500000, 134.500000, 134.500000, 134.500000, 4
2020/04/17 09:45, 134.500000, 134.500000, 134.500000, 134.500000, 3
2020/04/17 09:46, 134.500000, 134.500000, 134.500000, 134.500000, 3
2020/04/17 09:47, 134.500000, 134.500000, 134.500000, 134.500000, 7
2020/04/17 09:48, 134.500000, 135.000000, 134.500000, 134.500000, 3
2020/04/17 09:49, 134.500000, 135.000000, 134.500000, 134.500000, 6
2020/04/17 09:50, 135.000000, 135.000000, 134.500000, 134.500000, 8
2020/04/17 09:51, 134.500000, 134.500000, 134.500000, 134.500000, 14
2020/04/17 09:52, 134.500000, 135.000000, 134.500000, 134.500000, 5
2020/04/17 09:53, 134.500000, 135.000000, 134.500000, 135.000000, 4
2020/04/17 09:54, 135.000000, 135.000000, 135.000000, 135.000000, 2
2020/04/17 09:55, 134.500000, 135.000000, 134.500000, 134.500000, 8
2020/04/17 09:56, 134.500000, 135.000000, 134.500000, 134.500000, 6
2020/04/17 09:57, 135.000000, 135.000000, 135.000000, 135.000000, 2
2020/04/17 09:58, 134.500000, 134.500000, 134.500000, 134.500000, 12
2020/04/17 09:59, 134.500000, 135.000000, 134.500000, 134.500000, 17
2020/04/17 10:00, 134.500000, 134.500000, 134.500000, 134.500000, 7
2020/04/17 10:01, 134.500000, 134.500000, 134.500000, 134.500000, 4
2020/04/17 10:02, 134.500000, 134.500000, 134.500000, 134.500000, 5
2020/04/17 10:03, 134.500000, 134.500000, 134.500000, 134.500000, 8
2020/04/17 10:04, 134.500000, 134.500000, 134.500000, 134.500000, 11
2020/04/17 10:05, 134.500000, 135.000000, 134.500000, 134.500000, 4
2020/04/17 10:06, 134.500000, 135.000000, 134.500000, 134.500000, 4
2020/04/17 10:07, 134.500000, 134.500000, 134.000000, 134.000000, 12
2020/04/17 10:08, 134.500000, 134.500000, 134.000000, 134.500000, 8
2020/04/17 10:09, 134.000000, 134.500000, 134.000000, 134.500000, 21
2020/04/17 10:10, 134.500000, 134.500000, 134.000000, 134.000000, 22
2020/04/17 10:11, 134.500000, 134.500000, 134.000000, 134.000000, 14
2020/04/17 10:12, 134.500000, 134.500000, 134.000000, 134.000000, 6
2020/04/17 10:13, 134.000000, 134.000000, 134.000000, 134.000000, 2
2020/04/17 10:14, 134.000000, 134.500000, 134.000000, 134.500000, 7
2020/04/17 10:15, 134.000000, 134.000000, 134.000000, 134.000000, 7
2020/04/17 10:16, 134.000000, 134.500000, 134.000000, 134.500000, 8
2020/04/17 10:17, 134.000000, 134.000000, 134.000000, 134.000000, 91
2020/04/17 10:18, 134.000000, 134.500000, 134.000000, 134.000000, 15
2020/04/17 10:19, 134.000000, 134.000000, 134.000000, 134.000000, 10
2020/04/17 10:20, 134.000000, 134.000000, 134.000000, 134.000000, 14
2020/04/17 10:21, 134.000000, 134.500000, 134.000000, 134.000000, 18
2020/04/17 10:22, 134.000000, 134.000000, 134.000000, 134.000000, 8
2020/04/17 10:23, 134.000000, 134.000000, 134.000000, 134.000000, 8
2020/04/17 10:24, 134.000000, 134.000000, 134.000000, 134.000000, 5
2020/04/17 10:25, 134.000000, 134.000000, 134.000000, 134.000000, 12
2020/04/17 10:26, 133.500000, 134.000000, 133.500000, 134.000000, 16
2020/04/17 10:27, 133.500000, 134.000000, 133.500000, 134.000000, 11
2020/04/17 10:28, 134.000000, 134.500000, 134.000000, 134.500000, 8
2020/04/17 10:29, 134.000000, 134.000000, 134.000000, 134.000000, 2
2020/04/17 10:30, 134.000000, 134.000000, 134.000000, 134.000000, 1
2020/04/17 10:31, 134.000000, 134.000000, 134.000000, 134.000000, 3
2020/04/17 10:32, 134.000000, 134.000000, 134.000000, 134.000000, 4
2020/04/17 10:33, 134.000000, 134.000000, 134.000000, 134.000000, 1
2020/04/17 10:34, 134.000000, 134.000000, 134.000000, 134.000000, 1
2020/04/17 10:35, 134.000000, 134.500000, 134.000000, 134.500000, 3
2020/04/17 10:36, 134.500000, 134.500000, 134.000000, 134.000000, 15
2020/04/17 10:37, 134.000000, 134.500000, 134.000000, 134.500000, 31
2020/04/17 10:38, 134.000000, 134.500000, 134.000000, 134.000000, 5
2020/04/17 10:39, 134.500000, 134.500000, 134.500000, 134.500000, 2
2020/04/17 10:40, 134.500000, 134.500000, 134.500000, 134.500000, 1
2020/04/17 10:41, 134.500000, 134.500000, 134.000000, 134.500000, 3
2020/04/17 10:42, 134.500000, 134.500000, 134.500000, 134.500000, 2
2020/04/17 10:43, 134.500000, 134.500000, 134.500000, 134.500000, 2
2020/04/17 10:44, 134.500000, 134.500000, 134.500000, 134.500000, 1
2020/04/17 10:45, 134.500000, 134.500000, 134.500000, 134.500000, 3
2020/04/17 10:46, 134.500000, 134.500000, 134.500000, 134.500000, 2
2020/04/17 10:47, 134.500000, 134.500000, 134.500000, 134.500000, 1
2020/04/17 10:48, 134.500000, 134.500000, 134.500000, 134.500000, 2
2020/04/17 10:49, 134.500000, 134.500000, 134.500000, 134.500000, 4
2020/04/17 10:50, 134.500000, 134.500000, 134.000000, 134.000000, 9
2020/04/17 10:51, 134.000000, 135.000000, 134.000000, 135.000000, 5
2020/04/17 10:52, 134.500000, 135.000000, 134.500000, 135.000000, 3
2020/04/17 10:53, 134.500000, 134.500000, 134.500000, 134.500000, 5
2020/04/17 10:54, 134.500000, 134.500000, 134.500000, 134.500000, 3
2020/04/17 10:55, 134.500000, 135.000000, 134.500000, 135.000000, 5
2020/04/17 10:56, 134.500000, 135.000000, 134.500000, 135.000000, 24
2020/04/17 10:57, 134.000000, 134.500000, 134.000000, 134.500000, 5
2020/04/17 10:58, 134.000000, 134.500000, 134.000000, 134.000000, 10
2020/04/17 10:59, 134.000000, 134.000000, 134.000000, 134.000000, 4
2020/04/17 11:00, 134.000000, 134.000000, 134.000000, 134.000000, 2
2020/04/17 11:01, 134.000000, 134.000000, 134.000000, 134.000000, 7
2020/04/17 11:02, 134.000000, 134.000000, 134.000000, 134.000000, 0
2020/04/17 11:03, 134.000000, 134.000000, 134.000000, 134.000000, 4
2020/04/17 11:04, 134.000000, 134.000000, 134.000000, 134.000000, 2
2020/04/17 11:05, 134.000000, 134.000000, 134.000000, 134.000000, 2
2020/04/17 11:06, 134.000000, 134.000000, 134.000000, 134.000000, 19
2020/04/17 11:07, 134.000000, 134.500000, 134.000000, 134.000000, 7
2020/04/17 11:08, 134.000000, 134.000000, 134.000000, 134.000000, 2
2020/04/17 11:09, 134.000000, 134.000000, 134.000000, 134.000000, 4
2020/04/17 11:10, 134.000000, 134.000000, 134.000000, 134.000000, 6
2020/04/17 11:11, 134.000000, 134.000000, 134.000000, 134.000000, 6
2020/04/17 11:12, 134.500000, 134.500000, 134.000000, 134.000000, 9
2020/04/17 11:13, 134.500000, 134.500000, 134.000000, 134.000000, 7
2020/04/17 11:14, 134.000000, 134.000000, 134.000000, 134.000000, 27
2020/04/17 11:15, 134.000000, 134.000000, 133.500000, 133.500000, 6
2020/04/17 11:16, 134.000000, 134.000000, 134.000000, 134.000000, 27
2020/04/17 11:17, 134.000000, 134.000000, 134.000000, 134.000000, 14
2020/04/17 11:18, 134.000000, 134.000000, 134.000000, 134.000000, 1
2020/04/17 11:19, 134.000000, 134.000000, 134.000000, 134.000000, 0
2020/04/17 11:20, 134.000000, 134.000000, 134.000000, 134.000000, 1
2020/04/17 11:21, 134.000000, 134.000000, 134.000000, 134.000000, 5
2020/04/17 11:22, 134.000000, 134.000000, 134.000000, 134.000000, 2
2020/04/17 11:23, 134.000000, 134.500000, 134.000000, 134.500000, 4
2020/04/17 11:24, 134.000000, 134.000000, 134.000000, 134.000000, 4
2020/04/17 11:25, 134.000000, 134.000000, 134.000000, 134.000000, 3
2020/04/17 11:26, 134.000000, 134.000000, 134.000000, 134.000000, 3
2020/04/17 11:27, 134.000000, 134.000000, 134.000000, 134.000000, 1
2020/04/17 11:28, 134.000000, 134.000000, 134.000000, 134.000000, 4
2020/04/17 11:29, 134.000000, 134.000000, 134.000000, 134.000000, 3
2020/04/17 11:30, 134.000000, 134.000000, 134.000000, 134.000000, 4
2020/04/17 11:31, 134.000000, 134.000000, 134.000000, 134.000000, 7
2020/04/17 11:32, 134.000000, 134.000000, 134.000000, 134.000000, 2
2020/04/17 11:33, 134.000000, 134.000000, 134.000000, 134.000000, 5
2020/04/17 11:34, 134.000000, 134.000000, 134.000000, 134.000000, 10
2020/04/17 11:35, 134.000000, 134.000000, 134.000000, 134.000000, 6
2020/04/17 11:36, 134.000000, 134.000000, 133.500000, 133.500000, 15
2020/04/17 11:37, 133.500000, 133.500000, 133.500000, 133.500000, 1
2020/04/17 11:38, 133.500000, 133.500000, 133.500000, 133.500000, 6
2020/04/17 11:39, 133.500000, 133.500000, 133.500000, 133.500000, 6
2020/04/17 11:40, 133.500000, 134.000000, 133.500000, 133.500000, 9
2020/04/17 11:41, 133.500000, 133.500000, 133.500000, 133.500000, 67
2020/04/17 11:42, 133.500000, 133.500000, 133.000000, 133.000000, 23
2020/04/17 11:43, 133.000000, 133.500000, 133.000000, 133.000000, 74
2020/04/17 11:44, 133.000000, 133.000000, 133.000000, 133.000000, 60
2020/04/17 11:45, 133.000000, 133.000000, 132.500000, 132.500000, 24
2020/04/17 11:46, 132.500000, 133.000000, 132.500000, 132.500000, 41
2020/04/17 11:47, 132.500000, 132.500000, 132.000000, 132.500000, 28
2020/04/17 11:48, 132.500000, 133.000000, 132.500000, 133.000000, 25
2020/04/17 11:49, 133.000000, 133.000000, 132.500000, 132.500000, 10
2020/04/17 11:50, 133.000000, 133.000000, 132.500000, 133.000000, 5
2020/04/17 11:51, 133.000000, 133.000000, 132.500000, 132.500000, 2
2020/04/17 11:52, 133.000000, 133.000000, 132.500000, 132.500000, 8
2020/04/17 11:53, 133.000000, 133.000000, 133.000000, 133.000000, 12
2020/04/17 11:54, 133.000000, 133.000000, 132.500000, 132.500000, 5
2020/04/17 11:55, 133.000000, 133.000000, 132.500000, 132.500000, 2
2020/04/17 11:56, 133.000000, 133.000000, 132.500000, 133.000000, 3
2020/04/17 11:57, 133.000000, 133.000000, 132.500000, 133.000000, 9
2020/04/17 11:58, 133.000000, 133.000000, 132.500000, 132.500000, 4
2020/04/17 11:59, 132.500000, 132.500000, 132.500000, 132.500000, 6
2020/04/17 12:00, 132.500000, 133.000000, 132.500000, 132.500000, 11
2020/04/17 12:01, 132.500000, 132.500000, 132.500000, 132.500000, 1
2020/04/17 12:02, 133.000000, 133.000000, 132.500000, 132.500000, 4
2020/04/17 12:03, 132.500000, 132.500000, 132.500000, 132.500000, 4
2020/04/17 12:04, 132.500000, 133.000000, 132.500000, 133.000000, 7
2020/04/17 12:05, 132.500000, 132.500000, 132.500000, 132.500000, 2
2020/04/17 12:06, 132.500000, 133.000000, 132.500000, 132.500000, 6
2020/04/17 12:07, 132.500000, 133.000000, 132.500000, 132.500000, 3
2020/04/17 12:08, 132.500000, 132.500000, 132.500000, 132.500000, 3
2020/04/17 12:09, 132.500000, 132.500000, 132.500000, 132.500000, 2
2020/04/17 12:10, 132.500000, 133.000000, 132.500000, 132.500000, 3
2020/04/17 12:11, 132.500000, 132.500000, 132.500000, 132.500000, 7
2020/04/17 12:12, 132.500000, 132.500000, 132.500000, 132.500000, 7
2020/04/17 12:13, 132.500000, 132.500000, 132.500000, 132.500000, 18
2020/04/17 12:14, 132.500000, 132.500000, 132.500000, 132.500000, 18
2020/04/17 12:15, 132.500000, 132.500000, 132.500000, 132.500000, 9
2020/04/17 12:16, 132.500000, 132.500000, 132.500000, 132.500000, 3
2020/04/17 12:17, 132.500000, 132.500000, 132.500000, 132.500000, 4
2020/04/17 12:18, 132.500000, 133.000000, 132.500000, 133.000000, 2
2020/04/17 12:19, 132.500000, 132.500000, 132.500000, 132.500000, 11
2020/04/17 12:20, 132.500000, 132.500000, 132.500000, 132.500000, 6
2020/04/17 12:21, 132.500000, 132.500000, 132.500000, 132.500000, 3
2020/04/17 12:22, 132.500000, 132.500000, 132.500000, 132.500000, 8
2020/04/17 12:23, 132.500000, 132.500000, 132.000000, 132.000000, 15
2020/04/17 12:24, 132.500000, 132.500000, 132.500000, 132.500000, 4
2020/04/17 12:25, 132.500000, 132.500000, 132.500000, 132.500000, 3
2020/04/17 12:26, 132.500000, 132.500000, 132.000000, 132.500000, 10
2020/04/17 12:27, 132.000000, 132.500000, 132.000000, 132.500000, 5
2020/04/17 12:28, 132.500000, 132.500000, 132.000000, 132.500000, 9
2020/04/17 12:29, 132.500000, 132.500000, 132.500000, 132.500000, 13
2020/04/17 12:30, 132.000000, 132.500000, 132.000000, 132.500000, 4
2020/04/17 12:31, 132.500000, 132.500000, 132.000000, 132.500000, 6
2020/04/17 12:32, 132.500000, 132.500000, 132.500000, 132.500000, 4
2020/04/17 12:33, 132.000000, 132.000000, 132.000000, 132.000000, 2
2020/04/17 12:34, 132.500000, 132.500000, 132.000000, 132.000000, 8
2020/04/17 12:35, 132.000000, 132.500000, 132.000000, 132.000000, 7
2020/04/17 12:36, 132.000000, 132.500000, 132.000000, 132.500000, 62
2020/04/17 12:37, 132.500000, 132.500000, 132.000000, 132.000000, 7
2020/04/17 12:38, 132.000000, 132.500000, 132.000000, 132.500000, 13
2020/04/17 12:39, 132.000000, 132.500000, 132.000000, 132.000000, 8
2020/04/17 12:40, 132.500000, 132.500000, 132.000000, 132.000000, 15
2020/04/17 12:41, 132.000000, 132.500000, 132.000000, 132.500000, 2
2020/04/17 12:42, 132.500000, 132.500000, 132.000000, 132.500000, 18
2020/04/17 12:43, 132.500000, 133.000000, 132.500000, 132.500000, 6
2020/04/17 12:44, 132.500000, 133.000000, 132.500000, 132.500000, 6
2020/04/17 12:45, 132.500000, 132.500000, 132.500000, 132.500000, 4
2020/04/17 12:46, 132.500000, 132.500000, 132.500000, 132.500000, 8
2020/04/17 12:47, 132.500000, 132.500000, 132.500000, 132.500000, 4
2020/04/17 12:48, 132.500000, 133.000000, 132.500000, 133.000000, 6
2020/04/17 12:49, 132.500000, 133.000000, 132.500000, 132.500000, 3
2020/04/17 12:50, 132.500000, 133.000000, 132.500000, 132.500000, 6
2020/04/17 12:51, 132.500000, 132.500000, 132.500000, 132.500000, 2
2020/04/17 12:52, 133.000000, 133.000000, 132.500000, 132.500000, 3
2020/04/17 12:53, 132.500000, 132.500000, 132.500000, 132.500000, 2
2020/04/17 12:54, 132.500000, 132.500000, 132.500000, 132.500000, 12
2020/04/17 12:55, 132.500000, 132.500000, 132.500000, 132.500000, 9
2020/04/17 12:56, 132.500000, 132.500000, 132.000000, 132.000000, 5
2020/04/17 12:57, 132.000000, 132.000000, 132.000000, 132.000000, 7
2020/04/17 12:58, 132.000000, 132.000000, 132.000000, 132.000000, 9
2020/04/17 12:59, 132.500000, 132.500000, 132.000000, 132.000000, 6
2020/04/17 13:00, 132.000000, 132.500000, 132.000000, 132.000000, 5
2020/04/17 13:01, 132.000000, 132.000000, 132.000000, 132.000000, 5
2020/04/17 13:02, 132.000000, 132.000000, 132.000000, 132.000000, 9
2020/04/17 13:03, 132.000000, 132.000000, 132.000000, 132.000000, 5
2020/04/17 13:04, 132.000000, 132.000000, 132.000000, 132.000000, 5
2020/04/17 13:05, 132.500000, 132.500000, 132.500000, 132.500000, 4
2020/04/17 13:06, 132.500000, 132.500000, 132.000000, 132.000000, 22
2020/04/17 13:07, 132.000000, 132.500000, 132.000000, 132.500000, 19
2020/04/17 13:08, 132.000000, 132.000000, 132.000000, 132.000000, 8
2020/04/17 13:09, 132.500000, 132.500000, 132.000000, 132.500000, 12
2020/04/17 13:10, 132.500000, 133.000000, 132.500000, 132.500000, 6
2020/04/17 13:11, 133.000000, 133.000000, 132.500000, 133.000000, 8
2020/04/17 13:12, 132.500000, 132.500000, 132.500000, 132.500000, 10
2020/04/17 13:13, 132.500000, 132.500000, 132.500000, 132.500000, 4
2020/04/17 13:14, 132.500000, 132.500000, 132.500000, 132.500000, 3
2020/04/17 13:15, 132.500000, 133.000000, 132.500000, 132.500000, 13
2020/04/17 13:16, 132.500000, 133.000000, 132.500000, 132.500000, 10
2020/04/17 13:17, 132.500000, 133.000000, 132.500000, 133.000000, 3
2020/04/17 13:18, 132.500000, 132.500000, 132.500000, 132.500000, 7
2020/04/17 13:19, 132.500000, 133.000000, 132.500000, 132.500000, 35
2020/04/17 13:20, 132.000000, 132.500000, 132.000000, 132.500000, 10
2020/04/17 13:21, 132.500000, 132.500000, 132.000000, 132.500000, 17
2020/04/17 13:22, 132.500000, 132.500000, 132.500000, 132.500000, 15
2020/04/17 13:23, 132.500000, 132.500000, 132.000000, 132.500000, 7
2020/04/17 13:24, 132.500000, 132.500000, 132.000000, 132.500000, 9
2020/04/17 13:25, 132.500000, 132.500000, 132.000000, 132.000000, 26
2020/04/17 13:26, 132.000000, 132.000000, 132.000000, 132.000000, 0
2020/04/17 13:27, 132.000000, 132.000000, 132.000000, 132.000000, 0
2020/04/17 13:28, 132.000000, 132.000000, 132.000000, 132.000000, 0
2020/04/17 13:29, 132.000000, 132.000000, 132.000000, 132.000000, 0
2020/04/17 13:30, 132.000000, 132.000000, 132.000000, 132.000000, 255
2020/04/20 09:01, 132.000000, 134.000000, 132.000000, 133.500000, 127
2020/04/20 09:02, 133.500000, 134.500000, 133.500000, 134.000000, 72
2020/04/20 09:03, 134.000000, 134.500000, 133.500000, 134.000000, 60
2020/04/20 09:04, 134.000000, 134.000000, 133.500000, 134.000000, 18
2020/04/20 09:05, 133.500000, 134.000000, 133.500000, 133.500000, 65
2020/04/20 09:06, 133.500000, 133.500000, 133.000000, 133.000000, 13
2020/04/20 09:07, 133.000000, 133.500000, 133.000000, 133.000000, 37
2020/04/20 09:08, 133.000000, 133.500000, 133.000000, 133.000000, 13
2020/04/20 09:09, 133.000000, 134.000000, 133.000000, 134.000000, 46
2020/04/20 09:10, 134.000000, 136.000000, 133.500000, 136.000000, 161
2020/04/20 09:11, 136.000000, 137.000000, 135.500000, 136.500000, 193
2020/04/20 09:12, 136.500000, 137.000000, 136.000000, 136.000000, 71
2020/04/20 09:13, 136.000000, 136.500000, 136.000000, 136.000000, 46
2020/04/20 09:14, 136.000000, 136.000000, 135.500000, 135.500000, 34
2020/04/20 09:15, 135.500000, 136.000000, 135.500000, 135.500000, 29
2020/04/20 09:16, 136.000000, 136.500000, 135.500000, 136.500000, 96
2020/04/20 09:17, 136.500000, 137.000000, 136.000000, 137.000000, 72
2020/04/20 09:18, 137.000000, 138.000000, 136.500000, 138.000000, 288
2020/04/20 09:19, 138.000000, 138.000000, 137.500000, 138.000000, 133
2020/04/20 09:20, 138.000000, 139.500000, 138.000000, 139.000000, 275
2020/04/20 09:21, 139.000000, 139.500000, 138.500000, 139.000000, 145
2020/04/20 09:22, 139.000000, 139.000000, 138.000000, 138.000000, 105
2020/04/20 09:23, 139.000000, 139.000000, 138.000000, 138.000000, 41
2020/04/20 09:24, 138.000000, 138.000000, 137.500000, 138.000000, 29
2020/04/20 09:25, 137.500000, 138.000000, 137.500000, 137.500000, 25
2020/04/20 09:26, 137.500000, 138.000000, 137.000000, 138.000000, 30
2020/04/20 09:27, 138.000000, 138.000000, 137.500000, 137.500000, 19
2020/04/20 09:28, 137.500000, 138.000000, 137.500000, 137.500000, 25
2020/04/20 09:29, 138.000000, 138.000000, 137.500000, 138.000000, 20
2020/04/20 09:30, 137.500000, 137.500000, 137.500000, 137.500000, 3
2020/04/20 09:31, 138.000000, 138.000000, 137.500000, 137.500000, 14
2020/04/20 09:32, 138.000000, 138.000000, 137.000000, 137.500000, 21
2020/04/20 09:33, 137.500000, 137.500000, 137.000000, 137.000000, 12
2020/04/20 09:34, 137.000000, 137.500000, 137.000000, 137.000000, 36
2020/04/20 09:35, 137.000000, 137.000000, 136.000000, 136.500000, 60
2020/04/20 09:36, 136.500000, 137.000000, 136.500000, 136.500000, 18
2020/04/20 09:37, 136.500000, 137.000000, 136.500000, 137.000000, 54
2020/04/20 09:38, 137.500000, 137.500000, 137.000000, 137.500000, 6
2020/04/20 09:39, 137.500000, 138.000000, 137.500000, 138.000000, 26
2020/04/20 09:40, 138.000000, 138.000000, 137.500000, 137.500000, 14
2020/04/20 09:41, 137.500000, 137.500000, 137.500000, 137.500000, 10
2020/04/20 09:42, 137.500000, 137.500000, 137.000000, 137.000000, 2
2020/04/20 09:43, 137.000000, 137.500000, 137.000000, 137.500000, 8
2020/04/20 09:44, 137.500000, 137.500000, 137.000000, 137.500000, 11
2020/04/20 09:45, 137.500000, 137.500000, 137.000000, 137.500000, 22
2020/04/20 09:46, 137.500000, 138.000000, 137.500000, 137.500000, 24
2020/04/20 09:47, 138.000000, 138.000000, 137.500000, 137.500000, 11
2020/04/20 09:48, 137.500000, 137.500000, 137.500000, 137.500000, 12
2020/04/20 09:49, 137.500000, 138.000000, 137.000000, 137.500000, 17
2020/04/20 09:50, 137.500000, 138.000000, 137.500000, 137.500000, 20
2020/04/20 09:51, 137.500000, 137.500000, 137.500000, 137.500000, 8
2020/04/20 09:52, 137.500000, 137.500000, 137.500000, 137.500000, 21
2020/04/20 09:53, 137.500000, 137.500000, 137.500000, 137.500000, 25
2020/04/20 09:54, 137.500000, 138.000000, 137.500000, 138.000000, 21
2020/04/20 09:55, 137.500000, 138.000000, 137.500000, 138.000000, 6
2020/04/20 09:56, 137.500000, 138.000000, 137.500000, 138.000000, 8
2020/04/20 09:57, 138.000000, 138.000000, 138.000000, 138.000000, 2
2020/04/20 09:58, 137.500000, 137.500000, 137.500000, 137.500000, 12
2020/04/20 09:59, 137.500000, 138.500000, 137.500000, 138.000000, 124
2020/04/20 10:00, 138.500000, 138.500000, 138.000000, 138.000000, 70
2020/04/20 10:01, 138.500000, 138.500000, 138.000000, 138.000000, 31
2020/04/20 10:02, 138.000000, 138.000000, 138.000000, 138.000000, 6
2020/04/20 10:03, 138.000000, 138.000000, 138.000000, 138.000000, 4
2020/04/20 10:04, 138.000000, 138.000000, 138.000000, 138.000000, 4
2020/04/20 10:05, 138.000000, 138.000000, 138.000000, 138.000000, 2
2020/04/20 10:06, 138.000000, 138.000000, 138.000000, 138.000000, 33
2020/04/20 10:07, 138.500000, 138.500000, 137.500000, 137.500000, 65
2020/04/20 10:08, 137.500000, 137.500000, 137.000000, 137.000000, 2
2020/04/20 10:09, 137.000000, 137.500000, 137.000000, 137.000000, 10
2020/04/20 10:10, 137.000000, 137.500000, 136.500000, 136.500000, 74
2020/04/20 10:11, 136.500000, 137.000000, 136.500000, 137.000000, 6
2020/04/20 10:12, 137.000000, 137.000000, 137.000000, 137.000000, 6
2020/04/20 10:13, 137.000000, 137.000000, 137.000000, 137.000000, 7
2020/04/20 10:14, 137.000000, 137.500000, 137.000000, 137.000000, 20
2020/04/20 10:15, 137.000000, 137.000000, 137.000000, 137.000000, 1
2020/04/20 10:16, 137.000000, 137.000000, 137.000000, 137.000000, 0
2020/04/20 10:17, 137.500000, 137.500000, 137.500000, 137.500000, 6
2020/04/20 10:18, 137.500000, 137.500000, 137.500000, 137.500000, 3
2020/04/20 10:19, 137.500000, 137.500000, 137.500000, 137.500000, 3
2020/04/20 10:20, 137.500000, 137.500000, 137.500000, 137.500000, 0
2020/04/20 10:21, 137.500000, 137.500000, 137.500000, 137.500000, 6
2020/04/20 10:22, 137.500000, 137.500000, 137.500000, 137.500000, 3
2020/04/20 10:23, 137.500000, 137.500000, 137.500000, 137.500000, 1
2020/04/20 10:24, 137.500000, 137.500000, 137.500000, 137.500000, 1
2020/04/20 10:25, 137.500000, 137.500000, 137.500000, 137.500000, 4
2020/04/20 10:26, 137.500000, 137.500000, 137.500000, 137.500000, 5
2020/04/20 10:27, 137.500000, 137.500000, 137.500000, 137.500000, 0
2020/04/20 10:28, 137.500000, 137.500000, 137.000000, 137.500000, 9
2020/04/20 10:29, 137.000000, 137.000000, 137.000000, 137.000000, 20
2020/04/20 10:30, 137.000000, 137.000000, 137.000000, 137.000000, 1
2020/04/20 10:31, 137.000000, 137.000000, 137.000000, 137.000000, 13
2020/04/20 10:32, 137.000000, 137.000000, 137.000000, 137.000000, 9
2020/04/20 10:33, 137.000000, 137.000000, 137.000000, 137.000000, 3
2020/04/20 10:34, 137.500000, 137.500000, 137.500000, 137.500000, 1
2020/04/20 10:35, 137.500000, 137.500000, 137.500000, 137.500000, 0
2020/04/20 10:36, 137.500000, 137.500000, 137.500000, 137.500000, 2
2020/04/20 10:37, 137.500000, 137.500000, 137.500000, 137.500000, 6
2020/04/20 10:38, 137.500000, 137.500000, 137.500000, 137.500000, 1
2020/04/20 10:39, 137.000000, 137.000000, 137.000000, 137.000000, 2
2020/04/20 10:40, 137.000000, 137.000000, 137.000000, 137.000000, 1
2020/04/20 10:41, 137.000000, 137.000000, 137.000000, 137.000000, 0
2020/04/20 10:42, 137.000000, 137.000000, 137.000000, 137.000000, 10
2020/04/20 10:43, 137.000000, 137.000000, 137.000000, 137.000000, 4
2020/04/20 10:44, 137.000000, 137.000000, 137.000000, 137.000000, 0
2020/04/20 10:45, 136.500000, 136.500000, 136.500000, 136.500000, 1
2020/04/20 10:46, 136.500000, 136.500000, 136.500000, 136.500000, 2
2020/04/20 10:47, 136.500000, 137.000000, 136.500000, 137.000000, 17
2020/04/20 10:48, 136.500000, 136.500000, 136.000000, 136.000000, 25
2020/04/20 10:49, 136.000000, 136.000000, 136.000000, 136.000000, 17
2020/04/20 10:50, 136.000000, 136.500000, 136.000000, 136.500000, 11
2020/04/20 10:51, 136.500000, 136.500000, 136.000000, 136.500000, 8
2020/04/20 10:52, 136.500000, 136.500000, 136.500000, 136.500000, 8
2020/04/20 10:53, 136.500000, 136.500000, 136.500000, 136.500000, 1
2020/04/20 10:54, 136.500000, 136.500000, 136.500000, 136.500000, 3
2020/04/20 10:55, 136.500000, 137.000000, 136.500000, 136.500000, 7
2020/04/20 10:56, 136.500000, 136.500000, 136.500000, 136.500000, 1
2020/04/20 10:57, 136.000000, 136.500000, 136.000000, 136.500000, 2
2020/04/20 10:58, 136.500000, 136.500000, 136.000000, 136.000000, 4
2020/04/20 10:59, 136.000000, 136.000000, 136.000000, 136.000000, 0
2020/04/20 11:00, 136.500000, 136.500000, 136.500000, 136.500000, 2
2020/04/20 11:01, 136.500000, 136.500000, 136.500000, 136.500000, 0
2020/04/20 11:02, 136.500000, 136.500000, 136.500000, 136.500000, 2
2020/04/20 11:03, 136.500000, 136.500000, 136.500000, 136.500000, 5
2020/04/20 11:04, 136.500000, 136.500000, 136.500000, 136.500000, 4
2020/04/20 11:05, 136.500000, 136.500000, 136.500000, 136.500000, 2
2020/04/20 11:06, 136.500000, 136.500000, 136.500000, 136.500000, 0
2020/04/20 11:07, 136.500000, 136.500000, 136.500000, 136.500000, 5
2020/04/20 11:08, 136.500000, 136.500000, 136.500000, 136.500000, 4
2020/04/20 11:09, 136.500000, 136.500000, 136.500000, 136.500000, 1
2020/04/20 11:10, 136.500000, 136.500000, 136.500000, 136.500000, 0
2020/04/20 11:11, 136.500000, 136.500000, 136.500000, 136.500000, 1
2020/04/20 11:12, 136.500000, 136.500000, 136.500000, 136.500000, 0
2020/04/20 11:13, 136.500000, 136.500000, 136.500000, 136.500000, 1
2020/04/20 11:14, 136.500000, 136.500000, 136.500000, 136.500000, 1
2020/04/20 11:15, 136.500000, 136.500000, 136.500000, 136.500000, 1
2020/04/20 11:16, 136.500000, 136.500000, 136.500000, 136.500000, 1
2020/04/20 11:17, 136.500000, 136.500000, 136.500000, 136.500000, 5
2020/04/20 11:18, 136.500000, 136.500000, 136.500000, 136.500000, 1
2020/04/20 11:19, 136.500000, 136.500000, 136.500000, 136.500000, 8
2020/04/20 11:20, 136.500000, 137.000000, 136.500000, 137.000000, 15
2020/04/20 11:21, 137.000000, 137.000000, 137.000000, 137.000000, 3
2020/04/20 11:22, 137.000000, 137.000000, 137.000000, 137.000000, 1
2020/04/20 11:23, 137.000000, 137.000000, 137.000000, 137.000000, 1
2020/04/20 11:24, 137.000000, 137.000000, 137.000000, 137.000000, 0
2020/04/20 11:25, 137.000000, 137.000000, 137.000000, 137.000000, 1
2020/04/20 11:26, 137.000000, 137.000000, 137.000000, 137.000000, 0
2020/04/20 11:27, 136.500000, 137.000000, 136.500000, 137.000000, 2
2020/04/20 11:28, 136.500000, 136.500000, 136.500000, 136.500000, 4
2020/04/20 11:29, 136.500000, 136.500000, 136.500000, 136.500000, 0
2020/04/20 11:30, 136.500000, 136.500000, 136.500000, 136.500000, 2
2020/04/20 11:31, 136.500000, 137.000000, 136.500000, 137.000000, 2
2020/04/20 11:32, 136.500000, 136.500000, 136.500000, 136.500000, 5
2020/04/20 11:33, 136.500000, 136.500000, 136.500000, 136.500000, 0
2020/04/20 11:34, 136.500000, 136.500000, 136.500000, 136.500000, 3
2020/04/20 11:35, 137.000000, 137.000000, 137.000000, 137.000000, 1
2020/04/20 11:36, 137.000000, 137.000000, 137.000000, 137.000000, 0
2020/04/20 11:37, 137.000000, 137.000000, 137.000000, 137.000000, 1
2020/04/20 11:38, 137.000000, 137.000000, 137.000000, 137.000000, 0
2020/04/20 11:39, 136.500000, 136.500000, 136.500000, 136.500000, 10
2020/04/20 11:40, 136.500000, 136.500000, 136.500000, 136.500000, 0
2020/04/20 11:41, 136.000000, 136.500000, 136.000000, 136.500000, 2
2020/04/20 11:42, 136.000000, 136.000000, 136.000000, 136.000000, 1
2020/04/20 11:43, 136.500000, 136.500000, 136.000000, 136.500000, 11
2020/04/20 11:44, 136.500000, 136.500000, 136.500000, 136.500000, 0
2020/04/20 11:45, 136.500000, 136.500000, 136.500000, 136.500000, 0
2020/04/20 11:46, 136.500000, 136.500000, 136.500000, 136.500000, 0
2020/04/20 11:47, 136.000000, 136.000000, 136.000000, 136.000000, 1
2020/04/20 11:48, 136.000000, 136.000000, 136.000000, 136.000000, 0
2020/04/20 11:49, 136.500000, 136.500000, 136.000000, 136.000000, 3
2020/04/20 11:50, 136.000000, 136.000000, 136.000000, 136.000000, 0
2020/04/20 11:51, 136.000000, 136.000000, 136.000000, 136.000000, 0
2020/04/20 11:52, 136.000000, 136.000000, 136.000000, 136.000000, 66
2020/04/20 11:53, 136.000000, 136.000000, 136.000000, 136.000000, 6
2020/04/20 11:54, 136.000000, 136.000000, 136.000000, 136.000000, 4
2020/04/20 11:55, 136.000000, 136.000000, 136.000000, 136.000000, 4
2020/04/20 11:56, 136.000000, 136.000000, 136.000000, 136.000000, 8
2020/04/20 11:57, 136.000000, 136.000000, 136.000000, 136.000000, 2
2020/04/20 11:58, 136.000000, 136.000000, 136.000000, 136.000000, 1
2020/04/20 11:59, 136.000000, 136.000000, 136.000000, 136.000000, 2
2020/04/20 12:00, 136.000000, 136.000000, 136.000000, 136.000000, 1
2020/04/20 12:01, 136.000000, 136.000000, 136.000000, 136.000000, 0
2020/04/20 12:02, 136.000000, 136.000000, 136.000000, 136.000000, 1
2020/04/20 12:03, 136.000000, 136.000000, 136.000000, 136.000000, 2
2020/04/20 12:04, 136.000000, 136.000000, 136.000000, 136.000000, 0
2020/04/20 12:05, 136.000000, 136.000000, 136.000000, 136.000000, 0
2020/04/20 12:06, 136.000000, 136.000000, 136.000000, 136.000000, 2
2020/04/20 12:07, 136.000000, 136.000000, 136.000000, 136.000000, 1
2020/04/20 12:08, 136.500000, 136.500000, 136.000000, 136.000000, 2
2020/04/20 12:09, 136.000000, 136.000000, 136.000000, 136.000000, 0
2020/04/20 12:10, 136.000000, 136.000000, 136.000000, 136.000000, 1
2020/04/20 12:11, 136.000000, 136.000000, 136.000000, 136.000000, 2
2020/04/20 12:12, 136.000000, 136.000000, 136.000000, 136.000000, 0
2020/04/20 12:13, 136.000000, 136.000000, 136.000000, 136.000000, 4
2020/04/20 12:14, 136.000000, 136.000000, 136.000000, 136.000000, 0
2020/04/20 12:15, 136.000000, 136.000000, 136.000000, 136.000000, 1
2020/04/20 12:16, 136.000000, 136.000000, 136.000000, 136.000000, 5
2020/04/20 12:17, 136.500000, 136.500000, 136.500000, 136.500000, 4
2020/04/20 12:18, 136.500000, 136.500000, 136.500000, 136.500000, 22
2020/04/20 12:19, 136.500000, 136.500000, 136.500000, 136.500000, 2
2020/04/20 12:20, 136.500000, 136.500000, 136.500000, 136.500000, 0
2020/04/20 12:21, 137.000000, 137.000000, 137.000000, 137.000000, 1
2020/04/20 12:22, 137.000000, 137.000000, 136.500000, 136.500000, 2
2020/04/20 12:23, 136.500000, 136.500000, 136.500000, 136.500000, 1
2020/04/20 12:24, 136.500000, 137.000000, 136.500000, 136.500000, 10
2020/04/20 12:25, 136.500000, 136.500000, 136.500000, 136.500000, 3
2020/04/20 12:26, 136.500000, 136.500000, 136.500000, 136.500000, 5
2020/04/20 12:27, 136.500000, 136.500000, 136.500000, 136.500000, 0
2020/04/20 12:28, 136.500000, 136.500000, 136.500000, 136.500000, 0
2020/04/20 12:29, 136.500000, 136.500000, 136.500000, 136.500000, 0
2020/04/20 12:30, 136.500000, 136.500000, 136.000000, 136.500000, 4
2020/04/20 12:31, 136.500000, 136.500000, 136.500000, 136.500000, 0
2020/04/20 12:32, 136.500000, 136.500000, 136.500000, 136.500000, 0
2020/04/20 12:33, 136.000000, 136.500000, 136.000000, 136.500000, 3
2020/04/20 12:34, 136.000000, 136.500000, 136.000000, 136.500000, 4
2020/04/20 12:35, 136.000000, 136.500000, 136.000000, 136.500000, 9
2020/04/20 12:36, 136.500000, 137.000000, 136.500000, 137.000000, 2
2020/04/20 12:37, 136.500000, 136.500000, 136.500000, 136.500000, 1
2020/04/20 12:38, 137.000000, 137.000000, 137.000000, 137.000000, 1
2020/04/20 12:39, 137.000000, 137.000000, 137.000000, 137.000000, 2
2020/04/20 12:40, 137.000000, 137.000000, 136.500000, 136.500000, 2
2020/04/20 12:41, 137.000000, 137.000000, 137.000000, 137.000000, 1
2020/04/20 12:42, 137.000000, 137.000000, 137.000000, 137.000000, 1
2020/04/20 12:43, 137.000000, 137.000000, 136.500000, 136.500000, 2
2020/04/20 12:44, 136.500000, 137.000000, 136.500000, 137.000000, 8
2020/04/20 12:45, 137.000000, 137.000000, 137.000000, 137.000000, 0
2020/04/20 12:46, 137.000000, 137.000000, 137.000000, 137.000000, 2
2020/04/20 12:47, 136.500000, 136.500000, 136.500000, 136.500000, 1
2020/04/20 12:48, 136.500000, 136.500000, 136.500000, 136.500000, 0
2020/04/20 12:49, 137.000000, 137.000000, 137.000000, 137.000000, 12
2020/04/20 12:50, 137.000000, 137.000000, 136.500000, 136.500000, 12
2020/04/20 12:51, 137.000000, 137.000000, 136.500000, 136.500000, 17
2020/04/20 12:52, 136.500000, 136.500000, 136.500000, 136.500000, 2
2020/04/20 12:53, 136.500000, 136.500000, 136.500000, 136.500000, 2
2020/04/20 12:54, 136.500000, 136.500000, 136.500000, 136.500000, 1
2020/04/20 12:55, 136.500000, 137.000000, 136.500000, 137.000000, 15
2020/04/20 12:56, 137.000000, 137.000000, 137.000000, 137.000000, 1
2020/04/20 12:57, 137.000000, 137.000000, 137.000000, 137.000000, 16
2020/04/20 12:58, 137.500000, 137.500000, 137.500000, 137.500000, 2
2020/04/20 12:59, 137.500000, 137.500000, 137.000000, 137.000000, 3
2020/04/20 13:00, 137.500000, 137.500000, 137.500000, 137.500000, 6
2020/04/20 13:01, 137.500000, 137.500000, 137.500000, 137.500000, 2
2020/04/20 13:02, 137.500000, 137.500000, 137.500000, 137.500000, 8
2020/04/20 13:03, 137.500000, 137.500000, 137.000000, 137.500000, 6
2020/04/20 13:04, 137.000000, 137.500000, 137.000000, 137.000000, 7
2020/04/20 13:05, 137.000000, 137.500000, 137.000000, 137.000000, 19
2020/04/20 13:06, 137.000000, 137.000000, 137.000000, 137.000000, 8
2020/04/20 13:07, 137.000000, 137.000000, 137.000000, 137.000000, 28
2020/04/20 13:08, 136.500000, 136.500000, 136.500000, 136.500000, 1
2020/04/20 13:09, 136.500000, 136.500000, 136.500000, 136.500000, 2
2020/04/20 13:10, 137.000000, 137.000000, 136.500000, 136.500000, 2
2020/04/20 13:11, 136.500000, 136.500000, 136.500000, 136.500000, 1
2020/04/20 13:12, 137.000000, 137.000000, 137.000000, 137.000000, 2
2020/04/20 13:13, 137.000000, 137.000000, 137.000000, 137.000000, 0
2020/04/20 13:14, 137.000000, 137.000000, 137.000000, 137.000000, 3
2020/04/20 13:15, 136.500000, 136.500000, 136.500000, 136.500000, 5
2020/04/20 13:16, 137.000000, 137.000000, 136.500000, 136.500000, 18
2020/04/20 13:17, 136.500000, 137.000000, 136.500000, 137.000000, 11
2020/04/20 13:18, 137.000000, 137.000000, 137.000000, 137.000000, 5
2020/04/20 13:19, 136.500000, 137.000000, 136.500000, 136.500000, 15
2020/04/20 13:20, 136.500000, 137.000000, 136.500000, 137.000000, 10
2020/04/20 13:21, 137.000000, 137.000000, 137.000000, 137.000000, 1
2020/04/20 13:22, 137.000000, 137.000000, 136.500000, 136.500000, 18
2020/04/20 13:23, 136.500000, 137.000000, 136.500000, 136.500000, 8
2020/04/20 13:24, 137.000000, 137.000000, 136.500000, 137.000000, 10
2020/04/20 13:25, 137.000000, 137.000000, 136.500000, 136.500000, 33
2020/04/20 13:26, 136.500000, 136.500000, 136.500000, 136.500000, 0
2020/04/20 13:27, 136.500000, 136.500000, 136.500000, 136.500000, 0
2020/04/20 13:28, 136.500000, 136.500000, 136.500000, 136.500000, 0
2020/04/20 13:29, 136.500000, 136.500000, 136.500000, 136.500000, 0
2020/04/20 13:30, 136.500000, 136.500000, 136.500000, 136.500000, 207
2020/04/21 09:01, 137.500000, 138.000000, 137.000000, 138.000000, 172
2020/04/21 09:02, 137.500000, 138.000000, 137.500000, 137.500000, 43
2020/04/21 09:03, 137.500000, 138.000000, 137.000000, 137.000000, 67
2020/04/21 09:04, 137.000000, 137.500000, 137.000000, 137.500000, 39
2020/04/21 09:05, 137.500000, 137.500000, 136.500000, 137.000000, 63
2020/04/21 09:06, 137.000000, 137.500000, 136.500000, 137.000000, 46
2020/04/21 09:07, 137.000000, 137.000000, 136.500000, 136.500000, 36
2020/04/21 09:08, 136.500000, 137.000000, 136.500000, 137.000000, 27
2020/04/21 09:09, 137.000000, 138.000000, 137.000000, 138.000000, 28
2020/04/21 09:10, 138.000000, 138.000000, 137.500000, 137.500000, 35
2020/04/21 09:11, 137.500000, 137.500000, 137.500000, 137.500000, 27
2020/04/21 09:12, 137.500000, 137.500000, 137.500000, 137.500000, 10
2020/04/21 09:13, 137.500000, 137.500000, 136.500000, 137.000000, 54
2020/04/21 09:14, 137.000000, 137.500000, 137.000000, 137.000000, 17
2020/04/21 09:15, 137.000000, 137.000000, 136.500000, 136.500000, 24
2020/04/21 09:16, 137.000000, 137.500000, 137.000000, 137.500000, 6
2020/04/21 09:17, 137.500000, 137.500000, 137.000000, 137.000000, 12
2020/04/21 09:18, 137.000000, 137.000000, 137.000000, 137.000000, 2
2020/04/21 09:19, 137.000000, 137.000000, 137.000000, 137.000000, 7
2020/04/21 09:20, 137.000000, 137.000000, 137.000000, 137.000000, 10
2020/04/21 09:21, 137.000000, 137.000000, 137.000000, 137.000000, 1
2020/04/21 09:22, 137.000000, 137.000000, 136.500000, 136.500000, 2
2020/04/21 09:23, 136.500000, 137.000000, 136.000000, 136.000000, 51
2020/04/21 09:24, 136.000000, 136.500000, 136.000000, 136.000000, 40
2020/04/21 09:25, 136.000000, 136.000000, 135.500000, 135.500000, 25
2020/04/21 09:26, 136.000000, 136.500000, 135.500000, 136.000000, 42
2020/04/21 09:27, 136.000000, 136.000000, 135.500000, 136.000000, 12
2020/04/21 09:28, 135.500000, 136.000000, 135.500000, 136.000000, 27
2020/04/21 09:29, 136.000000, 136.000000, 136.000000, 136.000000, 12
2020/04/21 09:30, 136.000000, 136.000000, 136.000000, 136.000000, 11
2020/04/21 09:31, 136.000000, 136.000000, 135.500000, 136.000000, 6
2020/04/21 09:32, 136.000000, 136.000000, 135.500000, 135.500000, 3
2020/04/21 09:33, 135.500000, 136.000000, 135.500000, 136.000000, 53
2020/04/21 09:34, 136.000000, 136.000000, 135.500000, 135.500000, 10
2020/04/21 09:35, 135.500000, 135.500000, 134.500000, 134.500000, 63
2020/04/21 09:36, 135.000000, 135.000000, 134.500000, 135.000000, 25
2020/04/21 09:37, 135.000000, 135.000000, 134.500000, 135.000000, 23
2020/04/21 09:38, 135.000000, 135.500000, 135.000000, 135.500000, 17
2020/04/21 09:39, 135.500000, 135.500000, 135.000000, 135.500000, 6
2020/04/21 09:40, 135.500000, 135.500000, 135.500000, 135.500000, 6
2020/04/21 09:41, 135.500000, 135.500000, 135.500000, 135.500000, 8
2020/04/21 09:42, 135.500000, 135.500000, 135.500000, 135.500000, 4
2020/04/21 09:43, 135.500000, 135.500000, 135.500000, 135.500000, 1
2020/04/21 09:44, 135.500000, 135.500000, 135.500000, 135.500000, 11
2020/04/21 09:45, 135.500000, 135.500000, 135.500000, 135.500000, 5
2020/04/21 09:46, 135.500000, 135.500000, 135.500000, 135.500000, 0
2020/04/21 09:47, 135.000000, 135.000000, 135.000000, 135.000000, 35
2020/04/21 09:48, 135.000000, 135.000000, 135.000000, 135.000000, 11
2020/04/21 09:49, 135.000000, 135.000000, 134.500000, 135.000000, 28
2020/04/21 09:50, 134.500000, 135.000000, 134.500000, 135.000000, 7
2020/04/21 09:51, 134.500000, 135.000000, 134.500000, 135.000000, 2
2020/04/21 09:52, 135.000000, 135.000000, 134.500000, 134.500000, 4
2020/04/21 09:53, 134.500000, 134.500000, 134.500000, 134.500000, 9
2020/04/21 09:54, 134.500000, 134.500000, 134.000000, 134.000000, 46
2020/04/21 09:55, 134.000000, 134.000000, 134.000000, 134.000000, 39
2020/04/21 09:56, 134.000000, 134.000000, 134.000000, 134.000000, 8
2020/04/21 09:57, 134.500000, 135.000000, 134.500000, 135.000000, 22
2020/04/21 09:58, 135.000000, 135.000000, 135.000000, 135.000000, 1
2020/04/21 09:59, 135.000000, 135.000000, 135.000000, 135.000000, 7
2020/04/21 10:00, 135.000000, 135.000000, 135.000000, 135.000000, 3
2020/04/21 10:01, 135.000000, 135.000000, 135.000000, 135.000000, 3
2020/04/21 10:02, 135.000000, 135.000000, 134.500000, 135.000000, 4
2020/04/21 10:03, 135.000000, 135.500000, 135.000000, 135.500000, 10
2020/04/21 10:04, 135.500000, 135.500000, 135.500000, 135.500000, 20
2020/04/21 10:05, 135.500000, 135.500000, 135.500000, 135.500000, 6
2020/04/21 10:06, 135.500000, 135.500000, 135.500000, 135.500000, 1
2020/04/21 10:07, 135.500000, 135.500000, 135.500000, 135.500000, 1
2020/04/21 10:08, 135.000000, 135.000000, 134.500000, 134.500000, 77
2020/04/21 10:09, 135.000000, 135.000000, 134.000000, 134.500000, 14
2020/04/21 10:10, 134.500000, 134.500000, 134.500000, 134.500000, 3
2020/04/21 10:11, 134.500000, 134.500000, 134.000000, 134.500000, 11
2020/04/21 10:12, 134.500000, 134.500000, 134.500000, 134.500000, 4
2020/04/21 10:13, 134.500000, 134.500000, 134.500000, 134.500000, 4
2020/04/21 10:14, 134.500000, 134.500000, 134.500000, 134.500000, 0
2020/04/21 10:15, 134.500000, 135.500000, 134.500000, 135.500000, 19
2020/04/21 10:16, 135.500000, 135.500000, 135.500000, 135.500000, 2
2020/04/21 10:17, 135.500000, 135.500000, 135.500000, 135.500000, 4
2020/04/21 10:18, 135.500000, 135.500000, 135.000000, 135.000000, 4
2020/04/21 10:19, 135.000000, 135.000000, 135.000000, 135.000000, 3
2020/04/21 10:20, 135.500000, 135.500000, 135.000000, 135.500000, 4
2020/04/21 10:21, 135.500000, 135.500000, 135.500000, 135.500000, 2
2020/04/21 10:22, 135.500000, 135.500000, 135.500000, 135.500000, 1
2020/04/21 10:23, 135.000000, 135.000000, 135.000000, 135.000000, 4
2020/04/21 10:24, 135.000000, 135.000000, 135.000000, 135.000000, 41
2020/04/21 10:25, 135.000000, 135.000000, 135.000000, 135.000000, 2
2020/04/21 10:26, 135.000000, 135.000000, 135.000000, 135.000000, 0
2020/04/21 10:27, 135.000000, 135.000000, 135.000000, 135.000000, 0
2020/04/21 10:28, 134.500000, 135.000000, 134.500000, 134.500000, 4
2020/04/21 10:29, 134.500000, 135.000000, 134.500000, 135.000000, 4
2020/04/21 10:30, 135.000000, 135.000000, 134.500000, 134.500000, 2
2020/04/21 10:31, 134.500000, 134.500000, 134.500000, 134.500000, 42
2020/04/21 10:32, 134.500000, 134.500000, 134.500000, 134.500000, 5
2020/04/21 10:33, 134.500000, 134.500000, 134.500000, 134.500000, 7
2020/04/21 10:34, 134.500000, 134.500000, 134.500000, 134.500000, 5
2020/04/21 10:35, 134.500000, 134.500000, 134.500000, 134.500000, 4
2020/04/21 10:36, 134.500000, 134.500000, 134.500000, 134.500000, 0
2020/04/21 10:37, 134.500000, 134.500000, 134.500000, 134.500000, 1
2020/04/21 10:38, 134.000000, 134.000000, 134.000000, 134.000000, 23
2020/04/21 10:39, 134.500000, 134.500000, 134.000000, 134.000000, 14
2020/04/21 10:40, 134.000000, 134.000000, 133.500000, 133.500000, 34
2020/04/21 10:41, 133.500000, 134.000000, 133.500000, 134.000000, 15
2020/04/21 10:42, 133.500000, 134.000000, 133.500000, 134.000000, 3
2020/04/21 10:43, 134.000000, 134.000000, 133.500000, 134.000000, 11
2020/04/21 10:44, 133.500000, 134.000000, 133.500000, 134.000000, 12
2020/04/21 10:45, 134.000000, 134.000000, 133.500000, 134.000000, 6
2020/04/21 10:46, 134.000000, 134.000000, 134.000000, 134.000000, 2
2020/04/21 10:47, 134.000000, 134.000000, 134.000000, 134.000000, 2
2020/04/21 10:48, 134.000000, 134.000000, 134.000000, 134.000000, 4
2020/04/21 10:49, 134.000000, 134.000000, 134.000000, 134.000000, 0
2020/04/21 10:50, 134.000000, 134.500000, 134.000000, 134.500000, 5
2020/04/21 10:51, 134.500000, 134.500000, 134.500000, 134.500000, 5
2020/04/21 10:52, 134.000000, 134.500000, 134.000000, 134.500000, 2
2020/04/21 10:53, 134.500000, 134.500000, 134.500000, 134.500000, 1
2020/04/21 10:54, 134.500000, 134.500000, 134.500000, 134.500000, 3
2020/04/21 10:55, 134.500000, 134.500000, 134.500000, 134.500000, 1
2020/04/21 10:56, 134.000000, 134.000000, 134.000000, 134.000000, 1
2020/04/21 10:57, 134.000000, 134.000000, 134.000000, 134.000000, 0
2020/04/21 10:58, 134.000000, 134.000000, 134.000000, 134.000000, 2
2020/04/21 10:59, 134.500000, 134.500000, 134.500000, 134.500000, 1
2020/04/21 11:00, 134.000000, 134.000000, 134.000000, 134.000000, 24
2020/04/21 11:01, 134.000000, 134.000000, 134.000000, 134.000000, 0
2020/04/21 11:02, 134.000000, 134.000000, 134.000000, 134.000000, 1
2020/04/21 11:03, 134.000000, 134.000000, 134.000000, 134.000000, 1
2020/04/21 11:04, 134.000000, 134.000000, 134.000000, 134.000000, 1
2020/04/21 11:05, 134.500000, 134.500000, 134.500000, 134.500000, 2
2020/04/21 11:06, 134.500000, 134.500000, 134.500000, 134.500000, 2
2020/04/21 11:07, 134.500000, 134.500000, 134.500000, 134.500000, 0
2020/04/21 11:08, 134.500000, 134.500000, 134.500000, 134.500000, 0
2020/04/21 11:09, 134.500000, 134.500000, 134.500000, 134.500000, 3
2020/04/21 11:10, 134.500000, 134.500000, 134.500000, 134.500000, 7
2020/04/21 11:11, 134.500000, 134.500000, 134.500000, 134.500000, 1
2020/04/21 11:12, 135.000000, 135.000000, 135.000000, 135.000000, 4
2020/04/21 11:13, 134.500000, 135.000000, 134.500000, 135.000000, 35
2020/04/21 11:14, 135.000000, 135.500000, 135.000000, 135.500000, 6
2020/04/21 11:15, 135.500000, 135.500000, 135.500000, 135.500000, 4
2020/04/21 11:16, 135.000000, 135.000000, 135.000000, 135.000000, 9
2020/04/21 11:17, 135.000000, 135.000000, 135.000000, 135.000000, 0
2020/04/21 11:18, 135.000000, 135.000000, 135.000000, 135.000000, 0
2020/04/21 11:19, 135.000000, 135.000000, 135.000000, 135.000000, 3
2020/04/21 11:20, 135.000000, 135.000000, 135.000000, 135.000000, 2
2020/04/21 11:21, 135.000000, 135.000000, 135.000000, 135.000000, 0
2020/04/21 11:22, 134.500000, 134.500000, 134.500000, 134.500000, 1
2020/04/21 11:23, 134.500000, 134.500000, 134.500000, 134.500000, 20
2020/04/21 11:24, 134.500000, 134.500000, 134.500000, 134.500000, 1
2020/04/21 11:25, 134.500000, 134.500000, 134.500000, 134.500000, 0
2020/04/21 11:26, 134.500000, 134.500000, 134.500000, 134.500000, 3
2020/04/21 11:27, 134.500000, 134.500000, 134.500000, 134.500000, 4
2020/04/21 11:28, 134.500000, 134.500000, 134.500000, 134.500000, 1
2020/04/21 11:29, 134.000000, 134.000000, 134.000000, 134.000000, 2
2020/04/21 11:30, 134.000000, 134.500000, 134.000000, 134.500000, 34
2020/04/21 11:31, 134.000000, 134.000000, 134.000000, 134.000000, 20
2020/04/21 11:32, 134.000000, 134.000000, 134.000000, 134.000000, 0
2020/04/21 11:33, 134.000000, 134.000000, 134.000000, 134.000000, 2
2020/04/21 11:34, 134.000000, 134.000000, 134.000000, 134.000000, 1
2020/04/21 11:35, 134.000000, 134.000000, 134.000000, 134.000000, 0
2020/04/21 11:36, 134.000000, 134.000000, 134.000000, 134.000000, 0
2020/04/21 11:37, 134.000000, 134.000000, 134.000000, 134.000000, 0
2020/04/21 11:38, 134.000000, 134.000000, 134.000000, 134.000000, 1
2020/04/21 11:39, 134.000000, 134.000000, 134.000000, 134.000000, 0
2020/04/21 11:40, 134.000000, 134.000000, 134.000000, 134.000000, 1
2020/04/21 11:41, 134.000000, 134.000000, 134.000000, 134.000000, 3
2020/04/21 11:42, 134.000000, 134.000000, 134.000000, 134.000000, 2
2020/04/21 11:43, 134.000000, 134.000000, 134.000000, 134.000000, 4
2020/04/21 11:44, 134.500000, 134.500000, 134.500000, 134.500000, 1
2020/04/21 11:45, 134.500000, 134.500000, 134.500000, 134.500000, 0
2020/04/21 11:46, 134.500000, 134.500000, 134.500000, 134.500000, 0
2020/04/21 11:47, 134.500000, 134.500000, 134.500000, 134.500000, 0
2020/04/21 11:48, 134.000000, 134.000000, 134.000000, 134.000000, 1
2020/04/21 11:49, 134.000000, 134.000000, 134.000000, 134.000000, 0
2020/04/21 11:50, 134.000000, 134.000000, 134.000000, 134.000000, 0
2020/04/21 11:51, 134.000000, 134.000000, 134.000000, 134.000000, 1
2020/04/21 11:52, 134.000000, 134.000000, 134.000000, 134.000000, 0
2020/04/21 11:53, 134.000000, 134.000000, 134.000000, 134.000000, 0
2020/04/21 11:54, 134.000000, 134.000000, 134.000000, 134.000000, 1
2020/04/21 11:55, 134.000000, 134.000000, 134.000000, 134.000000, 0
2020/04/21 11:56, 134.000000, 134.000000, 134.000000, 134.000000, 0
2020/04/21 11:57, 134.000000, 134.000000, 134.000000, 134.000000, 0
2020/04/21 11:58, 134.000000, 134.000000, 134.000000, 134.000000, 0
2020/04/21 11:59, 134.500000, 134.500000, 134.500000, 134.500000, 1
2020/04/21 12:00, 134.500000, 134.500000, 134.500000, 134.500000, 17
2020/04/21 12:01, 134.500000, 134.500000, 134.500000, 134.500000, 0
2020/04/21 12:02, 134.500000, 134.500000, 134.500000, 134.500000, 0
2020/04/21 12:03, 134.500000, 134.500000, 134.500000, 134.500000, 10
2020/04/21 12:04, 134.500000, 134.500000, 134.500000, 134.500000, 0
2020/04/21 12:05, 134.500000, 134.500000, 134.500000, 134.500000, 2
2020/04/21 12:06, 135.000000, 135.000000, 134.500000, 134.500000, 3
2020/04/21 12:07, 134.500000, 134.500000, 134.500000, 134.500000, 4
2020/04/21 12:08, 134.500000, 134.500000, 134.500000, 134.500000, 0
2020/04/21 12:09, 134.500000, 134.500000, 134.500000, 134.500000, 1
2020/04/21 12:10, 134.500000, 134.500000, 134.500000, 134.500000, 4
2020/04/21 12:11, 134.500000, 134.500000, 134.500000, 134.500000, 1
2020/04/21 12:12, 134.500000, 134.500000, 134.500000, 134.500000, 2
2020/04/21 12:13, 134.500000, 134.500000, 134.500000, 134.500000, 4
2020/04/21 12:14, 134.500000, 134.500000, 134.500000, 134.500000, 2
2020/04/21 12:15, 134.000000, 134.000000, 134.000000, 134.000000, 1
2020/04/21 12:16, 134.000000, 134.000000, 134.000000, 134.000000, 0
2020/04/21 12:17, 134.000000, 134.000000, 134.000000, 134.000000, 1
2020/04/21 12:18, 134.000000, 134.000000, 134.000000, 134.000000, 0
2020/04/21 12:19, 134.000000, 134.000000, 134.000000, 134.000000, 0
2020/04/21 12:20, 134.500000, 134.500000, 134.500000, 134.500000, 1
2020/04/21 12:21, 134.000000, 134.000000, 134.000000, 134.000000, 1
2020/04/21 12:22, 134.000000, 134.000000, 134.000000, 134.000000, 3
2020/04/21 12:23, 134.000000, 134.000000, 134.000000, 134.000000, 0
2020/04/21 12:24, 134.000000, 134.000000, 134.000000, 134.000000, 2
2020/04/21 12:25, 134.000000, 134.500000, 134.000000, 134.500000, 2
2020/04/21 12:26, 134.500000, 134.500000, 134.500000, 134.500000, 0
2020/04/21 12:27, 134.000000, 134.000000, 134.000000, 134.000000, 3
2020/04/21 12:28, 134.000000, 134.000000, 134.000000, 134.000000, 3
2020/04/21 12:29, 134.000000, 134.000000, 134.000000, 134.000000, 4
2020/04/21 12:30, 134.500000, 134.500000, 134.000000, 134.000000, 6
2020/04/21 12:31, 134.000000, 134.000000, 134.000000, 134.000000, 1
2020/04/21 12:32, 134.000000, 134.000000, 134.000000, 134.000000, 4
2020/04/21 12:33, 134.000000, 134.500000, 134.000000, 134.500000, 7
2020/04/21 12:34, 134.500000, 134.500000, 134.500000, 134.500000, 4
2020/04/21 12:35, 134.000000, 134.000000, 134.000000, 134.000000, 8
2020/04/21 12:36, 134.000000, 134.000000, 134.000000, 134.000000, 6
2020/04/21 12:37, 134.000000, 134.000000, 134.000000, 134.000000, 3
2020/04/21 12:38, 134.000000, 134.000000, 134.000000, 134.000000, 14
2020/04/21 12:39, 134.000000, 134.000000, 134.000000, 134.000000, 32
2020/04/21 12:40, 134.000000, 134.000000, 134.000000, 134.000000, 0
2020/04/21 12:41, 134.000000, 134.000000, 134.000000, 134.000000, 2
2020/04/21 12:42, 134.000000, 134.000000, 133.500000, 133.500000, 4
2020/04/21 12:43, 133.500000, 133.500000, 133.500000, 133.500000, 2
2020/04/21 12:44, 133.500000, 134.000000, 133.500000, 133.500000, 22
2020/04/21 12:45, 133.500000, 133.500000, 133.500000, 133.500000, 2
2020/04/21 12:46, 133.500000, 133.500000, 133.500000, 133.500000, 1
2020/04/21 12:47, 133.500000, 133.500000, 133.500000, 133.500000, 3
2020/04/21 12:48, 133.500000, 133.500000, 133.500000, 133.500000, 3
2020/04/21 12:49, 133.500000, 133.500000, 133.500000, 133.500000, 6
2020/04/21 12:50, 133.500000, 133.500000, 133.500000, 133.500000, 6
2020/04/21 12:51, 133.500000, 134.000000, 133.500000, 133.500000, 14
2020/04/21 12:52, 134.000000, 134.000000, 134.000000, 134.000000, 14
2020/04/21 12:53, 134.000000, 134.000000, 133.500000, 134.000000, 8
2020/04/21 12:54, 134.000000, 134.000000, 134.000000, 134.000000, 6
2020/04/21 12:55, 134.000000, 134.000000, 134.000000, 134.000000, 8
2020/04/21 12:56, 134.000000, 134.000000, 134.000000, 134.000000, 1
2020/04/21 12:57, 134.000000, 134.000000, 133.500000, 134.000000, 13
2020/04/21 12:58, 133.500000, 134.000000, 133.500000, 134.000000, 4
2020/04/21 12:59, 134.000000, 134.000000, 134.000000, 134.000000, 3
2020/04/21 13:00, 134.000000, 134.000000, 133.500000, 133.500000, 5
2020/04/21 13:01, 134.000000, 134.000000, 133.500000, 133.500000, 3
2020/04/21 13:02, 134.000000, 134.000000, 133.500000, 133.500000, 2
2020/04/21 13:03, 134.000000, 134.000000, 134.000000, 134.000000, 6
2020/04/21 13:04, 133.500000, 133.500000, 133.500000, 133.500000, 16
2020/04/21 13:05, 133.500000, 133.500000, 133.500000, 133.500000, 59
2020/04/21 13:06, 133.500000, 133.500000, 133.000000, 133.000000, 17
2020/04/21 13:07, 133.500000, 133.500000, 133.500000, 133.500000, 1
2020/04/21 13:08, 133.500000, 133.500000, 133.000000, 133.500000, 6
2020/04/21 13:09, 133.500000, 133.500000, 133.000000, 133.500000, 3
2020/04/21 13:10, 133.500000, 133.500000, 133.000000, 133.500000, 13
2020/04/21 13:11, 133.500000, 133.500000, 133.000000, 133.000000, 3
2020/04/21 13:12, 133.000000, 133.500000, 133.000000, 133.500000, 7
2020/04/21 13:13, 133.000000, 133.500000, 133.000000, 133.000000, 14
2020/04/21 13:14, 133.000000, 133.000000, 133.000000, 133.000000, 3
2020/04/21 13:15, 133.000000, 133.500000, 133.000000, 133.000000, 6
2020/04/21 13:16, 133.000000, 133.500000, 133.000000, 133.500000, 18
2020/04/21 13:17, 133.500000, 133.500000, 133.000000, 133.500000, 6
2020/04/21 13:18, 133.500000, 133.500000, 133.500000, 133.500000, 18
2020/04/21 13:19, 133.500000, 133.500000, 133.000000, 133.000000, 9
2020/04/21 13:20, 133.500000, 133.500000, 133.000000, 133.500000, 6
2020/04/21 13:21, 133.500000, 133.500000, 133.000000, 133.500000, 13
2020/04/21 13:22, 133.500000, 133.500000, 133.500000, 133.500000, 25
2020/04/21 13:23, 133.500000, 133.500000, 133.000000, 133.500000, 11
2020/04/21 13:24, 133.000000, 133.000000, 133.000000, 133.000000, 5
2020/04/21 13:25, 133.500000, 133.500000, 133.000000, 133.000000, 5
2020/04/21 13:26, 133.000000, 133.000000, 133.000000, 133.000000, 0
2020/04/21 13:27, 133.000000, 133.000000, 133.000000, 133.000000, 0
2020/04/21 13:28, 133.000000, 133.000000, 133.000000, 133.000000, 0
2020/04/21 13:29, 133.000000, 133.000000, 133.000000, 133.000000, 0
2020/04/21 13:30, 133.000000, 133.000000, 133.000000, 133.000000, 204
2020/04/22 09:01, 133.500000, 134.000000, 133.500000, 133.500000, 77
2020/04/22 09:02, 133.500000, 134.000000, 133.500000, 134.000000, 76
2020/04/22 09:03, 133.500000, 133.500000, 133.000000, 133.500000, 24
2020/04/22 09:04, 133.500000, 134.000000, 133.500000, 133.500000, 23
2020/04/22 09:05, 133.500000, 134.000000, 133.500000, 134.000000, 18
2020/04/22 09:06, 133.500000, 134.000000, 133.500000, 133.500000, 18
2020/04/22 09:07, 133.500000, 133.500000, 133.000000, 133.000000, 14
2020/04/22 09:08, 133.000000, 133.500000, 132.500000, 133.000000, 47
2020/04/22 09:09, 132.500000, 132.500000, 132.000000, 132.000000, 66
2020/04/22 09:10, 132.000000, 132.500000, 132.000000, 132.000000, 30
2020/04/22 09:11, 132.000000, 132.500000, 131.500000, 132.000000, 37
2020/04/22 09:12, 132.000000, 133.000000, 132.000000, 133.000000, 16
2020/04/22 09:13, 133.000000, 133.000000, 132.500000, 133.000000, 9
2020/04/22 09:14, 133.000000, 133.000000, 133.000000, 133.000000, 12
2020/04/22 09:15, 133.000000, 133.000000, 133.000000, 133.000000, 4
2020/04/22 09:16, 133.000000, 133.500000, 133.000000, 133.500000, 3
2020/04/22 09:17, 133.500000, 134.000000, 133.500000, 134.000000, 25
2020/04/22 09:18, 134.000000, 134.500000, 134.000000, 134.500000, 28
2020/04/22 09:19, 134.000000, 134.500000, 134.000000, 134.000000, 20
2020/04/22 09:20, 134.000000, 134.000000, 133.500000, 134.000000, 10
2020/04/22 09:21, 134.000000, 134.000000, 134.000000, 134.000000, 3
2020/04/22 09:22, 134.000000, 134.000000, 134.000000, 134.000000, 26
2020/04/22 09:23, 134.000000, 134.000000, 133.500000, 134.000000, 6
2020/04/22 09:24, 133.500000, 134.000000, 133.500000, 134.000000, 9
2020/04/22 09:25, 134.000000, 134.000000, 134.000000, 134.000000, 7
2020/04/22 09:26, 134.000000, 134.000000, 134.000000, 134.000000, 2
2020/04/22 09:27, 134.000000, 134.500000, 134.000000, 134.000000, 20
2020/04/22 09:28, 134.500000, 134.500000, 134.500000, 134.500000, 3
2020/04/22 09:29, 134.500000, 134.500000, 134.500000, 134.500000, 50
2020/04/22 09:30, 134.500000, 135.000000, 134.500000, 135.000000, 11
2020/04/22 09:31, 135.000000, 135.000000, 135.000000, 135.000000, 8
2020/04/22 09:32, 135.000000, 135.000000, 134.500000, 135.000000, 18
2020/04/22 09:33, 135.000000, 135.000000, 134.500000, 134.500000, 62
2020/04/22 09:34, 134.500000, 134.500000, 134.500000, 134.500000, 6
2020/04/22 09:35, 134.500000, 134.500000, 134.500000, 134.500000, 9
2020/04/22 09:36, 134.500000, 134.500000, 134.500000, 134.500000, 15
2020/04/22 09:37, 134.500000, 134.500000, 134.000000, 134.000000, 7
2020/04/22 09:38, 134.000000, 134.000000, 133.500000, 134.000000, 37
2020/04/22 09:39, 134.000000, 134.000000, 133.500000, 133.500000, 13
2020/04/22 09:40, 133.500000, 133.500000, 133.500000, 133.500000, 19
2020/04/22 09:41, 133.500000, 133.500000, 133.500000, 133.500000, 8
2020/04/22 09:42, 133.500000, 133.500000, 133.500000, 133.500000, 2
2020/04/22 09:43, 133.500000, 133.500000, 133.500000, 133.500000, 0
2020/04/22 09:44, 134.000000, 134.000000, 133.500000, 133.500000, 2
2020/04/22 09:45, 133.500000, 133.500000, 133.500000, 133.500000, 0
2020/04/22 09:46, 134.000000, 134.000000, 134.000000, 134.000000, 12
2020/04/22 09:47, 134.000000, 134.000000, 134.000000, 134.000000, 4
2020/04/22 09:48, 134.000000, 134.000000, 134.000000, 134.000000, 1
2020/04/22 09:49, 134.000000, 134.000000, 134.000000, 134.000000, 3
2020/04/22 09:50, 134.000000, 134.000000, 134.000000, 134.000000, 1
2020/04/22 09:51, 134.000000, 134.000000, 134.000000, 134.000000, 6
2020/04/22 09:52, 134.000000, 134.000000, 133.500000, 133.500000, 5
2020/04/22 09:53, 133.500000, 133.500000, 133.500000, 133.500000, 0
2020/04/22 09:54, 134.000000, 134.000000, 134.000000, 134.000000, 6
2020/04/22 09:55, 134.500000, 134.500000, 134.500000, 134.500000, 22
2020/04/22 09:56, 134.500000, 134.500000, 134.500000, 134.500000, 0
2020/04/22 09:57, 134.500000, 134.500000, 134.500000, 134.500000, 16
2020/04/22 09:58, 135.000000, 135.000000, 135.000000, 135.000000, 3
2020/04/22 09:59, 135.000000, 135.000000, 135.000000, 135.000000, 4
2020/04/22 10:00, 135.000000, 135.000000, 135.000000, 135.000000, 8
2020/04/22 10:01, 135.000000, 135.000000, 134.500000, 135.000000, 25
2020/04/22 10:02, 135.000000, 135.000000, 135.000000, 135.000000, 4
2020/04/22 10:03, 135.000000, 135.000000, 135.000000, 135.000000, 1
2020/04/22 10:04, 134.500000, 135.000000, 134.500000, 135.000000, 3
2020/04/22 10:05, 135.000000, 135.000000, 134.500000, 134.500000, 29
2020/04/22 10:06, 134.500000, 134.500000, 134.500000, 134.500000, 2
2020/04/22 10:07, 134.500000, 134.500000, 134.500000, 134.500000, 1
2020/04/22 10:08, 134.500000, 134.500000, 134.500000, 134.500000, 1
2020/04/22 10:09, 134.500000, 134.500000, 134.500000, 134.500000, 1
2020/04/22 10:10, 134.500000, 134.500000, 134.500000, 134.500000, 0
2020/04/22 10:11, 134.500000, 134.500000, 134.500000, 134.500000, 15
2020/04/22 10:12, 134.500000, 134.500000, 134.500000, 134.500000, 0
2020/04/22 10:13, 134.500000, 134.500000, 134.500000, 134.500000, 2
2020/04/22 10:14, 134.500000, 134.500000, 134.500000, 134.500000, 1
2020/04/22 10:15, 135.000000, 135.000000, 134.500000, 134.500000, 2
2020/04/22 10:16, 134.500000, 134.500000, 134.500000, 134.500000, 8
2020/04/22 10:17, 134.500000, 134.500000, 134.500000, 134.500000, 1
2020/04/22 10:18, 135.000000, 135.500000, 135.000000, 135.000000, 46
2020/04/22 10:19, 135.000000, 135.000000, 135.000000, 135.000000, 1
2020/04/22 10:20, 135.000000, 135.000000, 135.000000, 135.000000, 5
2020/04/22 10:21, 135.000000, 135.000000, 135.000000, 135.000000, 2
2020/04/22 10:22, 135.500000, 135.500000, 135.500000, 135.500000, 4
2020/04/22 10:23, 135.500000, 135.500000, 135.500000, 135.500000, 2
2020/04/22 10:24, 135.500000, 135.500000, 135.500000, 135.500000, 8
2020/04/22 10:25, 135.500000, 135.500000, 135.000000, 135.500000, 14
2020/04/22 10:26, 135.500000, 135.500000, 135.000000, 135.000000, 33
2020/04/22 10:27, 135.000000, 135.000000, 135.000000, 135.000000, 7
2020/04/22 10:28, 135.000000, 135.000000, 135.000000, 135.000000, 3
2020/04/22 10:29, 135.000000, 135.000000, 135.000000, 135.000000, 1
2020/04/22 10:30, 135.000000, 135.000000, 135.000000, 135.000000, 0
2020/04/22 10:31, 135.000000, 135.000000, 134.500000, 134.500000, 12
2020/04/22 10:32, 135.000000, 135.000000, 134.500000, 134.500000, 2
2020/04/22 10:33, 134.500000, 134.500000, 134.500000, 134.500000, 2
2020/04/22 10:34, 134.500000, 134.500000, 134.500000, 134.500000, 5
2020/04/22 10:35, 134.500000, 134.500000, 134.500000, 134.500000, 2
2020/04/22 10:36, 135.000000, 135.000000, 135.000000, 135.000000, 4
2020/04/22 10:37, 135.000000, 135.000000, 135.000000, 135.000000, 0
2020/04/22 10:38, 135.000000, 135.000000, 135.000000, 135.000000, 3
2020/04/22 10:39, 135.000000, 135.000000, 135.000000, 135.000000, 1
2020/04/22 10:40, 135.000000, 135.000000, 135.000000, 135.000000, 1
2020/04/22 10:41, 135.000000, 135.000000, 135.000000, 135.000000, 2
2020/04/22 10:42, 135.000000, 135.000000, 134.500000, 134.500000, 38
2020/04/22 10:43, 135.000000, 135.000000, 135.000000, 135.000000, 1
2020/04/22 10:44, 135.000000, 135.000000, 134.500000, 134.500000, 5
2020/04/22 10:45, 134.500000, 134.500000, 134.500000, 134.500000, 0
2020/04/22 10:46, 134.500000, 134.500000, 134.500000, 134.500000, 0
2020/04/22 10:47, 134.500000, 134.500000, 134.500000, 134.500000, 0
2020/04/22 10:48, 134.500000, 134.500000, 134.500000, 134.500000, 0
2020/04/22 10:49, 134.500000, 135.000000, 134.500000, 135.000000, 25
2020/04/22 10:50, 135.000000, 135.000000, 135.000000, 135.000000, 2
2020/04/22 10:51, 135.000000, 135.000000, 135.000000, 135.000000, 0
2020/04/22 10:52, 135.000000, 135.000000, 135.000000, 135.000000, 1
2020/04/22 10:53, 135.000000, 135.000000, 135.000000, 135.000000, 2
2020/04/22 10:54, 135.000000, 135.000000, 135.000000, 135.000000, 4
2020/04/22 10:55, 135.000000, 135.000000, 135.000000, 135.000000, 4
2020/04/22 10:56, 135.000000, 135.000000, 135.000000, 135.000000, 5
2020/04/22 10:57, 134.500000, 134.500000, 134.500000, 134.500000, 1
2020/04/22 10:58, 134.500000, 134.500000, 134.500000, 134.500000, 2
2020/04/22 10:59, 134.500000, 134.500000, 134.500000, 134.500000, 1
2020/04/22 11:00, 134.500000, 134.500000, 134.500000, 134.500000, 0
2020/04/22 11:01, 134.500000, 134.500000, 134.500000, 134.500000, 0
2020/04/22 11:02, 134.500000, 134.500000, 134.500000, 134.500000, 1
2020/04/22 11:03, 134.500000, 134.500000, 134.500000, 134.500000, 0
2020/04/22 11:04, 134.500000, 134.500000, 134.500000, 134.500000, 0
2020/04/22 11:05, 134.500000, 134.500000, 134.500000, 134.500000, 0
2020/04/22 11:06, 135.000000, 135.000000, 135.000000, 135.000000, 3
2020/04/22 11:07, 135.000000, 135.000000, 135.000000, 135.000000, 6
2020/04/22 11:08, 135.000000, 135.000000, 135.000000, 135.000000, 3
2020/04/22 11:09, 135.000000, 135.000000, 135.000000, 135.000000, 12
2020/04/22 11:10, 135.000000, 135.000000, 135.000000, 135.000000, 11
2020/04/22 11:11, 135.000000, 135.000000, 135.000000, 135.000000, 7
2020/04/22 11:12, 135.000000, 135.000000, 135.000000, 135.000000, 1
2020/04/22 11:13, 135.000000, 135.000000, 135.000000, 135.000000, 0
2020/04/22 11:14, 135.000000, 135.000000, 135.000000, 135.000000, 0
2020/04/22 11:15, 135.000000, 135.000000, 135.000000, 135.000000, 1
2020/04/22 11:16, 135.000000, 135.000000, 135.000000, 135.000000, 0
2020/04/22 11:17, 135.000000, 135.000000, 135.000000, 135.000000, 1
2020/04/22 11:18, 135.000000, 135.000000, 135.000000, 135.000000, 4
2020/04/22 11:19, 135.000000, 135.000000, 135.000000, 135.000000, 0
2020/04/22 11:20, 135.000000, 135.000000, 135.000000, 135.000000, 1
2020/04/22 11:21, 135.000000, 135.000000, 134.500000, 134.500000, 36
2020/04/22 11:22, 134.000000, 134.000000, 134.000000, 134.000000, 4
2020/04/22 11:23, 134.000000, 134.000000, 134.000000, 134.000000, 1
2020/04/22 11:24, 134.500000, 134.500000, 134.000000, 134.000000, 3
2020/04/22 11:25, 134.000000, 134.000000, 134.000000, 134.000000, 5
2020/04/22 11:26, 134.000000, 134.000000, 134.000000, 134.000000, 0
2020/04/22 11:27, 134.000000, 134.000000, 134.000000, 134.000000, 1
2020/04/22 11:28, 134.000000, 134.000000, 134.000000, 134.000000, 0
2020/04/22 11:29, 134.500000, 134.500000, 134.500000, 134.500000, 3
2020/04/22 11:30, 134.500000, 134.500000, 134.500000, 134.500000, 3
2020/04/22 11:31, 134.500000, 134.500000, 134.500000, 134.500000, 1
2020/04/22 11:32, 134.500000, 134.500000, 134.500000, 134.500000, 2
2020/04/22 11:33, 134.000000, 134.000000, 134.000000, 134.000000, 1
2020/04/22 11:34, 134.000000, 134.000000, 134.000000, 134.000000, 0
2020/04/22 11:35, 134.000000, 134.000000, 134.000000, 134.000000, 0
2020/04/22 11:36, 134.000000, 134.000000, 134.000000, 134.000000, 0
2020/04/22 11:37, 134.000000, 134.000000, 134.000000, 134.000000, 0
2020/04/22 11:38, 134.000000, 134.000000, 134.000000, 134.000000, 0
2020/04/22 11:39, 134.000000, 134.000000, 134.000000, 134.000000, 0
2020/04/22 11:40, 134.000000, 134.000000, 134.000000, 134.000000, 5
2020/04/22 11:41, 134.000000, 134.000000, 134.000000, 134.000000, 1
2020/04/22 11:42, 134.000000, 134.000000, 134.000000, 134.000000, 0
2020/04/22 11:43, 134.000000, 134.000000, 134.000000, 134.000000, 1
2020/04/22 11:44, 134.000000, 134.000000, 134.000000, 134.000000, 0
2020/04/22 11:45, 134.000000, 134.000000, 134.000000, 134.000000, 2
2020/04/22 11:46, 134.000000, 134.000000, 134.000000, 134.000000, 0
2020/04/22 11:47, 134.000000, 134.000000, 134.000000, 134.000000, 0
2020/04/22 11:48, 134.000000, 134.000000, 134.000000, 134.000000, 2
2020/04/22 11:49, 134.000000, 134.000000, 134.000000, 134.000000, 0
2020/04/22 11:50, 134.000000, 134.000000, 134.000000, 134.000000, 0
2020/04/22 11:51, 134.000000, 134.000000, 134.000000, 134.000000, 0
2020/04/22 11:52, 134.000000, 134.000000, 134.000000, 134.000000, 1
2020/04/22 11:53, 134.000000, 134.000000, 134.000000, 134.000000, 1
2020/04/22 11:54, 134.500000, 134.500000, 134.000000, 134.000000, 6
2020/04/22 11:55, 134.000000, 134.000000, 134.000000, 134.000000, 0
2020/04/22 11:56, 134.500000, 135.000000, 134.500000, 135.000000, 17
2020/04/22 11:57, 134.500000, 134.500000, 134.500000, 134.500000, 2
2020/04/22 11:58, 134.500000, 134.500000, 134.500000, 134.500000, 6
2020/04/22 11:59, 134.500000, 134.500000, 134.500000, 134.500000, 3
2020/04/22 12:00, 135.000000, 135.000000, 134.000000, 134.000000, 3
2020/04/22 12:01, 134.500000, 134.500000, 134.500000, 134.500000, 2
2020/04/22 12:02, 134.000000, 134.000000, 134.000000, 134.000000, 1
2020/04/22 12:03, 135.000000, 135.000000, 135.000000, 135.000000, 1
2020/04/22 12:04, 134.500000, 134.500000, 134.500000, 134.500000, 2
2020/04/22 12:05, 134.500000, 134.500000, 134.500000, 134.500000, 0
2020/04/22 12:06, 134.500000, 134.500000, 134.500000, 134.500000, 0
2020/04/22 12:07, 134.500000, 134.500000, 134.500000, 134.500000, 0
2020/04/22 12:08, 134.500000, 134.500000, 134.500000, 134.500000, 1
2020/04/22 12:09, 134.500000, 134.500000, 134.500000, 134.500000, 1
2020/04/22 12:10, 134.500000, 134.500000, 134.500000, 134.500000, 1
2020/04/22 12:11, 134.500000, 134.500000, 134.500000, 134.500000, 0
2020/04/22 12:12, 134.000000, 134.500000, 134.000000, 134.500000, 2
2020/04/22 12:13, 134.500000, 134.500000, 134.500000, 134.500000, 1
2020/04/22 12:14, 134.500000, 134.500000, 134.500000, 134.500000, 0
2020/04/22 12:15, 134.500000, 134.500000, 134.500000, 134.500000, 0
2020/04/22 12:16, 134.500000, 134.500000, 134.500000, 134.500000, 4
2020/04/22 12:17, 134.500000, 134.500000, 134.500000, 134.500000, 1
2020/04/22 12:18, 134.500000, 134.500000, 134.500000, 134.500000, 0
2020/04/22 12:19, 134.500000, 134.500000, 134.500000, 134.500000, 1
2020/04/22 12:20, 134.500000, 134.500000, 134.500000, 134.500000, 2
2020/04/22 12:21, 134.000000, 134.000000, 134.000000, 134.000000, 1
2020/04/22 12:22, 134.000000, 134.000000, 134.000000, 134.000000, 2
2020/04/22 12:23, 134.000000, 134.000000, 134.000000, 134.000000, 0
2020/04/22 12:24, 134.000000, 134.000000, 134.000000, 134.000000, 0
2020/04/22 12:25, 134.000000, 134.000000, 134.000000, 134.000000, 0
2020/04/22 12:26, 134.000000, 134.000000, 134.000000, 134.000000, 0
2020/04/22 12:27, 134.000000, 134.000000, 134.000000, 134.000000, 0
2020/04/22 12:28, 134.500000, 134.500000, 134.500000, 134.500000, 3
2020/04/22 12:29, 134.500000, 134.500000, 134.500000, 134.500000, 0
2020/04/22 12:30, 134.500000, 134.500000, 134.500000, 134.500000, 0
2020/04/22 12:31, 134.500000, 134.500000, 134.500000, 134.500000, 10
2020/04/22 12:32, 134.500000, 134.500000, 134.500000, 134.500000, 0
2020/04/22 12:33, 134.500000, 134.500000, 134.500000, 134.500000, 10
2020/04/22 12:34, 134.500000, 134.500000, 134.500000, 134.500000, 3
2020/04/22 12:35, 134.500000, 134.500000, 134.500000, 134.500000, 3
2020/04/22 12:36, 134.500000, 134.500000, 134.500000, 134.500000, 0
2020/04/22 12:37, 134.000000, 134.000000, 134.000000, 134.000000, 6
2020/04/22 12:38, 134.000000, 134.000000, 134.000000, 134.000000, 5
2020/04/22 12:39, 134.000000, 134.000000, 134.000000, 134.000000, 4
2020/04/22 12:40, 134.000000, 134.000000, 134.000000, 134.000000, 3
2020/04/22 12:41, 134.000000, 134.000000, 134.000000, 134.000000, 1
2020/04/22 12:42, 134.500000, 134.500000, 134.000000, 134.000000, 4
2020/04/22 12:43, 134.000000, 134.000000, 134.000000, 134.000000, 3
2020/04/22 12:44, 134.000000, 134.000000, 134.000000, 134.000000, 2
2020/04/22 12:45, 134.000000, 134.000000, 134.000000, 134.000000, 1
2020/04/22 12:46, 134.000000, 134.000000, 134.000000, 134.000000, 1
2020/04/22 12:47, 134.000000, 134.000000, 134.000000, 134.000000, 52
2020/04/22 12:48, 134.000000, 134.000000, 134.000000, 134.000000, 0
2020/04/22 12:49, 134.000000, 134.000000, 134.000000, 134.000000, 0
2020/04/22 12:50, 134.000000, 134.000000, 134.000000, 134.000000, 1
2020/04/22 12:51, 133.500000, 133.500000, 133.500000, 133.500000, 4
2020/04/22 12:52, 133.500000, 133.500000, 133.500000, 133.500000, 3
2020/04/22 12:53, 133.500000, 133.500000, 133.500000, 133.500000, 0
2020/04/22 12:54, 133.500000, 133.500000, 133.500000, 133.500000, 1
2020/04/22 12:55, 133.500000, 134.000000, 133.500000, 134.000000, 19
2020/04/22 12:56, 134.000000, 134.000000, 134.000000, 134.000000, 1
2020/04/22 12:57, 134.000000, 134.000000, 134.000000, 134.000000, 6
2020/04/22 12:58, 133.500000, 133.500000, 133.500000, 133.500000, 1
2020/04/22 12:59, 133.500000, 133.500000, 133.500000, 133.500000, 3
2020/04/22 13:00, 134.000000, 134.000000, 134.000000, 134.000000, 2
2020/04/22 13:01, 134.000000, 134.000000, 134.000000, 134.000000, 2
2020/04/22 13:02, 133.500000, 133.500000, 133.500000, 133.500000, 1
2020/04/22 13:03, 133.500000, 133.500000, 133.500000, 133.500000, 1
2020/04/22 13:04, 133.500000, 134.000000, 133.500000, 134.000000, 19
2020/04/22 13:05, 134.000000, 134.500000, 134.000000, 134.500000, 22
2020/04/22 13:06, 134.500000, 134.500000, 134.500000, 134.500000, 1
2020/04/22 13:07, 134.500000, 134.500000, 134.500000, 134.500000, 1
2020/04/22 13:08, 134.000000, 134.000000, 134.000000, 134.000000, 1
2020/04/22 13:09, 134.000000, 134.000000, 134.000000, 134.000000, 2
2020/04/22 13:10, 134.000000, 134.000000, 134.000000, 134.000000, 3
2020/04/22 13:11, 134.000000, 134.000000, 134.000000, 134.000000, 2
2020/04/22 13:12, 134.500000, 134.500000, 134.000000, 134.000000, 3
2020/04/22 13:13, 134.500000, 134.500000, 134.000000, 134.000000, 17
2020/04/22 13:14, 134.000000, 134.000000, 134.000000, 134.000000, 6
2020/04/22 13:15, 134.000000, 134.000000, 134.000000, 134.000000, 10
2020/04/22 13:16, 134.000000, 134.000000, 134.000000, 134.000000, 4
2020/04/22 13:17, 134.000000, 134.500000, 134.000000, 134.000000, 7
2020/04/22 13:18, 134.500000, 134.500000, 134.000000, 134.000000, 4
2020/04/22 13:19, 134.000000, 134.000000, 134.000000, 134.000000, 0
2020/04/22 13:20, 134.000000, 134.000000, 134.000000, 134.000000, 0
2020/04/22 13:21, 134.500000, 134.500000, 134.000000, 134.500000, 9
2020/04/22 13:22, 134.500000, 134.500000, 134.000000, 134.500000, 3
2020/04/22 13:23, 134.500000, 134.500000, 134.500000, 134.500000, 8
2020/04/22 13:24, 134.500000, 134.500000, 134.500000, 134.500000, 19
2020/04/22 13:25, 134.500000, 134.500000, 134.000000, 134.000000, 10
2020/04/22 13:26, 134.000000, 134.000000, 134.000000, 134.000000, 0
2020/04/22 13:27, 134.000000, 134.000000, 134.000000, 134.000000, 0
2020/04/22 13:28, 134.000000, 134.000000, 134.000000, 134.000000, 0
2020/04/22 13:29, 134.000000, 134.000000, 134.000000, 134.000000, 0
2020/04/22 13:30, 134.000000, 134.000000, 134.000000, 134.000000, 142
2020/04/23 09:01, 135.000000, 135.000000, 134.500000, 134.500000, 91
2020/04/23 09:02, 134.500000, 136.000000, 134.500000, 136.000000, 125
2020/04/23 09:03, 136.000000, 136.000000, 135.000000, 135.500000, 61
2020/04/23 09:04, 135.500000, 135.500000, 135.500000, 135.500000, 24
2020/04/23 09:05, 135.500000, 136.000000, 135.500000, 136.000000, 25
2020/04/23 09:06, 136.000000, 136.500000, 135.500000, 136.000000, 59
2020/04/23 09:07, 136.000000, 136.000000, 135.500000, 136.000000, 21
2020/04/23 09:08, 136.000000, 136.500000, 136.000000, 136.500000, 31
2020/04/23 09:09, 136.000000, 136.500000, 136.000000, 136.000000, 40
2020/04/23 09:10, 136.000000, 136.000000, 135.500000, 136.000000, 31
2020/04/23 09:11, 136.000000, 136.000000, 136.000000, 136.000000, 5
2020/04/23 09:12, 135.500000, 136.000000, 135.500000, 136.000000, 25
2020/04/23 09:13, 135.500000, 135.500000, 135.500000, 135.500000, 11
2020/04/23 09:14, 135.500000, 135.500000, 135.000000, 135.000000, 2
2020/04/23 09:15, 135.500000, 135.500000, 135.500000, 135.500000, 4
2020/04/23 09:16, 135.500000, 135.500000, 135.500000, 135.500000, 16
2020/04/23 09:17, 135.500000, 135.500000, 135.500000, 135.500000, 2
2020/04/23 09:18, 135.500000, 135.500000, 135.500000, 135.500000, 2
2020/04/23 09:19, 135.500000, 135.500000, 135.500000, 135.500000, 6
2020/04/23 09:20, 135.500000, 135.500000, 135.500000, 135.500000, 8
2020/04/23 09:21, 135.500000, 135.500000, 135.500000, 135.500000, 2
2020/04/23 09:22, 135.500000, 135.500000, 135.500000, 135.500000, 5
2020/04/23 09:23, 135.500000, 135.500000, 135.500000, 135.500000, 12
2020/04/23 09:24, 135.500000, 135.500000, 135.500000, 135.500000, 32
2020/04/23 09:25, 135.500000, 136.000000, 135.500000, 135.500000, 20
2020/04/23 09:26, 136.000000, 136.000000, 135.500000, 135.500000, 4
2020/04/23 09:27, 135.500000, 135.500000, 135.500000, 135.500000, 2
2020/04/23 09:28, 136.000000, 136.000000, 135.500000, 135.500000, 5
2020/04/23 09:29, 135.500000, 135.500000, 135.500000, 135.500000, 10
2020/04/23 09:30, 135.500000, 135.500000, 135.000000, 135.000000, 12
2020/04/23 09:31, 135.000000, 135.500000, 135.000000, 135.500000, 3
2020/04/23 09:32, 135.500000, 135.500000, 135.500000, 135.500000, 1
2020/04/23 09:33, 135.500000, 135.500000, 135.500000, 135.500000, 1
2020/04/23 09:34, 135.500000, 135.500000, 135.500000, 135.500000, 2
2020/04/23 09:35, 135.500000, 135.500000, 135.500000, 135.500000, 5
2020/04/23 09:36, 135.000000, 135.000000, 135.000000, 135.000000, 1
2020/04/23 09:37, 135.000000, 135.000000, 135.000000, 135.000000, 8
2020/04/23 09:38, 135.000000, 135.000000, 135.000000, 135.000000, 17
2020/04/23 09:39, 135.000000, 135.000000, 135.000000, 135.000000, 2
2020/04/23 09:40, 135.000000, 135.000000, 135.000000, 135.000000, 7
2020/04/23 09:41, 135.000000, 135.000000, 135.000000, 135.000000, 1
2020/04/23 09:42, 135.500000, 135.500000, 135.500000, 135.500000, 3
2020/04/23 09:43, 135.000000, 135.000000, 135.000000, 135.000000, 1
2020/04/23 09:44, 135.500000, 135.500000, 135.000000, 135.000000, 31
2020/04/23 09:45, 135.000000, 135.000000, 135.000000, 135.000000, 20
2020/04/23 09:46, 135.000000, 135.000000, 135.000000, 135.000000, 2
2020/04/23 09:47, 135.000000, 135.000000, 134.500000, 135.000000, 3
2020/04/23 09:48, 135.000000, 135.000000, 134.500000, 134.500000, 19
2020/04/23 09:49, 134.500000, 135.000000, 134.500000, 135.000000, 14
2020/04/23 09:50, 135.000000, 135.000000, 135.000000, 135.000000, 0
2020/04/23 09:51, 134.500000, 134.500000, 134.500000, 134.500000, 3
2020/04/23 09:52, 135.000000, 135.000000, 134.500000, 134.500000, 23
2020/04/23 09:53, 134.500000, 134.500000, 134.500000, 134.500000, 6
2020/04/23 09:54, 134.500000, 134.500000, 134.500000, 134.500000, 3
2020/04/23 09:55, 134.500000, 134.500000, 134.500000, 134.500000, 8
2020/04/23 09:56, 134.500000, 134.500000, 134.500000, 134.500000, 10
2020/04/23 09:57, 134.500000, 134.500000, 134.500000, 134.500000, 6
2020/04/23 09:58, 134.500000, 134.500000, 134.500000, 134.500000, 10
2020/04/23 09:59, 134.500000, 134.500000, 134.500000, 134.500000, 1
2020/04/23 10:00, 134.500000, 134.500000, 134.500000, 134.500000, 0
2020/04/23 10:01, 135.000000, 135.000000, 135.000000, 135.000000, 3
2020/04/23 10:02, 134.500000, 134.500000, 134.500000, 134.500000, 3
2020/04/23 10:03, 135.000000, 135.000000, 135.000000, 135.000000, 2
2020/04/23 10:04, 135.000000, 135.000000, 135.000000, 135.000000, 64
2020/04/23 10:05, 135.500000, 136.000000, 135.500000, 135.500000, 68
2020/04/23 10:06, 135.500000, 135.500000, 135.000000, 135.000000, 19
2020/04/23 10:07, 135.000000, 135.500000, 135.000000, 135.500000, 30
2020/04/23 10:08, 135.000000, 135.000000, 135.000000, 135.000000, 7
2020/04/23 10:09, 135.000000, 135.000000, 134.500000, 134.500000, 9
2020/04/23 10:10, 135.000000, 135.000000, 135.000000, 135.000000, 2
2020/04/23 10:11, 135.000000, 135.000000, 135.000000, 135.000000, 14
2020/04/23 10:12, 135.000000, 135.500000, 135.000000, 135.500000, 5
2020/04/23 10:13, 135.500000, 135.500000, 135.500000, 135.500000, 0
2020/04/23 10:14, 135.000000, 135.000000, 135.000000, 135.000000, 13
2020/04/23 10:15, 135.000000, 135.000000, 135.000000, 135.000000, 0
2020/04/23 10:16, 135.000000, 135.000000, 135.000000, 135.000000, 0
2020/04/23 10:17, 135.000000, 135.000000, 135.000000, 135.000000, 0
2020/04/23 10:18, 135.000000, 135.000000, 135.000000, 135.000000, 3
2020/04/23 10:19, 135.000000, 135.000000, 135.000000, 135.000000, 4
2020/04/23 10:20, 135.000000, 135.000000, 135.000000, 135.000000, 8
2020/04/23 10:21, 135.000000, 135.000000, 135.000000, 135.000000, 11
2020/04/23 10:22, 135.000000, 135.000000, 135.000000, 135.000000, 3
2020/04/23 10:23, 135.000000, 135.000000, 134.500000, 135.000000, 24
2020/04/23 10:24, 135.000000, 135.000000, 135.000000, 135.000000, 19
2020/04/23 10:25, 135.000000, 135.000000, 134.500000, 135.000000, 21
2020/04/23 10:26, 135.000000, 135.000000, 135.000000, 135.000000, 7
2020/04/23 10:27, 135.000000, 135.000000, 135.000000, 135.000000, 10
2020/04/23 10:28, 135.000000, 135.000000, 135.000000, 135.000000, 1
2020/04/23 10:29, 135.000000, 135.500000, 135.000000, 135.000000, 14
2020/04/23 10:30, 135.000000, 135.000000, 135.000000, 135.000000, 3
2020/04/23 10:31, 135.000000, 135.000000, 135.000000, 135.000000, 0
2020/04/23 10:32, 135.000000, 135.000000, 134.500000, 134.500000, 33
2020/04/23 10:33, 134.500000, 134.500000, 134.500000, 134.500000, 2
2020/04/23 10:34, 134.500000, 134.500000, 134.500000, 134.500000, 2
2020/04/23 10:35, 134.500000, 134.500000, 134.500000, 134.500000, 0
2020/04/23 10:36, 134.500000, 134.500000, 134.500000, 134.500000, 0
2020/04/23 10:37, 135.000000, 135.000000, 135.000000, 135.000000, 1
2020/04/23 10:38, 135.000000, 135.000000, 135.000000, 135.000000, 3
2020/04/23 10:39, 135.000000, 135.000000, 135.000000, 135.000000, 2
2020/04/23 10:40, 135.000000, 135.000000, 135.000000, 135.000000, 1
2020/04/23 10:41, 135.000000, 135.000000, 135.000000, 135.000000, 12
2020/04/23 10:42, 135.000000, 135.000000, 135.000000, 135.000000, 5
2020/04/23 10:43, 135.000000, 135.000000, 135.000000, 135.000000, 4
2020/04/23 10:44, 135.000000, 135.000000, 134.500000, 134.500000, 14
2020/04/23 10:45, 134.500000, 134.500000, 134.500000, 134.500000, 3
2020/04/23 10:46, 134.500000, 134.500000, 134.500000, 134.500000, 1
2020/04/23 10:47, 134.500000, 134.500000, 134.500000, 134.500000, 2
2020/04/23 10:48, 134.500000, 134.500000, 134.000000, 134.500000, 29
2020/04/23 10:49, 134.000000, 134.000000, 134.000000, 134.000000, 1
2020/04/23 10:50, 134.000000, 134.500000, 134.000000, 134.500000, 13
2020/04/23 10:51, 134.500000, 134.500000, 134.500000, 134.500000, 2
2020/04/23 10:52, 134.500000, 134.500000, 134.500000, 134.500000, 6
2020/04/23 10:53, 135.000000, 135.000000, 135.000000, 135.000000, 1
2020/04/23 10:54, 135.000000, 135.000000, 135.000000, 135.000000, 0
2020/04/23 10:55, 135.000000, 135.000000, 135.000000, 135.000000, 1
2020/04/23 10:56, 135.000000, 135.000000, 135.000000, 135.000000, 0
2020/04/23 10:57, 135.000000, 135.000000, 135.000000, 135.000000, 0
2020/04/23 10:58, 135.000000, 135.000000, 134.500000, 134.500000, 10
2020/04/23 10:59, 134.500000, 134.500000, 134.500000, 134.500000, 0
2020/04/23 11:00, 134.500000, 134.500000, 134.500000, 134.500000, 0
2020/04/23 11:01, 134.500000, 134.500000, 134.500000, 134.500000, 0
2020/04/23 11:02, 134.500000, 134.500000, 134.500000, 134.500000, 1
2020/04/23 11:03, 134.500000, 134.500000, 134.500000, 134.500000, 1
2020/04/23 11:04, 134.500000, 134.500000, 134.500000, 134.500000, 3
2020/04/23 11:05, 134.500000, 134.500000, 134.500000, 134.500000, 2
2020/04/23 11:06, 134.500000, 134.500000, 134.500000, 134.500000, 0
2020/04/23 11:07, 134.500000, 134.500000, 134.500000, 134.500000, 0
2020/04/23 11:08, 134.500000, 134.500000, 134.500000, 134.500000, 5
2020/04/23 11:09, 134.500000, 134.500000, 134.500000, 134.500000, 4
2020/04/23 11:10, 134.500000, 134.500000, 134.500000, 134.500000, 0
2020/04/23 11:11, 134.500000, 134.500000, 134.500000, 134.500000, 0
2020/04/23 11:12, 134.500000, 134.500000, 134.500000, 134.500000, 0
2020/04/23 11:13, 134.500000, 134.500000, 134.500000, 134.500000, 2
2020/04/23 11:14, 134.500000, 135.000000, 134.500000, 135.000000, 5
2020/04/23 11:15, 135.000000, 135.000000, 135.000000, 135.000000, 0
2020/04/23 11:16, 135.000000, 135.000000, 134.500000, 134.500000, 3
2020/04/23 11:17, 134.500000, 134.500000, 134.500000, 134.500000, 0
2020/04/23 11:18, 134.500000, 134.500000, 134.500000, 134.500000, 3
2020/04/23 11:19, 134.500000, 135.000000, 134.500000, 135.000000, 2
2020/04/23 11:20, 135.000000, 135.000000, 135.000000, 135.000000, 0
2020/04/23 11:21, 135.000000, 135.000000, 135.000000, 135.000000, 0
2020/04/23 11:22, 135.000000, 135.000000, 135.000000, 135.000000, 7
2020/04/23 11:23, 135.000000, 135.000000, 135.000000, 135.000000, 11
2020/04/23 11:24, 135.000000, 135.000000, 135.000000, 135.000000, 0
2020/04/23 11:25, 135.000000, 135.000000, 135.000000, 135.000000, 2
2020/04/23 11:26, 135.000000, 135.000000, 134.500000, 134.500000, 3
2020/04/23 11:27, 134.500000, 134.500000, 134.500000, 134.500000, 0
2020/04/23 11:28, 135.000000, 135.000000, 135.000000, 135.000000, 1
2020/04/23 11:29, 135.000000, 135.000000, 135.000000, 135.000000, 0
2020/04/23 11:30, 135.000000, 135.000000, 135.000000, 135.000000, 26
2020/04/23 11:31, 135.000000, 135.500000, 135.000000, 135.500000, 3
2020/04/23 11:32, 135.000000, 135.500000, 135.000000, 135.500000, 2
2020/04/23 11:33, 135.000000, 135.000000, 135.000000, 135.000000, 2
2020/04/23 11:34, 135.000000, 135.000000, 135.000000, 135.000000, 0
2020/04/23 11:35, 135.000000, 135.000000, 135.000000, 135.000000, 1
2020/04/23 11:36, 135.500000, 135.500000, 135.500000, 135.500000, 1
2020/04/23 11:37, 135.500000, 135.500000, 135.500000, 135.500000, 0
2020/04/23 11:38, 135.500000, 135.500000, 135.500000, 135.500000, 1
2020/04/23 11:39, 135.000000, 135.000000, 135.000000, 135.000000, 1
2020/04/23 11:40, 135.500000, 135.500000, 135.000000, 135.000000, 4
2020/04/23 11:41, 135.000000, 135.000000, 135.000000, 135.000000, 1
2020/04/23 11:42, 135.000000, 135.000000, 135.000000, 135.000000, 0
2020/04/23 11:43, 135.000000, 135.000000, 135.000000, 135.000000, 0
2020/04/23 11:44, 135.000000, 135.000000, 135.000000, 135.000000, 0
2020/04/23 11:45, 135.000000, 135.000000, 135.000000, 135.000000, 2
2020/04/23 11:46, 135.000000, 135.000000, 135.000000, 135.000000, 1
2020/04/23 11:47, 135.000000, 135.000000, 135.000000, 135.000000, 2
2020/04/23 11:48, 135.000000, 135.000000, 135.000000, 135.000000, 4
2020/04/23 11:49, 135.000000, 135.000000, 135.000000, 135.000000, 0
2020/04/23 11:50, 135.000000, 135.000000, 135.000000, 135.000000, 3
2020/04/23 11:51, 135.000000, 135.000000, 135.000000, 135.000000, 0
2020/04/23 11:52, 135.000000, 135.000000, 135.000000, 135.000000, 0
2020/04/23 11:53, 135.000000, 135.000000, 135.000000, 135.000000, 0
2020/04/23 11:54, 135.000000, 135.000000, 135.000000, 135.000000, 0
2020/04/23 11:55, 135.000000, 135.000000, 135.000000, 135.000000, 0
2020/04/23 11:56, 135.000000, 135.000000, 135.000000, 135.000000, 2
2020/04/23 11:57, 135.000000, 135.000000, 135.000000, 135.000000, 4
2020/04/23 11:58, 135.000000, 135.000000, 135.000000, 135.000000, 1
2020/04/23 11:59, 135.000000, 135.000000, 135.000000, 135.000000, 0
2020/04/23 12:00, 135.000000, 135.500000, 135.000000, 135.500000, 2
2020/04/23 12:01, 135.500000, 135.500000, 135.500000, 135.500000, 0
2020/04/23 12:02, 135.500000, 135.500000, 135.500000, 135.500000, 1
2020/04/23 12:03, 135.500000, 135.500000, 135.500000, 135.500000, 2
2020/04/23 12:04, 135.500000, 135.500000, 135.500000, 135.500000, 0
2020/04/23 12:05, 135.500000, 135.500000, 135.500000, 135.500000, 1
2020/04/23 12:06, 135.500000, 135.500000, 135.500000, 135.500000, 1
2020/04/23 12:07, 135.500000, 135.500000, 135.500000, 135.500000, 3
2020/04/23 12:08, 135.500000, 135.500000, 135.500000, 135.500000, 3
2020/04/23 12:09, 135.500000, 135.500000, 135.500000, 135.500000, 28
2020/04/23 12:10, 135.500000, 136.000000, 135.500000, 136.000000, 39
2020/04/23 12:11, 136.000000, 136.500000, 136.000000, 136.500000, 105
2020/04/23 12:12, 136.500000, 136.500000, 136.000000, 136.500000, 37
2020/04/23 12:13, 136.500000, 136.500000, 136.500000, 136.500000, 134
2020/04/23 12:14, 136.500000, 136.500000, 136.000000, 136.500000, 39
2020/04/23 12:15, 136.500000, 136.500000, 136.500000, 136.500000, 41
2020/04/23 12:16, 136.500000, 136.500000, 136.500000, 136.500000, 27
2020/04/23 12:17, 136.500000, 136.500000, 136.500000, 136.500000, 12
2020/04/23 12:18, 136.500000, 137.000000, 136.500000, 136.500000, 50
2020/04/23 12:19, 136.500000, 136.500000, 136.500000, 136.500000, 21
2020/04/23 12:20, 136.500000, 136.500000, 136.500000, 136.500000, 5
2020/04/23 12:21, 136.500000, 136.500000, 136.500000, 136.500000, 8
2020/04/23 12:22, 137.000000, 137.000000, 136.500000, 136.500000, 7
2020/04/23 12:23, 136.500000, 136.500000, 136.500000, 136.500000, 2
2020/04/23 12:24, 136.500000, 136.500000, 136.500000, 136.500000, 3
2020/04/23 12:25, 136.000000, 136.500000, 136.000000, 136.500000, 7
2020/04/23 12:26, 136.500000, 136.500000, 136.500000, 136.500000, 6
2020/04/23 12:27, 136.500000, 136.500000, 136.000000, 136.000000, 3
2020/04/23 12:28, 136.500000, 136.500000, 136.000000, 136.000000, 2
2020/04/23 12:29, 136.500000, 136.500000, 136.500000, 136.500000, 1
2020/04/23 12:30, 136.500000, 136.500000, 136.500000, 136.500000, 1
2020/04/23 12:31, 136.000000, 136.500000, 136.000000, 136.500000, 7
2020/04/23 12:32, 136.000000, 136.500000, 136.000000, 136.500000, 3
2020/04/23 12:33, 136.500000, 136.500000, 136.500000, 136.500000, 0
2020/04/23 12:34, 136.500000, 136.500000, 136.500000, 136.500000, 1
2020/04/23 12:35, 136.000000, 136.500000, 136.000000, 136.500000, 7
2020/04/23 12:36, 136.500000, 136.500000, 136.500000, 136.500000, 7
2020/04/23 12:37, 136.500000, 136.500000, 136.500000, 136.500000, 4
2020/04/23 12:38, 136.500000, 136.500000, 136.500000, 136.500000, 0
2020/04/23 12:39, 136.500000, 136.500000, 136.500000, 136.500000, 5
2020/04/23 12:40, 136.500000, 136.500000, 136.500000, 136.500000, 4
2020/04/23 12:41, 136.500000, 136.500000, 136.500000, 136.500000, 3
2020/04/23 12:42, 136.500000, 136.500000, 136.500000, 136.500000, 2
2020/04/23 12:43, 136.500000, 136.500000, 136.500000, 136.500000, 0
2020/04/23 12:44, 136.000000, 136.500000, 136.000000, 136.000000, 13
2020/04/23 12:45, 136.500000, 136.500000, 136.000000, 136.000000, 8
2020/04/23 12:46, 136.000000, 136.000000, 136.000000, 136.000000, 40
2020/04/23 12:47, 136.000000, 136.000000, 135.500000, 135.500000, 9
2020/04/23 12:48, 135.500000, 135.500000, 135.500000, 135.500000, 1
2020/04/23 12:49, 135.500000, 135.500000, 135.500000, 135.500000, 5
2020/04/23 12:50, 135.500000, 136.000000, 135.500000, 135.500000, 8
2020/04/23 12:51, 135.500000, 135.500000, 135.500000, 135.500000, 6
2020/04/23 12:52, 135.500000, 135.500000, 135.500000, 135.500000, 0
2020/04/23 12:53, 135.500000, 135.500000, 135.500000, 135.500000, 7
2020/04/23 12:54, 135.500000, 135.500000, 135.500000, 135.500000, 8
2020/04/23 12:55, 136.000000, 136.000000, 136.000000, 136.000000, 3
2020/04/23 12:56, 136.000000, 136.000000, 136.000000, 136.000000, 11
2020/04/23 12:57, 136.000000, 136.000000, 136.000000, 136.000000, 5
2020/04/23 12:58, 136.000000, 136.000000, 136.000000, 136.000000, 9
2020/04/23 12:59, 136.000000, 136.000000, 136.000000, 136.000000, 17
2020/04/23 13:00, 136.000000, 136.000000, 136.000000, 136.000000, 7
2020/04/23 13:01, 136.000000, 136.000000, 136.000000, 136.000000, 3
2020/04/23 13:02, 136.000000, 136.000000, 136.000000, 136.000000, 3
2020/04/23 13:03, 136.000000, 136.000000, 136.000000, 136.000000, 4
2020/04/23 13:04, 136.000000, 136.000000, 136.000000, 136.000000, 5
2020/04/23 13:05, 136.000000, 136.000000, 136.000000, 136.000000, 2
2020/04/23 13:06, 136.000000, 136.000000, 136.000000, 136.000000, 2
2020/04/23 13:07, 136.000000, 136.000000, 136.000000, 136.000000, 4
2020/04/23 13:08, 136.000000, 136.000000, 136.000000, 136.000000, 6
2020/04/23 13:09, 136.000000, 136.000000, 136.000000, 136.000000, 10
2020/04/23 13:10, 136.000000, 136.500000, 136.000000, 136.500000, 6
2020/04/23 13:11, 136.500000, 136.500000, 136.500000, 136.500000, 13
2020/04/23 13:12, 136.000000, 136.000000, 136.000000, 136.000000, 3
2020/04/23 13:13, 136.000000, 136.000000, 136.000000, 136.000000, 0
2020/04/23 13:14, 136.000000, 136.500000, 136.000000, 136.000000, 4
2020/04/23 13:15, 136.000000, 136.500000, 136.000000, 136.500000, 2
2020/04/23 13:16, 136.000000, 136.500000, 136.000000, 136.500000, 8
2020/04/23 13:17, 136.500000, 136.500000, 136.500000, 136.500000, 3
2020/04/23 13:18, 136.000000, 136.000000, 136.000000, 136.000000, 1
2020/04/23 13:19, 136.000000, 136.500000, 136.000000, 136.500000, 5
2020/04/23 13:20, 136.000000, 136.500000, 136.000000, 136.500000, 3
2020/04/23 13:21, 136.500000, 136.500000, 136.000000, 136.000000, 14
2020/04/23 13:22, 136.000000, 136.500000, 136.000000, 136.000000, 10
2020/04/23 13:23, 136.000000, 136.500000, 136.000000, 136.000000, 25
2020/04/23 13:24, 136.000000, 136.500000, 136.000000, 136.000000, 20
2020/04/23 13:25, 136.000000, 136.000000, 135.500000, 136.000000, 18
2020/04/23 13:26, 136.000000, 136.000000, 136.000000, 136.000000, 0
2020/04/23 13:27, 136.000000, 136.000000, 136.000000, 136.000000, 0
2020/04/23 13:28, 136.000000, 136.000000, 136.000000, 136.000000, 0
2020/04/23 13:29, 136.000000, 136.000000, 136.000000, 136.000000, 0
2020/04/23 13:30, 135.500000, 135.500000, 135.500000, 135.500000, 115
2020/04/24 09:01, 134.500000, 134.500000, 134.000000, 134.000000, 116
2020/04/24 09:02, 134.000000, 134.500000, 134.000000, 134.500000, 28
2020/04/24 09:03, 134.500000, 135.000000, 134.500000, 134.500000, 20
2020/04/24 09:04, 135.000000, 135.000000, 134.500000, 134.500000, 13
2020/04/24 09:05, 134.500000, 135.000000, 134.500000, 134.500000, 24
2020/04/24 09:06, 134.500000, 135.000000, 134.000000, 135.000000, 65
2020/04/24 09:07, 135.000000, 135.000000, 132.500000, 132.500000, 125
2020/04/24 09:08, 133.000000, 133.500000, 133.000000, 133.000000, 49
2020/04/24 09:09, 133.000000, 133.500000, 133.000000, 133.500000, 58
2020/04/24 09:10, 133.000000, 134.000000, 133.000000, 133.500000, 46
2020/04/24 09:11, 134.000000, 134.000000, 133.000000, 134.000000, 25
2020/04/24 09:12, 134.000000, 134.000000, 133.000000, 133.000000, 28
2020/04/24 09:13, 133.500000, 133.500000, 133.000000, 133.000000, 14
2020/04/24 09:14, 133.000000, 133.500000, 133.000000, 133.500000, 23
2020/04/24 09:15, 133.500000, 134.000000, 133.000000, 134.000000, 10
2020/04/24 09:16, 133.500000, 133.500000, 133.500000, 133.500000, 8
2020/04/24 09:17, 133.500000, 133.500000, 133.500000, 133.500000, 9
2020/04/24 09:18, 133.500000, 133.500000, 133.000000, 133.500000, 26
2020/04/24 09:19, 133.000000, 133.500000, 133.000000, 133.000000, 9
2020/04/24 09:20, 133.500000, 133.500000, 133.000000, 133.000000, 4
2020/04/24 09:21, 133.000000, 133.500000, 133.000000, 133.500000, 21
2020/04/24 09:22, 133.500000, 133.500000, 132.500000, 133.000000, 93
2020/04/24 09:23, 132.500000, 133.000000, 132.000000, 132.000000, 124
2020/04/24 09:24, 132.000000, 132.500000, 131.000000, 131.000000, 162
2020/04/24 09:25, 131.500000, 132.000000, 131.000000, 131.500000, 54
2020/04/24 09:26, 131.500000, 132.000000, 131.500000, 132.000000, 33
2020/04/24 09:27, 132.000000, 132.500000, 132.000000, 132.000000, 35
2020/04/24 09:28, 132.000000, 132.500000, 132.000000, 132.000000, 19
2020/04/24 09:29, 132.000000, 132.000000, 131.500000, 132.000000, 14
2020/04/24 09:30, 132.000000, 132.000000, 132.000000, 132.000000, 58
2020/04/24 09:31, 132.000000, 132.500000, 132.000000, 132.500000, 19
2020/04/24 09:32, 132.500000, 132.500000, 132.500000, 132.500000, 4
2020/04/24 09:33, 132.500000, 132.500000, 132.500000, 132.500000, 8
2020/04/24 09:34, 132.000000, 132.500000, 132.000000, 132.500000, 20
2020/04/24 09:35, 132.500000, 132.500000, 132.000000, 132.500000, 17
2020/04/24 09:36, 132.000000, 132.500000, 132.000000, 132.500000, 8
2020/04/24 09:37, 132.500000, 132.500000, 132.000000, 132.500000, 9
2020/04/24 09:38, 132.500000, 132.500000, 132.500000, 132.500000, 8
2020/04/24 09:39, 132.500000, 132.500000, 132.500000, 132.500000, 7
2020/04/24 09:40, 132.500000, 132.500000, 132.500000, 132.500000, 12
2020/04/24 09:41, 132.500000, 132.500000, 132.500000, 132.500000, 0
2020/04/24 09:42, 132.500000, 133.000000, 132.500000, 133.000000, 6
2020/04/24 09:43, 133.000000, 133.000000, 133.000000, 133.000000, 0
2020/04/24 09:44, 133.000000, 133.000000, 133.000000, 133.000000, 3
2020/04/24 09:45, 133.000000, 133.000000, 133.000000, 133.000000, 4
2020/04/24 09:46, 133.000000, 133.000000, 133.000000, 133.000000, 0
2020/04/24 09:47, 133.000000, 133.000000, 133.000000, 133.000000, 5
2020/04/24 09:48, 133.000000, 133.000000, 133.000000, 133.000000, 0
2020/04/24 09:49, 133.000000, 133.000000, 133.000000, 133.000000, 10
2020/04/24 09:50, 133.000000, 133.500000, 133.000000, 133.500000, 33
2020/04/24 09:51, 133.000000, 133.500000, 133.000000, 133.000000, 10
2020/04/24 09:52, 133.000000, 133.000000, 133.000000, 133.000000, 8
2020/04/24 09:53, 133.000000, 133.000000, 133.000000, 133.000000, 3
2020/04/24 09:54, 133.000000, 133.000000, 133.000000, 133.000000, 4
2020/04/24 09:55, 133.000000, 133.000000, 133.000000, 133.000000, 24
2020/04/24 09:56, 133.000000, 133.000000, 133.000000, 133.000000, 1
2020/04/24 09:57, 133.000000, 133.000000, 133.000000, 133.000000, 0
2020/04/24 09:58, 132.500000, 132.500000, 132.500000, 132.500000, 20
2020/04/24 09:59, 133.000000, 133.000000, 132.500000, 132.500000, 3
2020/04/24 10:00, 132.500000, 132.500000, 132.500000, 132.500000, 0
2020/04/24 10:01, 132.500000, 132.500000, 132.500000, 132.500000, 5
2020/04/24 10:02, 132.500000, 132.500000, 132.500000, 132.500000, 9
2020/04/24 10:03, 132.500000, 132.500000, 132.500000, 132.500000, 9
2020/04/24 10:04, 132.500000, 132.500000, 132.500000, 132.500000, 2
2020/04/24 10:05, 132.500000, 132.500000, 132.500000, 132.500000, 11
2020/04/24 10:06, 132.500000, 132.500000, 132.500000, 132.500000, 3
2020/04/24 10:07, 132.500000, 133.000000, 132.500000, 133.000000, 8
2020/04/24 10:08, 132.500000, 132.500000, 132.500000, 132.500000, 2
2020/04/24 10:09, 132.500000, 132.500000, 132.500000, 132.500000, 1
2020/04/24 10:10, 133.000000, 133.000000, 132.500000, 132.500000, 2
2020/04/24 10:11, 133.000000, 133.000000, 133.000000, 133.000000, 35
2020/04/24 10:12, 133.500000, 133.500000, 133.500000, 133.500000, 21
2020/04/24 10:13, 133.500000, 133.500000, 133.500000, 133.500000, 17
2020/04/24 10:14, 133.500000, 133.500000, 133.500000, 133.500000, 10
2020/04/24 10:15, 133.500000, 133.500000, 133.500000, 133.500000, 9
2020/04/24 10:16, 133.500000, 133.500000, 133.000000, 133.000000, 11
2020/04/24 10:17, 133.500000, 133.500000, 133.500000, 133.500000, 2
2020/04/24 10:18, 133.500000, 133.500000, 133.500000, 133.500000, 5
2020/04/24 10:19, 133.500000, 134.000000, 133.500000, 134.000000, 3
2020/04/24 10:20, 134.000000, 134.000000, 133.500000, 133.500000, 5
2020/04/24 10:21, 133.500000, 133.500000, 133.500000, 133.500000, 3
2020/04/24 10:22, 133.500000, 133.500000, 133.000000, 133.000000, 17
2020/04/24 10:23, 133.000000, 133.000000, 133.000000, 133.000000, 44
2020/04/24 10:24, 133.000000, 133.000000, 133.000000, 133.000000, 3
2020/04/24 10:25, 133.000000, 133.000000, 133.000000, 133.000000, 2
2020/04/24 10:26, 133.000000, 133.000000, 133.000000, 133.000000, 3
2020/04/24 10:27, 133.000000, 133.000000, 133.000000, 133.000000, 1
2020/04/24 10:28, 133.000000, 133.000000, 132.500000, 132.500000, 2
2020/04/24 10:29, 133.000000, 133.000000, 132.500000, 133.000000, 3
2020/04/24 10:30, 133.000000, 133.000000, 133.000000, 133.000000, 6
2020/04/24 10:31, 133.000000, 133.000000, 133.000000, 133.000000, 5
2020/04/24 10:32, 133.000000, 133.000000, 133.000000, 133.000000, 2
2020/04/24 10:33, 133.000000, 133.000000, 133.000000, 133.000000, 0
2020/04/24 10:34, 133.000000, 133.000000, 133.000000, 133.000000, 3
2020/04/24 10:35, 133.000000, 133.000000, 133.000000, 133.000000, 3
2020/04/24 10:36, 133.000000, 133.000000, 133.000000, 133.000000, 2
2020/04/24 10:37, 133.000000, 133.000000, 133.000000, 133.000000, 0
2020/04/24 10:38, 133.000000, 133.000000, 133.000000, 133.000000, 0
2020/04/24 10:39, 133.000000, 133.000000, 133.000000, 133.000000, 1
2020/04/24 10:40, 133.000000, 133.000000, 133.000000, 133.000000, 3
2020/04/24 10:41, 133.000000, 133.000000, 133.000000, 133.000000, 0
2020/04/24 10:42, 133.000000, 133.000000, 133.000000, 133.000000, 3
2020/04/24 10:43, 133.000000, 133.500000, 133.000000, 133.500000, 3
2020/04/24 10:44, 133.500000, 133.500000, 133.500000, 133.500000, 0
2020/04/24 10:45, 133.500000, 133.500000, 133.500000, 133.500000, 3
2020/04/24 10:46, 133.500000, 133.500000, 133.000000, 133.000000, 2
2020/04/24 10:47, 133.000000, 133.000000, 133.000000, 133.000000, 2
2020/04/24 10:48, 133.000000, 133.000000, 133.000000, 133.000000, 5
2020/04/24 10:49, 133.000000, 133.000000, 133.000000, 133.000000, 2
2020/04/24 10:50, 133.000000, 133.000000, 133.000000, 133.000000, 0
2020/04/24 10:51, 133.000000, 133.000000, 133.000000, 133.000000, 0
2020/04/24 10:52, 133.000000, 133.000000, 133.000000, 133.000000, 0
2020/04/24 10:53, 133.500000, 133.500000, 133.500000, 133.500000, 2
2020/04/24 10:54, 133.000000, 133.000000, 133.000000, 133.000000, 1
2020/04/24 10:55, 133.000000, 133.000000, 133.000000, 133.000000, 0
2020/04/24 10:56, 133.000000, 133.000000, 133.000000, 133.000000, 0
2020/04/24 10:57, 133.500000, 133.500000, 133.500000, 133.500000, 4
2020/04/24 10:58, 133.500000, 133.500000, 133.000000, 133.500000, 9
2020/04/24 10:59, 133.500000, 133.500000, 133.500000, 133.500000, 8
2020/04/24 11:00, 133.500000, 133.500000, 133.500000, 133.500000, 17
2020/04/24 11:01, 133.500000, 133.500000, 133.500000, 133.500000, 1
2020/04/24 11:02, 133.500000, 133.500000, 133.500000, 133.500000, 2
2020/04/24 11:03, 133.500000, 133.500000, 133.500000, 133.500000, 0
2020/04/24 11:04, 133.000000, 133.000000, 133.000000, 133.000000, 1
2020/04/24 11:05, 133.000000, 133.000000, 133.000000, 133.000000, 2
2020/04/24 11:06, 133.500000, 133.500000, 133.500000, 133.500000, 12
2020/04/24 11:07, 133.500000, 133.500000, 133.000000, 133.000000, 4
2020/04/24 11:08, 133.500000, 133.500000, 133.500000, 133.500000, 3
2020/04/24 11:09, 133.500000, 133.500000, 133.500000, 133.500000, 1
2020/04/24 11:10, 133.000000, 133.000000, 133.000000, 133.000000, 1
2020/04/24 11:11, 133.500000, 133.500000, 133.500000, 133.500000, 2
2020/04/24 11:12, 133.000000, 133.000000, 133.000000, 133.000000, 1
2020/04/24 11:13, 133.000000, 133.000000, 133.000000, 133.000000, 17
2020/04/24 11:14, 133.000000, 133.000000, 133.000000, 133.000000, 1
2020/04/24 11:15, 133.000000, 133.000000, 133.000000, 133.000000, 2
2020/04/24 11:16, 133.000000, 133.000000, 133.000000, 133.000000, 0
2020/04/24 11:17, 133.000000, 133.000000, 133.000000, 133.000000, 10
2020/04/24 11:18, 133.000000, 133.000000, 133.000000, 133.000000, 8
2020/04/24 11:19, 133.000000, 133.000000, 133.000000, 133.000000, 1
2020/04/24 11:20, 133.000000, 133.000000, 133.000000, 133.000000, 0
2020/04/24 11:21, 133.000000, 133.000000, 133.000000, 133.000000, 17
2020/04/24 11:22, 133.000000, 133.000000, 132.500000, 132.500000, 3
2020/04/24 11:23, 132.500000, 133.000000, 132.500000, 133.000000, 2
2020/04/24 11:24, 133.000000, 133.000000, 133.000000, 133.000000, 6
2020/04/24 11:25, 133.000000, 133.000000, 133.000000, 133.000000, 1
2020/04/24 11:26, 133.000000, 133.000000, 133.000000, 133.000000, 0
2020/04/24 11:27, 132.500000, 132.500000, 132.500000, 132.500000, 2
2020/04/24 11:28, 132.500000, 132.500000, 132.500000, 132.500000, 0
2020/04/24 11:29, 132.500000, 132.500000, 132.500000, 132.500000, 0
2020/04/24 11:30, 132.500000, 132.500000, 132.500000, 132.500000, 1
2020/04/24 11:31, 133.000000, 133.000000, 132.500000, 132.500000, 2
2020/04/24 11:32, 132.500000, 133.000000, 132.500000, 133.000000, 2
2020/04/24 11:33, 133.000000, 133.000000, 133.000000, 133.000000, 0
2020/04/24 11:34, 133.000000, 133.000000, 133.000000, 133.000000, 2
2020/04/24 11:35, 132.500000, 132.500000, 132.500000, 132.500000, 2
2020/04/24 11:36, 132.500000, 132.500000, 132.500000, 132.500000, 2
2020/04/24 11:37, 132.500000, 132.500000, 132.500000, 132.500000, 0
2020/04/24 11:38, 132.500000, 132.500000, 132.500000, 132.500000, 0
2020/04/24 11:39, 132.500000, 132.500000, 132.500000, 132.500000, 0
2020/04/24 11:40, 132.500000, 132.500000, 132.500000, 132.500000, 0
2020/04/24 11:41, 132.500000, 132.500000, 132.500000, 132.500000, 0
2020/04/24 11:42, 132.500000, 132.500000, 132.500000, 132.500000, 2
2020/04/24 11:43, 132.500000, 132.500000, 132.500000, 132.500000, 0
2020/04/24 11:44, 132.500000, 132.500000, 132.500000, 132.500000, 1
2020/04/24 11:45, 132.500000, 132.500000, 132.500000, 132.500000, 0
2020/04/24 11:46, 132.500000, 132.500000, 132.500000, 132.500000, 1
2020/04/24 11:47, 133.000000, 133.000000, 133.000000, 133.000000, 1
2020/04/24 11:48, 133.000000, 133.000000, 133.000000, 133.000000, 16
2020/04/24 11:49, 133.000000, 133.000000, 133.000000, 133.000000, 2
2020/04/24 11:50, 133.000000, 133.000000, 133.000000, 133.000000, 0
2020/04/24 11:51, 133.000000, 133.000000, 133.000000, 133.000000, 0
2020/04/24 11:52, 133.000000, 133.000000, 133.000000, 133.000000, 14
2020/04/24 11:53, 133.000000, 133.000000, 133.000000, 133.000000, 0
2020/04/24 11:54, 133.000000, 133.000000, 133.000000, 133.000000, 0
2020/04/24 11:55, 133.000000, 133.000000, 133.000000, 133.000000, 0
2020/04/24 11:56, 133.000000, 133.000000, 133.000000, 133.000000, 1
2020/04/24 11:57, 133.000000, 133.000000, 133.000000, 133.000000, 0
2020/04/24 11:58, 133.000000, 133.000000, 133.000000, 133.000000, 0
2020/04/24 11:59, 133.000000, 133.000000, 133.000000, 133.000000, 0
2020/04/24 12:00, 133.000000, 133.000000, 133.000000, 133.000000, 0
2020/04/24 12:01, 133.000000, 133.000000, 133.000000, 133.000000, 0
2020/04/24 12:02, 133.000000, 133.000000, 133.000000, 133.000000, 2
2020/04/24 12:03, 133.000000, 133.000000, 133.000000, 133.000000, 0
2020/04/24 12:04, 133.000000, 133.000000, 133.000000, 133.000000, 8
2020/04/24 12:05, 133.000000, 133.000000, 133.000000, 133.000000, 0
2020/04/24 12:06, 133.000000, 133.000000, 133.000000, 133.000000, 2
2020/04/24 12:07, 133.000000, 133.000000, 133.000000, 133.000000, 0
2020/04/24 12:08, 133.000000, 133.500000, 133.000000, 133.500000, 3
2020/04/24 12:09, 133.500000, 133.500000, 133.000000, 133.000000, 2
2020/04/24 12:10, 133.000000, 133.000000, 133.000000, 133.000000, 0
2020/04/24 12:11, 133.000000, 133.000000, 133.000000, 133.000000, 0
2020/04/24 12:12, 133.000000, 133.000000, 133.000000, 133.000000, 3
2020/04/24 12:13, 133.000000, 133.000000, 133.000000, 133.000000, 3
2020/04/24 12:14, 133.000000, 133.000000, 133.000000, 133.000000, 0
2020/04/24 12:15, 133.000000, 133.000000, 133.000000, 133.000000, 0
2020/04/24 12:16, 133.000000, 133.000000, 133.000000, 133.000000, 0
2020/04/24 12:17, 133.000000, 133.000000, 133.000000, 133.000000, 1
2020/04/24 12:18, 133.000000, 133.000000, 133.000000, 133.000000, 0
2020/04/24 12:19, 133.000000, 133.000000, 133.000000, 133.000000, 1
2020/04/24 12:20, 133.000000, 133.000000, 133.000000, 133.000000, 1
2020/04/24 12:21, 133.000000, 133.500000, 133.000000, 133.000000, 8
2020/04/24 12:22, 133.000000, 133.000000, 133.000000, 133.000000, 5
2020/04/24 12:23, 133.000000, 133.000000, 133.000000, 133.000000, 4
2020/04/24 12:24, 133.500000, 133.500000, 133.500000, 133.500000, 1
2020/04/24 12:25, 133.500000, 133.500000, 133.500000, 133.500000, 0
2020/04/24 12:26, 133.000000, 133.000000, 133.000000, 133.000000, 4
2020/04/24 12:27, 133.000000, 133.000000, 133.000000, 133.000000, 3
2020/04/24 12:28, 133.000000, 133.000000, 133.000000, 133.000000, 3
2020/04/24 12:29, 133.000000, 133.000000, 133.000000, 133.000000, 4
2020/04/24 12:30, 133.000000, 133.000000, 133.000000, 133.000000, 1
2020/04/24 12:31, 133.000000, 133.000000, 133.000000, 133.000000, 4
2020/04/24 12:32, 133.000000, 133.000000, 133.000000, 133.000000, 0
2020/04/24 12:33, 133.000000, 133.000000, 133.000000, 133.000000, 3
2020/04/24 12:34, 133.000000, 133.000000, 133.000000, 133.000000, 0
2020/04/24 12:35, 133.000000, 133.000000, 133.000000, 133.000000, 1
2020/04/24 12:36, 133.000000, 133.000000, 133.000000, 133.000000, 1
2020/04/24 12:37, 133.000000, 133.000000, 133.000000, 133.000000, 1
2020/04/24 12:38, 133.000000, 133.000000, 133.000000, 133.000000, 0
2020/04/24 12:39, 133.000000, 133.000000, 133.000000, 133.000000, 3
2020/04/24 12:40, 133.500000, 133.500000, 133.000000, 133.000000, 3
2020/04/24 12:41, 133.000000, 133.000000, 133.000000, 133.000000, 0
2020/04/24 12:42, 133.000000, 133.000000, 133.000000, 133.000000, 2
2020/04/24 12:43, 133.000000, 133.000000, 133.000000, 133.000000, 0
2020/04/24 12:44, 133.500000, 133.500000, 133.000000, 133.000000, 3
2020/04/24 12:45, 133.000000, 133.000000, 133.000000, 133.000000, 5
2020/04/24 12:46, 133.000000, 133.000000, 133.000000, 133.000000, 1
2020/04/24 12:47, 133.000000, 133.000000, 133.000000, 133.000000, 3
2020/04/24 12:48, 133.000000, 133.000000, 133.000000, 133.000000, 1
2020/04/24 12:49, 133.000000, 133.000000, 133.000000, 133.000000, 10
2020/04/24 12:50, 133.000000, 133.000000, 133.000000, 133.000000, 1
2020/04/24 12:51, 133.000000, 133.000000, 133.000000, 133.000000, 1
2020/04/24 12:52, 133.000000, 133.500000, 133.000000, 133.000000, 7
2020/04/24 12:53, 133.000000, 133.000000, 133.000000, 133.000000, 10
2020/04/24 12:54, 133.000000, 133.000000, 133.000000, 133.000000, 1
2020/04/24 12:55, 133.000000, 133.000000, 133.000000, 133.000000, 11
2020/04/24 12:56, 133.000000, 133.000000, 133.000000, 133.000000, 7
2020/04/24 12:57, 133.000000, 133.000000, 133.000000, 133.000000, 3
2020/04/24 12:58, 133.000000, 133.000000, 133.000000, 133.000000, 3
2020/04/24 12:59, 133.000000, 133.000000, 133.000000, 133.000000, 1
2020/04/24 13:00, 133.000000, 133.000000, 133.000000, 133.000000, 5
2020/04/24 13:01, 133.000000, 133.000000, 133.000000, 133.000000, 5
2020/04/24 13:02, 133.000000, 133.000000, 133.000000, 133.000000, 8
2020/04/24 13:03, 133.000000, 133.000000, 133.000000, 133.000000, 3
2020/04/24 13:04, 133.000000, 133.500000, 133.000000, 133.500000, 2
2020/04/24 13:05, 133.500000, 133.500000, 133.500000, 133.500000, 0
2020/04/24 13:06, 133.500000, 133.500000, 133.500000, 133.500000, 1
2020/04/24 13:07, 133.000000, 133.500000, 133.000000, 133.500000, 7
2020/04/24 13:08, 133.000000, 133.500000, 133.000000, 133.500000, 7
2020/04/24 13:09, 133.500000, 133.500000, 133.500000, 133.500000, 10
2020/04/24 13:10, 133.500000, 133.500000, 133.000000, 133.500000, 29
2020/04/24 13:11, 133.500000, 133.500000, 133.500000, 133.500000, 11
2020/04/24 13:12, 133.500000, 133.500000, 133.500000, 133.500000, 7
2020/04/24 13:13, 133.000000, 133.500000, 133.000000, 133.500000, 4
2020/04/24 13:14, 133.500000, 133.500000, 133.000000, 133.500000, 5
2020/04/24 13:15, 133.500000, 133.500000, 133.500000, 133.500000, 24
2020/04/24 13:16, 133.500000, 133.500000, 133.500000, 133.500000, 4
2020/04/24 13:17, 133.500000, 134.000000, 133.500000, 133.500000, 11
2020/04/24 13:18, 133.500000, 133.500000, 133.500000, 133.500000, 20
2020/04/24 13:19, 133.500000, 133.500000, 133.500000, 133.500000, 30
2020/04/24 13:20, 133.000000, 133.500000, 133.000000, 133.500000, 5
2020/04/24 13:21, 133.500000, 133.500000, 133.000000, 133.500000, 20
2020/04/24 13:22, 133.500000, 133.500000, 133.000000, 133.000000, 8
2020/04/24 13:23, 133.000000, 133.500000, 133.000000, 133.500000, 11
2020/04/24 13:24, 133.500000, 133.500000, 133.000000, 133.000000, 6
2020/04/24 13:25, 133.000000, 133.500000, 133.000000, 133.000000, 16
2020/04/24 13:26, 133.000000, 133.000000, 133.000000, 133.000000, 0
2020/04/24 13:27, 133.000000, 133.000000, 133.000000, 133.000000, 0
2020/04/24 13:28, 133.000000, 133.000000, 133.000000, 133.000000, 0
2020/04/24 13:29, 133.000000, 133.000000, 133.000000, 133.000000, 0
2020/04/24 13:30, 132.500000, 132.500000, 132.500000, 132.500000, 205
2020/04/27 09:01, 132.500000, 133.500000, 132.500000, 133.000000, 61
2020/04/27 09:02, 133.000000, 133.500000, 132.500000, 133.000000, 37
2020/04/27 09:03, 133.000000, 133.000000, 132.500000, 133.000000, 61
2020/04/27 09:04, 133.000000, 133.500000, 133.000000, 133.500000, 19
2020/04/27 09:05, 133.500000, 133.500000, 133.500000, 133.500000, 13
2020/04/27 09:06, 133.500000, 134.000000, 133.500000, 133.500000, 15
2020/04/27 09:07, 133.500000, 133.500000, 133.500000, 133.500000, 10
2020/04/27 09:08, 133.500000, 133.500000, 133.500000, 133.500000, 22
2020/04/27 09:09, 133.500000, 133.500000, 133.000000, 133.000000, 17
2020/04/27 09:10, 133.000000, 133.000000, 132.500000, 132.500000, 44
2020/04/27 09:11, 133.000000, 133.000000, 132.500000, 132.500000, 37
2020/04/27 09:12, 132.500000, 133.000000, 132.000000, 133.000000, 25
2020/04/27 09:13, 133.000000, 133.000000, 133.000000, 133.000000, 9
2020/04/27 09:14, 133.000000, 133.000000, 132.500000, 133.000000, 18
2020/04/27 09:15, 132.500000, 133.500000, 132.500000, 133.500000, 31
2020/04/27 09:16, 133.000000, 133.000000, 133.000000, 133.000000, 8
2020/04/27 09:17, 133.000000, 133.000000, 133.000000, 133.000000, 5
2020/04/27 09:18, 133.000000, 133.000000, 133.000000, 133.000000, 1
2020/04/27 09:19, 133.000000, 133.000000, 133.000000, 133.000000, 6
2020/04/27 09:20, 133.000000, 133.000000, 133.000000, 133.000000, 8
2020/04/27 09:21, 133.000000, 133.000000, 132.500000, 132.500000, 8
2020/04/27 09:22, 132.500000, 132.500000, 132.000000, 132.000000, 43
2020/04/27 09:23, 132.000000, 132.500000, 132.000000, 132.500000, 11
2020/04/27 09:24, 132.000000, 132.500000, 132.000000, 132.000000, 7
2020/04/27 09:25, 132.500000, 132.500000, 132.000000, 132.000000, 4
2020/04/27 09:26, 132.000000, 132.000000, 132.000000, 132.000000, 4
2020/04/27 09:27, 132.000000, 132.000000, 132.000000, 132.000000, 5
2020/04/27 09:28, 132.500000, 132.500000, 132.000000, 132.000000, 64
2020/04/27 09:29, 132.000000, 132.500000, 131.500000, 132.500000, 21
2020/04/27 09:30, 132.500000, 132.500000, 132.000000, 132.000000, 14
2020/04/27 09:31, 132.000000, 132.000000, 132.000000, 132.000000, 8
2020/04/27 09:32, 132.000000, 132.000000, 131.500000, 132.000000, 12
2020/04/27 09:33, 132.000000, 132.000000, 132.000000, 132.000000, 4
2020/04/27 09:34, 132.000000, 132.000000, 132.000000, 132.000000, 15
2020/04/27 09:35, 132.000000, 132.500000, 132.000000, 132.500000, 3
2020/04/27 09:36, 132.500000, 132.500000, 132.000000, 132.500000, 3
2020/04/27 09:37, 132.500000, 132.500000, 132.500000, 132.500000, 2
2020/04/27 09:38, 132.000000, 132.500000, 132.000000, 132.000000, 13
2020/04/27 09:39, 132.000000, 132.500000, 132.000000, 132.500000, 7
2020/04/27 09:40, 132.000000, 132.000000, 132.000000, 132.000000, 7
2020/04/27 09:41, 132.000000, 132.000000, 132.000000, 132.000000, 1
2020/04/27 09:42, 132.000000, 132.000000, 132.000000, 132.000000, 1
2020/04/27 09:43, 132.000000, 132.000000, 132.000000, 132.000000, 33
2020/04/27 09:44, 132.000000, 132.000000, 132.000000, 132.000000, 9
2020/04/27 09:45, 132.000000, 132.000000, 131.500000, 131.500000, 14
2020/04/27 09:46, 131.500000, 131.500000, 131.500000, 131.500000, 2
2020/04/27 09:47, 131.500000, 131.500000, 131.500000, 131.500000, 19
2020/04/27 09:48, 131.500000, 132.000000, 131.500000, 132.000000, 14
2020/04/27 09:49, 132.000000, 132.000000, 132.000000, 132.000000, 4
2020/04/27 09:50, 132.000000, 132.000000, 131.500000, 132.000000, 4
2020/04/27 09:51, 132.000000, 132.000000, 131.500000, 131.500000, 2
2020/04/27 09:52, 131.500000, 132.000000, 131.500000, 132.000000, 4
2020/04/27 09:53, 131.500000, 131.500000, 131.500000, 131.500000, 1
2020/04/27 09:54, 131.500000, 131.500000, 131.500000, 131.500000, 2
2020/04/27 09:55, 132.000000, 132.000000, 131.500000, 131.500000, 3
2020/04/27 09:56, 131.500000, 131.500000, 131.500000, 131.500000, 1
2020/04/27 09:57, 131.500000, 131.500000, 131.500000, 131.500000, 0
2020/04/27 09:58, 131.500000, 131.500000, 131.500000, 131.500000, 1
2020/04/27 09:59, 132.000000, 132.000000, 131.500000, 132.000000, 7
2020/04/27 10:00, 132.000000, 132.000000, 131.500000, 132.000000, 12
2020/04/27 10:01, 132.000000, 132.000000, 131.500000, 132.000000, 11
2020/04/27 10:02, 132.000000, 132.000000, 132.000000, 132.000000, 40
2020/04/27 10:03, 132.000000, 132.000000, 132.000000, 132.000000, 2
2020/04/27 10:04, 132.500000, 132.500000, 132.500000, 132.500000, 1
2020/04/27 10:05, 132.000000, 132.000000, 132.000000, 132.000000, 2
2020/04/27 10:06, 132.000000, 132.500000, 132.000000, 132.500000, 5
2020/04/27 10:07, 132.500000, 132.500000, 132.500000, 132.500000, 19
2020/04/27 10:08, 132.500000, 132.500000, 132.500000, 132.500000, 20
2020/04/27 10:09, 132.500000, 133.000000, 132.500000, 133.000000, 7
2020/04/27 10:10, 132.500000, 132.500000, 132.500000, 132.500000, 6
2020/04/27 10:11, 133.000000, 133.000000, 133.000000, 133.000000, 1
2020/04/27 10:12, 133.000000, 133.000000, 132.500000, 133.000000, 4
2020/04/27 10:13, 132.500000, 132.500000, 132.500000, 132.500000, 2
2020/04/27 10:14, 132.500000, 133.000000, 132.500000, 133.000000, 5
2020/04/27 10:15, 133.000000, 133.000000, 133.000000, 133.000000, 0
2020/04/27 10:16, 132.500000, 132.500000, 132.500000, 132.500000, 2
2020/04/27 10:17, 132.500000, 132.500000, 132.500000, 132.500000, 6
2020/04/27 10:18, 132.500000, 133.000000, 132.500000, 132.500000, 15
2020/04/27 10:19, 132.500000, 132.500000, 132.000000, 132.000000, 11
2020/04/27 10:20, 132.500000, 132.500000, 132.500000, 132.500000, 9
2020/04/27 10:21, 132.000000, 132.000000, 132.000000, 132.000000, 2
2020/04/27 10:22, 132.000000, 132.500000, 132.000000, 132.500000, 3
2020/04/27 10:23, 132.000000, 132.500000, 132.000000, 132.000000, 5
2020/04/27 10:24, 132.000000, 132.000000, 132.000000, 132.000000, 0
2020/04/27 10:25, 132.000000, 132.000000, 132.000000, 132.000000, 1
2020/04/27 10:26, 132.000000, 132.000000, 132.000000, 132.000000, 0
2020/04/27 10:27, 132.000000, 132.000000, 132.000000, 132.000000, 1
2020/04/27 10:28, 132.500000, 132.500000, 132.500000, 132.500000, 2
2020/04/27 10:29, 132.500000, 132.500000, 132.500000, 132.500000, 3
2020/04/27 10:30, 132.500000, 132.500000, 132.500000, 132.500000, 2
2020/04/27 10:31, 132.500000, 132.500000, 132.000000, 132.000000, 5
2020/04/27 10:32, 132.000000, 132.000000, 132.000000, 132.000000, 0
2020/04/27 10:33, 132.500000, 132.500000, 132.500000, 132.500000, 3
2020/04/27 10:34, 132.500000, 132.500000, 132.500000, 132.500000, 2
2020/04/27 10:35, 132.500000, 132.500000, 132.500000, 132.500000, 1
2020/04/27 10:36, 132.500000, 132.500000, 132.500000, 132.500000, 21
2020/04/27 10:37, 132.500000, 132.500000, 132.500000, 132.500000, 1
2020/04/27 10:38, 132.500000, 132.500000, 132.500000, 132.500000, 9
2020/04/27 10:39, 132.500000, 132.500000, 132.500000, 132.500000, 0
2020/04/27 10:40, 132.500000, 132.500000, 132.500000, 132.500000, 1
2020/04/27 10:41, 133.000000, 133.000000, 133.000000, 133.000000, 1
2020/04/27 10:42, 133.000000, 133.000000, 133.000000, 133.000000, 1
2020/04/27 10:43, 133.000000, 133.000000, 133.000000, 133.000000, 1
2020/04/27 10:44, 133.000000, 133.000000, 133.000000, 133.000000, 1
2020/04/27 10:45, 133.000000, 133.000000, 133.000000, 133.000000, 0
2020/04/27 10:46, 133.000000, 133.000000, 133.000000, 133.000000, 2
2020/04/27 10:47, 133.000000, 133.000000, 133.000000, 133.000000, 0
2020/04/27 10:48, 132.500000, 132.500000, 132.500000, 132.500000, 5
2020/04/27 10:49, 132.500000, 132.500000, 132.500000, 132.500000, 4
2020/04/27 10:50, 132.500000, 132.500000, 132.500000, 132.500000, 1
2020/04/27 10:51, 132.500000, 132.500000, 132.500000, 132.500000, 0
2020/04/27 10:52, 132.500000, 132.500000, 132.500000, 132.500000, 3
2020/04/27 10:53, 132.500000, 132.500000, 132.500000, 132.500000, 1
2020/04/27 10:54, 133.000000, 133.000000, 133.000000, 133.000000, 1
2020/04/27 10:55, 133.000000, 133.000000, 133.000000, 133.000000, 5
2020/04/27 10:56, 133.000000, 133.000000, 133.000000, 133.000000, 0
2020/04/27 10:57, 133.000000, 133.000000, 133.000000, 133.000000, 1
2020/04/27 10:58, 133.000000, 133.500000, 133.000000, 133.000000, 90
2020/04/27 10:59, 133.000000, 134.000000, 133.000000, 134.000000, 59
2020/04/27 11:00, 134.000000, 134.000000, 133.500000, 133.500000, 21
2020/04/27 11:01, 133.500000, 134.500000, 133.500000, 134.500000, 81
2020/04/27 11:02, 134.500000, 134.500000, 134.000000, 134.500000, 36
2020/04/27 11:03, 134.500000, 134.500000, 134.000000, 134.000000, 76
2020/04/27 11:04, 134.000000, 134.000000, 133.500000, 134.000000, 14
2020/04/27 11:05, 134.000000, 134.500000, 134.000000, 134.500000, 14
2020/04/27 11:06, 134.500000, 134.500000, 134.000000, 134.500000, 16
2020/04/27 11:07, 134.500000, 134.500000, 134.000000, 134.000000, 3
2020/04/27 11:08, 134.000000, 134.000000, 134.000000, 134.000000, 6
2020/04/27 11:09, 134.000000, 134.000000, 134.000000, 134.000000, 1
2020/04/27 11:10, 134.000000, 134.000000, 134.000000, 134.000000, 3
2020/04/27 11:11, 134.500000, 134.500000, 134.500000, 134.500000, 2
2020/04/27 11:12, 134.500000, 134.500000, 134.500000, 134.500000, 0
2020/04/27 11:13, 134.500000, 134.500000, 134.500000, 134.500000, 4
2020/04/27 11:14, 134.000000, 134.500000, 134.000000, 134.000000, 13
2020/04/27 11:15, 134.000000, 134.000000, 134.000000, 134.000000, 0
2020/04/27 11:16, 134.000000, 134.000000, 134.000000, 134.000000, 0
2020/04/27 11:17, 134.000000, 134.000000, 134.000000, 134.000000, 20
2020/04/27 11:18, 134.000000, 134.000000, 134.000000, 134.000000, 40
2020/04/27 11:19, 134.000000, 134.000000, 134.000000, 134.000000, 1
2020/04/27 11:20, 134.000000, 134.000000, 133.500000, 133.500000, 7
2020/04/27 11:21, 133.500000, 133.500000, 133.500000, 133.500000, 1
2020/04/27 11:22, 133.500000, 133.500000, 133.500000, 133.500000, 0
2020/04/27 11:23, 133.500000, 133.500000, 133.500000, 133.500000, 4
2020/04/27 11:24, 133.500000, 133.500000, 133.500000, 133.500000, 2
2020/04/27 11:25, 133.500000, 133.500000, 133.500000, 133.500000, 3
2020/04/27 11:26, 133.500000, 133.500000, 133.500000, 133.500000, 1
2020/04/27 11:27, 133.500000, 133.500000, 133.500000, 133.500000, 4
2020/04/27 11:28, 133.500000, 133.500000, 133.500000, 133.500000, 7
2020/04/27 11:29, 133.500000, 133.500000, 133.500000, 133.500000, 1
2020/04/27 11:30, 133.500000, 133.500000, 133.500000, 133.500000, 8
2020/04/27 11:31, 133.500000, 133.500000, 133.500000, 133.500000, 0
2020/04/27 11:32, 133.500000, 133.500000, 133.500000, 133.500000, 1
2020/04/27 11:33, 133.500000, 133.500000, 133.500000, 133.500000, 8
2020/04/27 11:34, 133.500000, 133.500000, 133.500000, 133.500000, 0
2020/04/27 11:35, 133.500000, 133.500000, 133.500000, 133.500000, 2
2020/04/27 11:36, 133.500000, 133.500000, 133.500000, 133.500000, 2
2020/04/27 11:37, 133.500000, 133.500000, 133.500000, 133.500000, 1
2020/04/27 11:38, 133.000000, 133.000000, 133.000000, 133.000000, 2
2020/04/27 11:39, 133.500000, 134.000000, 133.000000, 134.000000, 34
2020/04/27 11:40, 133.500000, 133.500000, 133.500000, 133.500000, 4
2020/04/27 11:41, 133.500000, 133.500000, 133.500000, 133.500000, 0
2020/04/27 11:42, 133.500000, 133.500000, 133.500000, 133.500000, 2
2020/04/27 11:43, 133.500000, 133.500000, 133.500000, 133.500000, 0
2020/04/27 11:44, 133.500000, 133.500000, 133.500000, 133.500000, 0
2020/04/27 11:45, 133.500000, 133.500000, 133.500000, 133.500000, 0
2020/04/27 11:46, 133.500000, 133.500000, 133.500000, 133.500000, 0
2020/04/27 11:47, 133.500000, 133.500000, 133.500000, 133.500000, 5
2020/04/27 11:48, 133.500000, 133.500000, 133.500000, 133.500000, 3
2020/04/27 11:49, 133.500000, 133.500000, 133.500000, 133.500000, 0
2020/04/27 11:50, 133.500000, 133.500000, 133.500000, 133.500000, 6
2020/04/27 11:51, 133.500000, 133.500000, 133.500000, 133.500000, 0
2020/04/27 11:52, 133.500000, 133.500000, 133.500000, 133.500000, 0
2020/04/27 11:53, 133.000000, 133.000000, 133.000000, 133.000000, 16
2020/04/27 11:54, 133.500000, 133.500000, 133.000000, 133.000000, 4
2020/04/27 11:55, 133.000000, 133.000000, 133.000000, 133.000000, 0
2020/04/27 11:56, 133.000000, 133.000000, 133.000000, 133.000000, 0
2020/04/27 11:57, 133.000000, 133.000000, 133.000000, 133.000000, 0
2020/04/27 11:58, 133.000000, 133.000000, 133.000000, 133.000000, 0
2020/04/27 11:59, 133.000000, 133.000000, 133.000000, 133.000000, 0
2020/04/27 12:00, 133.000000, 133.000000, 133.000000, 133.000000, 1
2020/04/27 12:01, 133.500000, 133.500000, 133.500000, 133.500000, 10
2020/04/27 12:02, 133.500000, 133.500000, 133.500000, 133.500000, 1
2020/04/27 12:03, 134.000000, 134.000000, 134.000000, 134.000000, 1
2020/04/27 12:04, 134.000000, 134.000000, 134.000000, 134.000000, 0
2020/04/27 12:05, 134.000000, 134.000000, 133.500000, 133.500000, 4
2020/04/27 12:06, 134.000000, 134.000000, 134.000000, 134.000000, 8
2020/04/27 12:07, 134.000000, 134.000000, 133.500000, 134.000000, 13
2020/04/27 12:08, 134.000000, 134.000000, 134.000000, 134.000000, 1
2020/04/27 12:09, 134.000000, 134.000000, 134.000000, 134.000000, 1
2020/04/27 12:10, 134.000000, 134.000000, 134.000000, 134.000000, 0
2020/04/27 12:11, 134.000000, 134.000000, 134.000000, 134.000000, 24
2020/04/27 12:12, 134.000000, 134.000000, 134.000000, 134.000000, 3
2020/04/27 12:13, 134.000000, 134.000000, 134.000000, 134.000000, 4
2020/04/27 12:14, 134.000000, 134.000000, 134.000000, 134.000000, 6
2020/04/27 12:15, 134.000000, 134.000000, 134.000000, 134.000000, 5
2020/04/27 12:16, 134.000000, 134.000000, 134.000000, 134.000000, 1
2020/04/27 12:17, 133.500000, 133.500000, 133.500000, 133.500000, 1
2020/04/27 12:18, 133.500000, 133.500000, 133.500000, 133.500000, 1
2020/04/27 12:19, 133.500000, 133.500000, 133.500000, 133.500000, 0
2020/04/27 12:20, 134.000000, 134.000000, 134.000000, 134.000000, 2
2020/04/27 12:21, 134.000000, 134.000000, 133.500000, 133.500000, 2
2020/04/27 12:22, 133.500000, 133.500000, 133.500000, 133.500000, 3
2020/04/27 12:23, 133.500000, 133.500000, 133.000000, 133.000000, 29
2020/04/27 12:24, 133.000000, 133.000000, 133.000000, 133.000000, 1
2020/04/27 12:25, 133.000000, 133.000000, 133.000000, 133.000000, 1
2020/04/27 12:26, 133.000000, 133.500000, 133.000000, 133.500000, 2
2020/04/27 12:27, 133.500000, 133.500000, 133.500000, 133.500000, 0
2020/04/27 12:28, 133.500000, 133.500000, 133.500000, 133.500000, 0
2020/04/27 12:29, 133.500000, 133.500000, 133.500000, 133.500000, 0
2020/04/27 12:30, 133.500000, 133.500000, 133.500000, 133.500000, 2
2020/04/27 12:31, 133.000000, 133.500000, 133.000000, 133.500000, 2
2020/04/27 12:32, 133.500000, 133.500000, 133.500000, 133.500000, 5
2020/04/27 12:33, 133.000000, 134.000000, 133.000000, 134.000000, 2
2020/04/27 12:34, 133.500000, 133.500000, 133.500000, 133.500000, 3
2020/04/27 12:35, 133.500000, 133.500000, 133.500000, 133.500000, 0
2020/04/27 12:36, 133.500000, 133.500000, 133.500000, 133.500000, 1
2020/04/27 12:37, 133.500000, 133.500000, 133.500000, 133.500000, 1
2020/04/27 12:38, 133.500000, 133.500000, 133.500000, 133.500000, 1
2020/04/27 12:39, 133.500000, 133.500000, 133.500000, 133.500000, 1
2020/04/27 12:40, 133.500000, 133.500000, 133.500000, 133.500000, 10
2020/04/27 12:41, 133.500000, 133.500000, 133.500000, 133.500000, 3
2020/04/27 12:42, 133.500000, 133.500000, 133.500000, 133.500000, 0
2020/04/27 12:43, 133.500000, 133.500000, 133.500000, 133.500000, 0
2020/04/27 12:44, 133.500000, 133.500000, 133.500000, 133.500000, 4
2020/04/27 12:45, 133.500000, 133.500000, 133.500000, 133.500000, 1
2020/04/27 12:46, 133.500000, 133.500000, 133.500000, 133.500000, 0
2020/04/27 12:47, 133.500000, 133.500000, 133.500000, 133.500000, 1
2020/04/27 12:48, 133.500000, 133.500000, 133.500000, 133.500000, 3
2020/04/27 12:49, 133.500000, 133.500000, 133.500000, 133.500000, 8
2020/04/27 12:50, 133.500000, 133.500000, 133.500000, 133.500000, 4
2020/04/27 12:51, 133.500000, 133.500000, 133.500000, 133.500000, 2
2020/04/27 12:52, 133.500000, 134.000000, 133.500000, 133.500000, 4
2020/04/27 12:53, 133.500000, 133.500000, 133.000000, 133.000000, 3
2020/04/27 12:54, 133.500000, 134.000000, 133.500000, 133.500000, 5
2020/04/27 12:55, 133.500000, 134.000000, 133.500000, 134.000000, 6
2020/04/27 12:56, 134.000000, 134.000000, 134.000000, 134.000000, 0
2020/04/27 12:57, 133.500000, 134.000000, 133.500000, 133.500000, 9
2020/04/27 12:58, 133.500000, 133.500000, 133.500000, 133.500000, 2
2020/04/27 12:59, 133.500000, 133.500000, 133.500000, 133.500000, 3
2020/04/27 13:00, 133.500000, 133.500000, 133.000000, 133.000000, 3
2020/04/27 13:01, 133.000000, 133.000000, 133.000000, 133.000000, 0
2020/04/27 13:02, 133.000000, 133.000000, 133.000000, 133.000000, 0
2020/04/27 13:03, 133.000000, 133.000000, 133.000000, 133.000000, 0
2020/04/27 13:04, 133.000000, 133.500000, 133.000000, 133.000000, 7
2020/04/27 13:05, 133.000000, 133.000000, 133.000000, 133.000000, 0
2020/04/27 13:06, 133.000000, 133.000000, 133.000000, 133.000000, 1
2020/04/27 13:07, 133.500000, 133.500000, 133.000000, 133.000000, 25
2020/04/27 13:08, 133.500000, 133.500000, 133.000000, 133.000000, 14
2020/04/27 13:09, 133.000000, 133.000000, 133.000000, 133.000000, 2
2020/04/27 13:10, 133.000000, 133.000000, 133.000000, 133.000000, 5
2020/04/27 13:11, 133.500000, 133.500000, 133.500000, 133.500000, 4
2020/04/27 13:12, 133.500000, 133.500000, 133.500000, 133.500000, 4
2020/04/27 13:13, 133.500000, 133.500000, 133.500000, 133.500000, 25
2020/04/27 13:14, 133.500000, 133.500000, 133.500000, 133.500000, 2
2020/04/27 13:15, 133.500000, 133.500000, 133.500000, 133.500000, 6
2020/04/27 13:16, 133.500000, 133.500000, 133.500000, 133.500000, 16
2020/04/27 13:17, 133.500000, 133.500000, 133.000000, 133.500000, 9
2020/04/27 13:18, 133.500000, 133.500000, 133.500000, 133.500000, 0
2020/04/27 13:19, 133.500000, 133.500000, 133.500000, 133.500000, 9
2020/04/27 13:20, 133.500000, 133.500000, 133.500000, 133.500000, 11
2020/04/27 13:21, 133.500000, 134.000000, 133.500000, 134.000000, 33
2020/04/27 13:22, 133.500000, 134.000000, 133.500000, 133.500000, 8
2020/04/27 13:23, 133.500000, 133.500000, 133.500000, 133.500000, 2
2020/04/27 13:24, 133.500000, 133.500000, 133.500000, 133.500000, 2
2020/04/27 13:25, 133.500000, 133.500000, 133.500000, 133.500000, 1
2020/04/27 13:26, 133.500000, 133.500000, 133.500000, 133.500000, 0
2020/04/27 13:27, 133.500000, 133.500000, 133.500000, 133.500000, 0
2020/04/27 13:28, 133.500000, 133.500000, 133.500000, 133.500000, 0
2020/04/27 13:29, 133.500000, 133.500000, 133.500000, 133.500000, 0
2020/04/27 13:30, 133.500000, 133.500000, 133.500000, 133.500000, 110
2020/04/28 09:01, 134.500000, 135.000000, 134.500000, 135.000000, 71
2020/04/28 09:02, 135.000000, 135.500000, 134.500000, 134.500000, 33
2020/04/28 09:03, 134.500000, 135.000000, 134.500000, 135.000000, 14
2020/04/28 09:04, 135.000000, 135.500000, 134.500000, 135.000000, 46
2020/04/28 09:05, 135.000000, 135.000000, 134.500000, 134.500000, 10
2020/04/28 09:06, 134.500000, 135.000000, 134.500000, 135.000000, 31
2020/04/28 09:07, 134.500000, 135.000000, 134.500000, 134.500000, 15
2020/04/28 09:08, 134.500000, 134.500000, 134.000000, 134.000000, 9
2020/04/28 09:09, 134.000000, 134.000000, 134.000000, 134.000000, 9
2020/04/28 09:10, 134.000000, 134.000000, 134.000000, 134.000000, 3
2020/04/28 09:11, 134.000000, 134.500000, 134.000000, 134.500000, 17
2020/04/28 09:12, 134.500000, 134.500000, 134.500000, 134.500000, 13
2020/04/28 09:13, 134.000000, 134.500000, 134.000000, 134.500000, 18
2020/04/28 09:14, 134.500000, 134.500000, 134.500000, 134.500000, 6
2020/04/28 09:15, 134.500000, 134.500000, 134.500000, 134.500000, 11
2020/04/28 09:16, 134.500000, 134.500000, 134.500000, 134.500000, 1
2020/04/28 09:17, 134.500000, 134.500000, 134.500000, 134.500000, 6
2020/04/28 09:18, 134.000000, 134.500000, 134.000000, 134.500000, 33
2020/04/28 09:19, 134.500000, 134.500000, 134.000000, 134.000000, 11
2020/04/28 09:20, 134.000000, 134.000000, 133.500000, 133.500000, 26
2020/04/28 09:21, 133.500000, 133.500000, 133.500000, 133.500000, 12
2020/04/28 09:22, 133.500000, 134.000000, 133.500000, 133.500000, 4
2020/04/28 09:23, 133.500000, 133.500000, 133.500000, 133.500000, 11
2020/04/28 09:24, 133.500000, 133.500000, 133.500000, 133.500000, 0
2020/04/28 09:25, 133.500000, 134.000000, 133.500000, 133.500000, 13
2020/04/28 09:26, 134.000000, 134.000000, 134.000000, 134.000000, 2
2020/04/28 09:27, 134.000000, 134.000000, 134.000000, 134.000000, 1
2020/04/28 09:28, 134.000000, 134.000000, 134.000000, 134.000000, 16
2020/04/28 09:29, 134.500000, 134.500000, 134.500000, 134.500000, 1
2020/04/28 09:30, 134.500000, 134.500000, 134.000000, 134.500000, 14
2020/04/28 09:31, 134.000000, 134.000000, 134.000000, 134.000000, 2
2020/04/28 09:32, 134.000000, 134.000000, 134.000000, 134.000000, 5
2020/04/28 09:33, 134.000000, 134.000000, 134.000000, 134.000000, 1
2020/04/28 09:34, 134.000000, 134.000000, 134.000000, 134.000000, 0
2020/04/28 09:35, 134.500000, 135.000000, 134.500000, 135.000000, 94
2020/04/28 09:36, 135.000000, 135.000000, 135.000000, 135.000000, 11
2020/04/28 09:37, 135.000000, 135.000000, 134.000000, 134.000000, 51
2020/04/28 09:38, 134.000000, 134.500000, 134.000000, 134.500000, 4
2020/04/28 09:39, 134.500000, 134.500000, 134.500000, 134.500000, 2
2020/04/28 09:40, 134.500000, 134.500000, 134.000000, 134.000000, 2
2020/04/28 09:41, 134.000000, 134.000000, 134.000000, 134.000000, 0
2020/04/28 09:42, 134.500000, 134.500000, 134.500000, 134.500000, 7
2020/04/28 09:43, 134.000000, 134.500000, 134.000000, 134.000000, 28
2020/04/28 09:44, 133.500000, 134.000000, 133.500000, 134.000000, 4
2020/04/28 09:45, 134.000000, 134.000000, 134.000000, 134.000000, 2
2020/04/28 09:46, 134.000000, 134.000000, 134.000000, 134.000000, 0
2020/04/28 09:47, 134.000000, 134.000000, 134.000000, 134.000000, 3
2020/04/28 09:48, 134.000000, 134.000000, 134.000000, 134.000000, 0
2020/04/28 09:49, 134.000000, 134.000000, 134.000000, 134.000000, 0
2020/04/28 09:50, 133.500000, 133.500000, 133.500000, 133.500000, 50
2020/04/28 09:51, 133.000000, 133.000000, 133.000000, 133.000000, 28
2020/04/28 09:52, 133.000000, 133.000000, 132.500000, 133.000000, 15
2020/04/28 09:53, 133.000000, 133.000000, 133.000000, 133.000000, 1
2020/04/28 09:54, 133.000000, 133.000000, 133.000000, 133.000000, 1
2020/04/28 09:55, 133.000000, 133.000000, 132.500000, 133.000000, 17
2020/04/28 09:56, 132.500000, 132.500000, 132.500000, 132.500000, 16
2020/04/28 09:57, 132.500000, 132.500000, 132.500000, 132.500000, 42
2020/04/28 09:58, 132.500000, 133.000000, 132.000000, 132.500000, 29
2020/04/28 09:59, 132.500000, 132.500000, 132.500000, 132.500000, 2
2020/04/28 10:00, 132.500000, 132.500000, 132.500000, 132.500000, 8
2020/04/28 10:01, 132.500000, 132.500000, 132.000000, 132.000000, 18
2020/04/28 10:02, 132.500000, 132.500000, 132.000000, 132.500000, 7
2020/04/28 10:03, 132.500000, 132.500000, 132.000000, 132.500000, 23
2020/04/28 10:04, 132.500000, 132.500000, 132.500000, 132.500000, 7
2020/04/28 10:05, 132.500000, 132.500000, 132.500000, 132.500000, 4
2020/04/28 10:06, 132.500000, 132.500000, 132.500000, 132.500000, 7
2020/04/28 10:07, 132.500000, 132.500000, 132.500000, 132.500000, 6
2020/04/28 10:08, 132.500000, 132.500000, 132.500000, 132.500000, 1
2020/04/28 10:09, 132.500000, 132.500000, 132.500000, 132.500000, 0
2020/04/28 10:10, 133.000000, 133.000000, 133.000000, 133.000000, 1
2020/04/28 10:11, 133.000000, 133.000000, 133.000000, 133.000000, 10
2020/04/28 10:12, 132.500000, 132.500000, 132.500000, 132.500000, 2
2020/04/28 10:13, 132.500000, 132.500000, 132.500000, 132.500000, 2
2020/04/28 10:14, 132.500000, 132.500000, 132.500000, 132.500000, 0
2020/04/28 10:15, 132.500000, 132.500000, 132.500000, 132.500000, 3
2020/04/28 10:16, 133.000000, 133.000000, 133.000000, 133.000000, 1
2020/04/28 10:17, 133.000000, 133.000000, 132.500000, 133.000000, 4
2020/04/28 10:18, 133.000000, 133.000000, 133.000000, 133.000000, 3
2020/04/28 10:19, 132.500000, 132.500000, 132.500000, 132.500000, 1
2020/04/28 10:20, 132.500000, 132.500000, 132.500000, 132.500000, 0
2020/04/28 10:21, 132.500000, 132.500000, 132.500000, 132.500000, 5
2020/04/28 10:22, 132.500000, 132.500000, 132.500000, 132.500000, 0
2020/04/28 10:23, 133.000000, 133.000000, 132.500000, 132.500000, 5
2020/04/28 10:24, 132.500000, 132.500000, 132.500000, 132.500000, 0
2020/04/28 10:25, 132.500000, 132.500000, 132.500000, 132.500000, 1
2020/04/28 10:26, 132.500000, 132.500000, 132.500000, 132.500000, 0
2020/04/28 10:27, 132.500000, 132.500000, 132.500000, 132.500000, 0
2020/04/28 10:28, 132.500000, 132.500000, 132.500000, 132.500000, 1
2020/04/28 10:29, 132.500000, 132.500000, 132.500000, 132.500000, 4
2020/04/28 10:30, 133.000000, 133.000000, 132.500000, 132.500000, 5
2020/04/28 10:31, 132.500000, 132.500000, 132.500000, 132.500000, 0
2020/04/28 10:32, 133.000000, 133.000000, 132.500000, 133.000000, 53
2020/04/28 10:33, 133.000000, 133.000000, 133.000000, 133.000000, 2
2020/04/28 10:34, 133.000000, 133.000000, 133.000000, 133.000000, 1
2020/04/28 10:35, 133.000000, 133.000000, 133.000000, 133.000000, 0
2020/04/28 10:36, 133.000000, 133.000000, 133.000000, 133.000000, 2
2020/04/28 10:37, 133.000000, 133.000000, 133.000000, 133.000000, 1
2020/04/28 10:38, 133.500000, 133.500000, 133.000000, 133.000000, 2
2020/04/28 10:39, 133.000000, 133.000000, 133.000000, 133.000000, 2
2020/04/28 10:40, 133.000000, 133.000000, 133.000000, 133.000000, 0
2020/04/28 10:41, 133.000000, 133.000000, 133.000000, 133.000000, 28
2020/04/28 10:42, 133.000000, 133.000000, 133.000000, 133.000000, 0
2020/04/28 10:43, 133.000000, 133.000000, 133.000000, 133.000000, 3
2020/04/28 10:44, 132.500000, 132.500000, 132.500000, 132.500000, 1
2020/04/28 10:45, 132.500000, 132.500000, 132.500000, 132.500000, 2
2020/04/28 10:46, 132.500000, 132.500000, 132.500000, 132.500000, 12
2020/04/28 10:47, 132.500000, 132.500000, 132.000000, 132.500000, 42
2020/04/28 10:48, 132.500000, 132.500000, 132.500000, 132.500000, 7
2020/04/28 10:49, 132.500000, 132.500000, 132.500000, 132.500000, 4
2020/04/28 10:50, 132.500000, 132.500000, 132.500000, 132.500000, 2
2020/04/28 10:51, 132.500000, 132.500000, 132.500000, 132.500000, 3
2020/04/28 10:52, 132.500000, 132.500000, 132.500000, 132.500000, 1
2020/04/28 10:53, 132.500000, 132.500000, 132.500000, 132.500000, 14
2020/04/28 10:54, 132.000000, 133.000000, 132.000000, 133.000000, 4
2020/04/28 10:55, 132.500000, 132.500000, 132.500000, 132.500000, 8
2020/04/28 10:56, 132.500000, 132.500000, 132.000000, 132.500000, 7
2020/04/28 10:57, 132.500000, 132.500000, 132.000000, 132.000000, 16
2020/04/28 10:58, 132.500000, 132.500000, 132.000000, 132.500000, 9
2020/04/28 10:59, 132.000000, 132.500000, 132.000000, 132.500000, 2
2020/04/28 11:00, 132.000000, 132.500000, 132.000000, 132.500000, 8
2020/04/28 11:01, 132.500000, 132.500000, 132.000000, 132.500000, 3
2020/04/28 11:02, 132.000000, 132.500000, 132.000000, 132.500000, 16
2020/04/28 11:03, 132.500000, 132.500000, 132.500000, 132.500000, 1
2020/04/28 11:04, 132.500000, 132.500000, 132.500000, 132.500000, 2
2020/04/28 11:05, 132.500000, 132.500000, 132.000000, 132.000000, 12
2020/04/28 11:06, 132.000000, 132.000000, 132.000000, 132.000000, 2
2020/04/28 11:07, 132.000000, 132.000000, 132.000000, 132.000000, 4
2020/04/28 11:08, 132.000000, 132.500000, 132.000000, 132.000000, 10
2020/04/28 11:09, 132.000000, 132.000000, 132.000000, 132.000000, 4
2020/04/28 11:10, 132.500000, 132.500000, 132.000000, 132.500000, 7
2020/04/28 11:11, 132.500000, 132.500000, 132.000000, 132.500000, 19
2020/04/28 11:12, 132.500000, 132.500000, 132.500000, 132.500000, 2
2020/04/28 11:13, 132.500000, 132.500000, 132.500000, 132.500000, 3
2020/04/28 11:14, 132.500000, 132.500000, 132.500000, 132.500000, 2
2020/04/28 11:15, 132.500000, 133.000000, 132.500000, 132.500000, 3
2020/04/28 11:16, 132.500000, 132.500000, 132.000000, 132.000000, 12
2020/04/28 11:17, 132.000000, 133.000000, 132.000000, 133.000000, 9
2020/04/28 11:18, 132.000000, 132.500000, 132.000000, 132.000000, 6
2020/04/28 11:19, 132.500000, 132.500000, 132.000000, 132.000000, 5
2020/04/28 11:20, 132.000000, 132.000000, 131.500000, 131.500000, 188
2020/04/28 11:21, 131.500000, 131.500000, 131.000000, 131.500000, 19
2020/04/28 11:22, 131.500000, 132.000000, 131.000000, 132.000000, 25
2020/04/28 11:23, 132.000000, 132.000000, 132.000000, 132.000000, 5
2020/04/28 11:24, 132.000000, 132.000000, 132.000000, 132.000000, 2
2020/04/28 11:25, 132.000000, 132.000000, 132.000000, 132.000000, 0
2020/04/28 11:26, 132.000000, 132.000000, 132.000000, 132.000000, 1
2020/04/28 11:27, 132.000000, 132.000000, 131.500000, 132.000000, 7
2020/04/28 11:28, 131.500000, 131.500000, 131.500000, 131.500000, 3
2020/04/28 11:29, 132.000000, 132.000000, 132.000000, 132.000000, 2
2020/04/28 11:30, 132.000000, 132.000000, 131.500000, 131.500000, 3
2020/04/28 11:31, 132.000000, 132.000000, 131.500000, 131.500000, 6
2020/04/28 11:32, 131.500000, 131.500000, 131.500000, 131.500000, 3
2020/04/28 11:33, 131.500000, 131.500000, 131.500000, 131.500000, 0
2020/04/28 11:34, 131.500000, 132.000000, 131.500000, 132.000000, 3
2020/04/28 11:35, 132.000000, 132.000000, 131.500000, 131.500000, 17
2020/04/28 11:36, 131.500000, 131.500000, 131.500000, 131.500000, 1
2020/04/28 11:37, 131.500000, 132.000000, 131.500000, 132.000000, 4
2020/04/28 11:38, 132.000000, 132.000000, 132.000000, 132.000000, 3
2020/04/28 11:39, 132.000000, 132.000000, 132.000000, 132.000000, 26
2020/04/28 11:40, 132.000000, 132.000000, 132.000000, 132.000000, 0
2020/04/28 11:41, 132.000000, 132.000000, 132.000000, 132.000000, 0
2020/04/28 11:42, 132.000000, 132.000000, 132.000000, 132.000000, 0
2020/04/28 11:43, 132.000000, 132.000000, 132.000000, 132.000000, 17
2020/04/28 11:44, 132.000000, 132.000000, 132.000000, 132.000000, 0
2020/04/28 11:45, 132.000000, 132.000000, 132.000000, 132.000000, 1
2020/04/28 11:46, 132.000000, 132.000000, 132.000000, 132.000000, 0
2020/04/28 11:47, 132.000000, 132.000000, 132.000000, 132.000000, 0
2020/04/28 11:48, 132.000000, 132.000000, 132.000000, 132.000000, 5
2020/04/28 11:49, 132.000000, 132.000000, 132.000000, 132.000000, 0
2020/04/28 11:50, 132.000000, 132.500000, 132.000000, 132.500000, 6
2020/04/28 11:51, 132.500000, 132.500000, 132.500000, 132.500000, 3
2020/04/28 11:52, 132.500000, 132.500000, 132.500000, 132.500000, 0
2020/04/28 11:53, 132.500000, 132.500000, 132.500000, 132.500000, 0
2020/04/28 11:54, 132.500000, 132.500000, 132.500000, 132.500000, 0
2020/04/28 11:55, 132.500000, 132.500000, 132.500000, 132.500000, 1
2020/04/28 11:56, 132.500000, 132.500000, 132.500000, 132.500000, 0
2020/04/28 11:57, 132.500000, 132.500000, 132.500000, 132.500000, 0
2020/04/28 11:58, 132.500000, 132.500000, 132.500000, 132.500000, 3
2020/04/28 11:59, 132.500000, 132.500000, 132.500000, 132.500000, 0
2020/04/28 12:00, 132.500000, 132.500000, 132.500000, 132.500000, 1
2020/04/28 12:01, 132.500000, 132.500000, 132.500000, 132.500000, 0
2020/04/28 12:02, 132.500000, 132.500000, 132.500000, 132.500000, 0
2020/04/28 12:03, 132.000000, 132.000000, 132.000000, 132.000000, 1
2020/04/28 12:04, 132.000000, 132.000000, 132.000000, 132.000000, 0
2020/04/28 12:05, 132.000000, 132.000000, 132.000000, 132.000000, 1
2020/04/28 12:06, 132.000000, 132.000000, 132.000000, 132.000000, 3
2020/04/28 12:07, 132.000000, 132.000000, 132.000000, 132.000000, 13
2020/04/28 12:08, 132.000000, 132.000000, 132.000000, 132.000000, 2
2020/04/28 12:09, 132.000000, 132.000000, 132.000000, 132.000000, 0
2020/04/28 12:10, 132.000000, 132.000000, 132.000000, 132.000000, 20
2020/04/28 12:11, 132.000000, 132.000000, 132.000000, 132.000000, 4
2020/04/28 12:12, 132.000000, 132.000000, 132.000000, 132.000000, 6
2020/04/28 12:13, 132.000000, 132.000000, 131.500000, 131.500000, 23
2020/04/28 12:14, 132.000000, 132.000000, 131.500000, 132.000000, 5
2020/04/28 12:15, 132.000000, 132.000000, 132.000000, 132.000000, 9
2020/04/28 12:16, 132.000000, 132.000000, 132.000000, 132.000000, 6
2020/04/28 12:17, 132.000000, 132.000000, 132.000000, 132.000000, 4
2020/04/28 12:18, 132.000000, 132.000000, 132.000000, 132.000000, 1
2020/04/28 12:19, 132.000000, 132.000000, 132.000000, 132.000000, 2
2020/04/28 12:20, 132.000000, 132.000000, 132.000000, 132.000000, 21
2020/04/28 12:21, 132.000000, 132.000000, 132.000000, 132.000000, 2
2020/04/28 12:22, 132.000000, 132.000000, 132.000000, 132.000000, 0
2020/04/28 12:23, 132.000000, 132.000000, 132.000000, 132.000000, 4
2020/04/28 12:24, 132.000000, 132.000000, 132.000000, 132.000000, 0
2020/04/28 12:25, 132.000000, 132.000000, 132.000000, 132.000000, 7
2020/04/28 12:26, 132.000000, 132.000000, 132.000000, 132.000000, 4
2020/04/28 12:27, 132.500000, 132.500000, 132.500000, 132.500000, 1
2020/04/28 12:28, 132.000000, 132.000000, 132.000000, 132.000000, 1
2020/04/28 12:29, 132.000000, 132.000000, 132.000000, 132.000000, 1
2020/04/28 12:30, 132.000000, 132.000000, 132.000000, 132.000000, 7
2020/04/28 12:31, 132.000000, 132.000000, 132.000000, 132.000000, 4
2020/04/28 12:32, 132.000000, 132.000000, 132.000000, 132.000000, 3
2020/04/28 12:33, 132.000000, 132.000000, 132.000000, 132.000000, 0
2020/04/28 12:34, 132.500000, 132.500000, 132.000000, 132.000000, 18
2020/04/28 12:35, 132.500000, 132.500000, 132.000000, 132.000000, 2
2020/04/28 12:36, 132.000000, 132.000000, 132.000000, 132.000000, 0
2020/04/28 12:37, 132.000000, 132.000000, 132.000000, 132.000000, 1
2020/04/28 12:38, 132.000000, 132.500000, 132.000000, 132.500000, 7
2020/04/28 12:39, 132.000000, 132.500000, 132.000000, 132.500000, 4
2020/04/28 12:40, 132.000000, 132.000000, 132.000000, 132.000000, 1
2020/04/28 12:41, 132.000000, 132.000000, 132.000000, 132.000000, 0
2020/04/28 12:42, 132.000000, 132.000000, 132.000000, 132.000000, 9
2020/04/28 12:43, 132.000000, 132.000000, 132.000000, 132.000000, 1
2020/04/28 12:44, 132.000000, 132.000000, 132.000000, 132.000000, 0
2020/04/28 12:45, 132.000000, 132.000000, 132.000000, 132.000000, 1
2020/04/28 12:46, 132.000000, 132.000000, 132.000000, 132.000000, 4
2020/04/28 12:47, 132.000000, 132.000000, 132.000000, 132.000000, 0
2020/04/28 12:48, 132.000000, 132.000000, 132.000000, 132.000000, 1
2020/04/28 12:49, 132.000000, 132.000000, 132.000000, 132.000000, 1
2020/04/28 12:50, 132.000000, 132.000000, 132.000000, 132.000000, 0
2020/04/28 12:51, 132.000000, 132.000000, 132.000000, 132.000000, 3
2020/04/28 12:52, 132.500000, 132.500000, 132.500000, 132.500000, 4
2020/04/28 12:53, 132.000000, 132.000000, 132.000000, 132.000000, 2
2020/04/28 12:54, 132.000000, 132.000000, 132.000000, 132.000000, 3
2020/04/28 12:55, 132.000000, 132.000000, 132.000000, 132.000000, 1
2020/04/28 12:56, 132.000000, 132.000000, 132.000000, 132.000000, 2
2020/04/28 12:57, 132.000000, 132.500000, 132.000000, 132.500000, 28
2020/04/28 12:58, 133.000000, 133.000000, 132.500000, 132.500000, 6
2020/04/28 12:59, 132.500000, 132.500000, 132.500000, 132.500000, 2
2020/04/28 13:00, 132.000000, 132.500000, 132.000000, 132.500000, 6
2020/04/28 13:01, 132.500000, 132.500000, 132.500000, 132.500000, 1
2020/04/28 13:02, 132.500000, 132.500000, 132.500000, 132.500000, 0
2020/04/28 13:03, 132.000000, 132.000000, 132.000000, 132.000000, 13
2020/04/28 13:04, 132.000000, 132.500000, 132.000000, 132.500000, 4
2020/04/28 13:05, 132.000000, 132.500000, 132.000000, 132.500000, 3
2020/04/28 13:06, 132.500000, 132.500000, 132.500000, 132.500000, 0
2020/04/28 13:07, 132.000000, 132.500000, 132.000000, 132.500000, 5
2020/04/28 13:08, 132.000000, 132.500000, 132.000000, 132.500000, 3
2020/04/28 13:09, 132.500000, 132.500000, 132.000000, 132.000000, 2
2020/04/28 13:10, 132.000000, 132.000000, 132.000000, 132.000000, 14
2020/04/28 13:11, 132.000000, 132.000000, 132.000000, 132.000000, 11
2020/04/28 13:12, 132.000000, 132.000000, 132.000000, 132.000000, 10
2020/04/28 13:13, 132.000000, 132.000000, 131.500000, 131.500000, 46
2020/04/28 13:14, 131.500000, 132.000000, 131.500000, 132.000000, 17
2020/04/28 13:15, 131.500000, 132.500000, 131.500000, 132.000000, 30
2020/04/28 13:16, 131.500000, 132.000000, 131.500000, 131.500000, 13
2020/04/28 13:17, 132.000000, 132.000000, 131.500000, 131.500000, 4
2020/04/28 13:18, 132.000000, 132.000000, 132.000000, 132.000000, 9
2020/04/28 13:19, 132.000000, 132.000000, 131.500000, 132.000000, 15
2020/04/28 13:20, 131.500000, 132.000000, 131.500000, 132.000000, 5
2020/04/28 13:21, 131.500000, 132.000000, 131.500000, 131.500000, 5
2020/04/28 13:22, 131.500000, 132.000000, 131.500000, 132.000000, 3
2020/04/28 13:23, 132.000000, 132.000000, 131.500000, 131.500000, 11
2020/04/28 13:24, 132.000000, 132.000000, 131.500000, 131.500000, 10
2020/04/28 13:25, 131.500000, 131.500000, 131.500000, 131.500000, 29
2020/04/28 13:26, 131.500000, 131.500000, 131.500000, 131.500000, 0
2020/04/28 13:27, 131.500000, 131.500000, 131.500000, 131.500000, 0
2020/04/28 13:28, 131.500000, 131.500000, 131.500000, 131.500000, 0
2020/04/28 13:29, 131.500000, 131.500000, 131.500000, 131.500000, 0
2020/04/28 13:30, 131.500000, 131.500000, 131.500000, 131.500000, 233
2020/04/29 09:01, 132.500000, 132.500000, 132.000000, 132.500000, 35
2020/04/29 09:02, 132.000000, 132.500000, 132.000000, 132.500000, 17
2020/04/29 09:03, 132.500000, 132.500000, 132.000000, 132.000000, 48
2020/04/29 09:04, 132.000000, 132.000000, 132.000000, 132.000000, 8
2020/04/29 09:05, 132.000000, 132.500000, 132.000000, 132.500000, 5
2020/04/29 09:06, 132.000000, 132.500000, 132.000000, 132.000000, 8
2020/04/29 09:07, 132.000000, 132.500000, 132.000000, 132.500000, 2
2020/04/29 09:08, 132.500000, 132.500000, 131.500000, 131.500000, 23
2020/04/29 09:09, 131.500000, 132.000000, 131.500000, 131.500000, 83
2020/04/29 09:10, 131.500000, 131.500000, 131.500000, 131.500000, 25
2020/04/29 09:11, 131.500000, 131.500000, 131.000000, 131.500000, 13
2020/04/29 09:12, 131.500000, 131.500000, 131.500000, 131.500000, 21
2020/04/29 09:13, 131.500000, 132.000000, 131.500000, 131.500000, 17
2020/04/29 09:14, 132.000000, 132.000000, 131.500000, 131.500000, 22
2020/04/29 09:15, 131.500000, 132.000000, 131.500000, 132.000000, 10
2020/04/29 09:16, 132.000000, 132.500000, 132.000000, 132.000000, 12
2020/04/29 09:17, 132.000000, 132.000000, 132.000000, 132.000000, 2
2020/04/29 09:18, 132.000000, 132.000000, 132.000000, 132.000000, 12
2020/04/29 09:19, 132.000000, 132.000000, 132.000000, 132.000000, 5
2020/04/29 09:20, 132.000000, 132.000000, 132.000000, 132.000000, 2
2020/04/29 09:21, 131.500000, 131.500000, 131.500000, 131.500000, 2
2020/04/29 09:22, 131.500000, 132.000000, 131.500000, 131.500000, 19
2020/04/29 09:23, 131.500000, 131.500000, 131.500000, 131.500000, 3
2020/04/29 09:24, 131.500000, 131.500000, 131.500000, 131.500000, 1
2020/04/29 09:25, 131.500000, 132.000000, 131.500000, 132.000000, 2
2020/04/29 09:26, 131.500000, 132.000000, 131.500000, 132.000000, 3
2020/04/29 09:27, 132.000000, 132.000000, 131.500000, 131.500000, 24
2020/04/29 09:28, 131.500000, 131.500000, 131.500000, 131.500000, 8
2020/04/29 09:29, 131.500000, 132.000000, 131.500000, 131.500000, 16
2020/04/29 09:30, 131.500000, 131.500000, 131.500000, 131.500000, 1
2020/04/29 09:31, 132.000000, 132.000000, 132.000000, 132.000000, 2
2020/04/29 09:32, 132.000000, 132.000000, 132.000000, 132.000000, 14
2020/04/29 09:33, 132.000000, 132.000000, 132.000000, 132.000000, 7
2020/04/29 09:34, 132.000000, 132.500000, 132.000000, 132.000000, 5
2020/04/29 09:35, 132.000000, 132.000000, 132.000000, 132.000000, 1
2020/04/29 09:36, 132.000000, 132.000000, 132.000000, 132.000000, 0
2020/04/29 09:37, 132.000000, 132.500000, 132.000000, 132.000000, 11
2020/04/29 09:38, 132.000000, 132.000000, 132.000000, 132.000000, 7
2020/04/29 09:39, 132.000000, 132.000000, 132.000000, 132.000000, 7
2020/04/29 09:40, 132.000000, 132.000000, 132.000000, 132.000000, 0
2020/04/29 09:41, 132.000000, 132.000000, 132.000000, 132.000000, 2
2020/04/29 09:42, 132.000000, 132.000000, 132.000000, 132.000000, 0
2020/04/29 09:43, 132.000000, 132.000000, 132.000000, 132.000000, 2
2020/04/29 09:44, 132.000000, 132.000000, 132.000000, 132.000000, 1
2020/04/29 09:45, 132.000000, 132.000000, 132.000000, 132.000000, 1
2020/04/29 09:46, 132.000000, 132.000000, 132.000000, 132.000000, 3
2020/04/29 09:47, 132.000000, 132.000000, 132.000000, 132.000000, 2
2020/04/29 09:48, 132.000000, 132.000000, 132.000000, 132.000000, 1
2020/04/29 09:49, 132.000000, 132.500000, 132.000000, 132.500000, 3
2020/04/29 09:50, 132.500000, 132.500000, 132.500000, 132.500000, 2
2020/04/29 09:51, 132.500000, 132.500000, 132.000000, 132.000000, 6
2020/04/29 09:52, 132.000000, 132.000000, 132.000000, 132.000000, 16
2020/04/29 09:53, 132.000000, 132.000000, 132.000000, 132.000000, 0
2020/04/29 09:54, 132.000000, 132.000000, 132.000000, 132.000000, 0
2020/04/29 09:55, 132.000000, 132.000000, 132.000000, 132.000000, 0
2020/04/29 09:56, 132.000000, 132.000000, 132.000000, 132.000000, 1
2020/04/29 09:57, 132.000000, 132.000000, 132.000000, 132.000000, 1
2020/04/29 09:58, 132.000000, 132.000000, 132.000000, 132.000000, 0
2020/04/29 09:59, 132.000000, 132.000000, 132.000000, 132.000000, 3
2020/04/29 10:00, 131.500000, 131.500000, 131.500000, 131.500000, 2
2020/04/29 10:01, 131.500000, 131.500000, 131.500000, 131.500000, 4
2020/04/29 10:02, 131.500000, 131.500000, 131.500000, 131.500000, 2
2020/04/29 10:03, 131.500000, 132.000000, 131.500000, 132.000000, 3
2020/04/29 10:04, 131.500000, 132.000000, 131.500000, 132.000000, 2
2020/04/29 10:05, 132.000000, 132.000000, 132.000000, 132.000000, 2
2020/04/29 10:06, 131.500000, 132.000000, 131.500000, 132.000000, 4
2020/04/29 10:07, 132.000000, 132.000000, 132.000000, 132.000000, 2
2020/04/29 10:08, 132.000000, 132.000000, 132.000000, 132.000000, 38
2020/04/29 10:09, 132.000000, 132.000000, 132.000000, 132.000000, 0
2020/04/29 10:10, 132.000000, 132.000000, 132.000000, 132.000000, 1
2020/04/29 10:11, 132.000000, 132.000000, 132.000000, 132.000000, 0
2020/04/29 10:12, 132.000000, 132.000000, 132.000000, 132.000000, 0
2020/04/29 10:13, 132.000000, 132.000000, 132.000000, 132.000000, 2
2020/04/29 10:14, 132.000000, 132.000000, 132.000000, 132.000000, 2
2020/04/29 10:15, 132.000000, 133.000000, 132.000000, 133.000000, 67
2020/04/29 10:16, 133.000000, 133.500000, 133.000000, 133.000000, 67
2020/04/29 10:17, 133.500000, 133.500000, 133.000000, 133.000000, 14
2020/04/29 10:18, 133.500000, 133.500000, 133.500000, 133.500000, 74
2020/04/29 10:19, 133.500000, 133.500000, 133.500000, 133.500000, 10
2020/04/29 10:20, 133.500000, 133.500000, 133.000000, 133.500000, 46
2020/04/29 10:21, 133.500000, 133.500000, 133.500000, 133.500000, 4
2020/04/29 10:22, 133.500000, 133.500000, 133.500000, 133.500000, 14
2020/04/29 10:23, 133.500000, 133.500000, 133.500000, 133.500000, 10
2020/04/29 10:24, 133.500000, 133.500000, 133.500000, 133.500000, 21
2020/04/29 10:25, 133.500000, 133.500000, 133.500000, 133.500000, 4
2020/04/29 10:26, 133.500000, 133.500000, 133.500000, 133.500000, 9
2020/04/29 10:27, 133.000000, 133.500000, 133.000000, 133.500000, 2
2020/04/29 10:28, 133.500000, 133.500000, 133.500000, 133.500000, 0
2020/04/29 10:29, 133.500000, 133.500000, 133.500000, 133.500000, 0
2020/04/29 10:30, 133.000000, 133.000000, 133.000000, 133.000000, 7
2020/04/29 10:31, 133.000000, 133.000000, 133.000000, 133.000000, 14
2020/04/29 10:32, 133.000000, 133.000000, 133.000000, 133.000000, 2
2020/04/29 10:33, 133.000000, 133.000000, 133.000000, 133.000000, 3
2020/04/29 10:34, 133.000000, 133.000000, 133.000000, 133.000000, 4
2020/04/29 10:35, 133.000000, 133.000000, 133.000000, 133.000000, 0
2020/04/29 10:36, 133.000000, 133.000000, 133.000000, 133.000000, 5
2020/04/29 10:37, 133.000000, 133.000000, 133.000000, 133.000000, 1
2020/04/29 10:38, 133.000000, 133.000000, 133.000000, 133.000000, 0
2020/04/29 10:39, 133.000000, 133.000000, 133.000000, 133.000000, 2
2020/04/29 10:40, 133.000000, 133.000000, 133.000000, 133.000000, 1
2020/04/29 10:41, 132.500000, 133.000000, 132.500000, 133.000000, 3
2020/04/29 10:42, 133.000000, 133.000000, 133.000000, 133.000000, 2
2020/04/29 10:43, 133.000000, 133.000000, 133.000000, 133.000000, 0
2020/04/29 10:44, 133.000000, 133.000000, 132.500000, 132.500000, 3
2020/04/29 10:45, 133.000000, 133.000000, 133.000000, 133.000000, 1
2020/04/29 10:46, 132.500000, 132.500000, 132.500000, 132.500000, 1
2020/04/29 10:47, 132.500000, 132.500000, 132.500000, 132.500000, 1
2020/04/29 10:48, 132.500000, 132.500000, 132.500000, 132.500000, 1
2020/04/29 10:49, 133.000000, 133.000000, 133.000000, 133.000000, 2
2020/04/29 10:50, 133.000000, 133.000000, 133.000000, 133.000000, 0
2020/04/29 10:51, 133.000000, 133.000000, 133.000000, 133.000000, 0
2020/04/29 10:52, 133.000000, 133.000000, 133.000000, 133.000000, 1
2020/04/29 10:53, 133.000000, 133.000000, 133.000000, 133.000000, 0
2020/04/29 10:54, 133.000000, 133.000000, 133.000000, 133.000000, 1
2020/04/29 10:55, 133.000000, 133.000000, 133.000000, 133.000000, 2
2020/04/29 10:56, 133.000000, 133.000000, 133.000000, 133.000000, 0
2020/04/29 10:57, 133.000000, 133.000000, 133.000000, 133.000000, 0
2020/04/29 10:58, 133.000000, 133.000000, 133.000000, 133.000000, 33
2020/04/29 10:59, 133.000000, 133.000000, 133.000000, 133.000000, 0
2020/04/29 11:00, 133.000000, 133.000000, 133.000000, 133.000000, 11
2020/04/29 11:01, 133.000000, 133.000000, 133.000000, 133.000000, 0
2020/04/29 11:02, 133.000000, 133.000000, 133.000000, 133.000000, 0
2020/04/29 11:03, 133.000000, 133.000000, 133.000000, 133.000000, 0
2020/04/29 11:04, 133.000000, 133.000000, 133.000000, 133.000000, 2
2020/04/29 11:05, 133.000000, 133.000000, 133.000000, 133.000000, 0
2020/04/29 11:06, 133.000000, 133.000000, 133.000000, 133.000000, 5
2020/04/29 11:07, 133.000000, 133.000000, 133.000000, 133.000000, 6
2020/04/29 11:08, 133.000000, 133.000000, 133.000000, 133.000000, 1
2020/04/29 11:09, 133.000000, 133.000000, 133.000000, 133.000000, 2
2020/04/29 11:10, 133.000000, 133.000000, 133.000000, 133.000000, 0
2020/04/29 11:11, 133.000000, 133.000000, 133.000000, 133.000000, 0
2020/04/29 11:12, 133.000000, 133.000000, 133.000000, 133.000000, 0
2020/04/29 11:13, 132.500000, 133.000000, 132.500000, 133.000000, 3
2020/04/29 11:14, 133.000000, 133.000000, 133.000000, 133.000000, 1
2020/04/29 11:15, 133.000000, 133.000000, 133.000000, 133.000000, 0
2020/04/29 11:16, 133.000000, 133.000000, 133.000000, 133.000000, 0
2020/04/29 11:17, 133.000000, 133.000000, 133.000000, 133.000000, 0
2020/04/29 11:18, 133.000000, 133.000000, 133.000000, 133.000000, 2
2020/04/29 11:19, 133.000000, 133.000000, 133.000000, 133.000000, 0
2020/04/29 11:20, 133.000000, 133.000000, 133.000000, 133.000000, 11
2020/04/29 11:21, 133.000000, 133.000000, 133.000000, 133.000000, 0
2020/04/29 11:22, 133.000000, 133.000000, 133.000000, 133.000000, 0
2020/04/29 11:23, 133.000000, 133.000000, 133.000000, 133.000000, 8
2020/04/29 11:24, 133.000000, 133.000000, 133.000000, 133.000000, 1
2020/04/29 11:25, 133.000000, 133.000000, 133.000000, 133.000000, 1
2020/04/29 11:26, 133.000000, 133.000000, 133.000000, 133.000000, 0
2020/04/29 11:27, 133.000000, 133.000000, 133.000000, 133.000000, 1
2020/04/29 11:28, 133.000000, 133.000000, 133.000000, 133.000000, 10
2020/04/29 11:29, 133.000000, 133.000000, 133.000000, 133.000000, 1
2020/04/29 11:30, 133.000000, 133.000000, 133.000000, 133.000000, 0
2020/04/29 11:31, 133.000000, 133.000000, 133.000000, 133.000000, 1
2020/04/29 11:32, 133.000000, 133.000000, 133.000000, 133.000000, 1
2020/04/29 11:33, 133.000000, 133.000000, 133.000000, 133.000000, 0
2020/04/29 11:34, 133.000000, 133.000000, 133.000000, 133.000000, 1
2020/04/29 11:35, 132.500000, 132.500000, 132.500000, 132.500000, 21
2020/04/29 11:36, 133.000000, 133.000000, 132.500000, 132.500000, 6
2020/04/29 11:37, 132.500000, 132.500000, 132.500000, 132.500000, 2
2020/04/29 11:38, 132.500000, 132.500000, 132.500000, 132.500000, 1
2020/04/29 11:39, 132.500000, 132.500000, 132.500000, 132.500000, 0
2020/04/29 11:40, 133.000000, 133.000000, 133.000000, 133.000000, 1
2020/04/29 11:41, 132.500000, 132.500000, 132.500000, 132.500000, 1
2020/04/29 11:42, 132.500000, 132.500000, 132.500000, 132.500000, 2
2020/04/29 11:43, 132.500000, 132.500000, 132.500000, 132.500000, 4
2020/04/29 11:44, 132.500000, 132.500000, 132.500000, 132.500000, 3
2020/04/29 11:45, 132.500000, 132.500000, 132.500000, 132.500000, 3
2020/04/29 11:46, 132.500000, 132.500000, 132.500000, 132.500000, 7
2020/04/29 11:47, 132.500000, 132.500000, 132.000000, 132.000000, 8
2020/04/29 11:48, 132.500000, 132.500000, 132.500000, 132.500000, 2
2020/04/29 11:49, 132.500000, 132.500000, 132.500000, 132.500000, 1
2020/04/29 11:50, 132.500000, 132.500000, 132.500000, 132.500000, 1
2020/04/29 11:51, 132.500000, 132.500000, 132.500000, 132.500000, 13
2020/04/29 11:52, 132.500000, 132.500000, 132.500000, 132.500000, 8
2020/04/29 11:53, 132.500000, 132.500000, 132.500000, 132.500000, 0
2020/04/29 11:54, 132.500000, 132.500000, 132.500000, 132.500000, 0
2020/04/29 11:55, 132.500000, 132.500000, 132.500000, 132.500000, 1
2020/04/29 11:56, 132.500000, 132.500000, 132.500000, 132.500000, 0
2020/04/29 11:57, 132.500000, 132.500000, 132.500000, 132.500000, 0
2020/04/29 11:58, 132.500000, 132.500000, 132.500000, 132.500000, 1
2020/04/29 11:59, 132.000000, 132.000000, 132.000000, 132.000000, 4
2020/04/29 12:00, 132.000000, 132.000000, 132.000000, 132.000000, 1
2020/04/29 12:01, 132.000000, 132.000000, 132.000000, 132.000000, 0
2020/04/29 12:02, 132.500000, 132.500000, 132.000000, 132.000000, 9
2020/04/29 12:03, 132.000000, 132.000000, 132.000000, 132.000000, 0
2020/04/29 12:04, 132.500000, 132.500000, 132.500000, 132.500000, 10
2020/04/29 12:05, 132.500000, 132.500000, 132.500000, 132.500000, 10
2020/04/29 12:06, 132.500000, 132.500000, 132.500000, 132.500000, 0
2020/04/29 12:07, 132.500000, 132.500000, 132.500000, 132.500000, 1
2020/04/29 12:08, 132.500000, 132.500000, 132.500000, 132.500000, 3
2020/04/29 12:09, 132.500000, 132.500000, 132.500000, 132.500000, 0
2020/04/29 12:10, 132.500000, 132.500000, 132.500000, 132.500000, 2
2020/04/29 12:11, 132.000000, 132.000000, 132.000000, 132.000000, 1
2020/04/29 12:12, 132.000000, 132.000000, 132.000000, 132.000000, 5
2020/04/29 12:13, 132.500000, 132.500000, 132.500000, 132.500000, 2
2020/04/29 12:14, 132.500000, 132.500000, 132.500000, 132.500000, 2
2020/04/29 12:15, 132.500000, 132.500000, 132.000000, 132.000000, 2
2020/04/29 12:16, 132.500000, 132.500000, 132.500000, 132.500000, 1
2020/04/29 12:17, 132.500000, 132.500000, 132.500000, 132.500000, 0
2020/04/29 12:18, 132.500000, 132.500000, 132.500000, 132.500000, 0
2020/04/29 12:19, 132.500000, 132.500000, 132.000000, 132.000000, 2
2020/04/29 12:20, 132.500000, 132.500000, 132.500000, 132.500000, 2
2020/04/29 12:21, 132.000000, 132.000000, 132.000000, 132.000000, 2
2020/04/29 12:22, 132.000000, 132.000000, 132.000000, 132.000000, 0
2020/04/29 12:23, 132.000000, 132.000000, 132.000000, 132.000000, 0
2020/04/29 12:24, 132.000000, 132.000000, 132.000000, 132.000000, 1
2020/04/29 12:25, 132.000000, 132.000000, 132.000000, 132.000000, 14
2020/04/29 12:26, 132.000000, 132.000000, 132.000000, 132.000000, 8
2020/04/29 12:27, 132.000000, 132.000000, 132.000000, 132.000000, 15
2020/04/29 12:28, 132.000000, 132.000000, 132.000000, 132.000000, 5
2020/04/29 12:29, 132.000000, 132.000000, 132.000000, 132.000000, 1
2020/04/29 12:30, 132.000000, 132.500000, 132.000000, 132.500000, 6
2020/04/29 12:31, 132.500000, 132.500000, 132.500000, 132.500000, 1
2020/04/29 12:32, 132.500000, 132.500000, 132.500000, 132.500000, 2
2020/04/29 12:33, 132.500000, 132.500000, 132.500000, 132.500000, 0
2020/04/29 12:34, 132.000000, 132.000000, 132.000000, 132.000000, 2
2020/04/29 12:35, 132.000000, 132.000000, 132.000000, 132.000000, 0
2020/04/29 12:36, 132.000000, 132.000000, 132.000000, 132.000000, 1
2020/04/29 12:37, 132.000000, 132.000000, 132.000000, 132.000000, 0
2020/04/29 12:38, 132.000000, 132.500000, 132.000000, 132.500000, 3
2020/04/29 12:39, 132.500000, 132.500000, 132.500000, 132.500000, 2
2020/04/29 12:40, 132.500000, 132.500000, 132.500000, 132.500000, 1
2020/04/29 12:41, 132.500000, 132.500000, 132.500000, 132.500000, 2
2020/04/29 12:42, 132.500000, 132.500000, 132.500000, 132.500000, 1
2020/04/29 12:43, 132.500000, 132.500000, 132.500000, 132.500000, 10
2020/04/29 12:44, 132.500000, 132.500000, 132.500000, 132.500000, 27
2020/04/29 12:45, 132.500000, 132.500000, 132.500000, 132.500000, 0
2020/04/29 12:46, 132.500000, 132.500000, 132.500000, 132.500000, 1
2020/04/29 12:47, 133.000000, 133.000000, 132.500000, 132.500000, 2
2020/04/29 12:48, 132.500000, 132.500000, 132.500000, 132.500000, 1
2020/04/29 12:49, 132.500000, 132.500000, 132.500000, 132.500000, 1
2020/04/29 12:50, 132.500000, 132.500000, 132.500000, 132.500000, 1
2020/04/29 12:51, 132.500000, 132.500000, 132.500000, 132.500000, 14
2020/04/29 12:52, 132.500000, 132.500000, 132.500000, 132.500000, 16
2020/04/29 12:53, 132.500000, 132.500000, 132.500000, 132.500000, 1
2020/04/29 12:54, 132.000000, 132.000000, 132.000000, 132.000000, 1
2020/04/29 12:55, 132.500000, 132.500000, 132.500000, 132.500000, 3
2020/04/29 12:56, 132.500000, 132.500000, 132.500000, 132.500000, 0
2020/04/29 12:57, 132.500000, 132.500000, 132.500000, 132.500000, 1
2020/04/29 12:58, 132.500000, 132.500000, 132.500000, 132.500000, 1
2020/04/29 12:59, 132.500000, 132.500000, 132.500000, 132.500000, 3
2020/04/29 13:00, 132.500000, 132.500000, 132.500000, 132.500000, 3
2020/04/29 13:01, 132.500000, 132.500000, 132.500000, 132.500000, 0
2020/04/29 13:02, 132.500000, 133.000000, 132.500000, 133.000000, 6
2020/04/29 13:03, 132.500000, 132.500000, 132.500000, 132.500000, 2
2020/04/29 13:04, 132.500000, 132.500000, 132.500000, 132.500000, 2
2020/04/29 13:05, 132.500000, 132.500000, 132.500000, 132.500000, 0
2020/04/29 13:06, 132.500000, 132.500000, 132.500000, 132.500000, 0
2020/04/29 13:07, 133.000000, 133.000000, 132.500000, 132.500000, 4
2020/04/29 13:08, 132.500000, 132.500000, 132.500000, 132.500000, 6
2020/04/29 13:09, 133.000000, 133.000000, 133.000000, 133.000000, 2
2020/04/29 13:10, 133.000000, 133.000000, 132.500000, 132.500000, 5
2020/04/29 13:11, 132.500000, 132.500000, 132.500000, 132.500000, 0
2020/04/29 13:12, 133.000000, 133.000000, 132.500000, 132.500000, 2
2020/04/29 13:13, 132.500000, 132.500000, 132.500000, 132.500000, 15
2020/04/29 13:14, 133.000000, 133.000000, 132.500000, 132.500000, 2
2020/04/29 13:15, 132.500000, 132.500000, 132.500000, 132.500000, 13
2020/04/29 13:16, 132.500000, 132.500000, 132.500000, 132.500000, 10
2020/04/29 13:17, 132.500000, 133.000000, 132.500000, 132.500000, 5
2020/04/29 13:18, 132.500000, 132.500000, 132.000000, 132.500000, 8
2020/04/29 13:19, 132.500000, 133.000000, 132.500000, 132.500000, 12
2020/04/29 13:20, 132.500000, 132.500000, 132.500000, 132.500000, 11
2020/04/29 13:21, 132.500000, 133.000000, 132.500000, 132.500000, 17
2020/04/29 13:22, 132.500000, 133.000000, 132.500000, 133.000000, 15
2020/04/29 13:23, 133.000000, 133.000000, 132.500000, 132.500000, 3
2020/04/29 13:24, 132.500000, 132.500000, 132.500000, 132.500000, 2
2020/04/29 13:25, 132.500000, 133.000000, 132.500000, 132.500000, 10
2020/04/29 13:26, 132.500000, 132.500000, 132.500000, 132.500000, 0
2020/04/29 13:27, 132.500000, 132.500000, 132.500000, 132.500000, 0
2020/04/29 13:28, 132.500000, 132.500000, 132.500000, 132.500000, 0
2020/04/29 13:29, 132.500000, 132.500000, 132.500000, 132.500000, 0
2020/04/29 13:30, 132.500000, 132.500000, 132.500000, 132.500000, 86
2020/04/30 09:01, 136.000000, 137.500000, 135.500000, 137.500000, 348
2020/04/30 09:02, 137.000000, 138.000000, 137.000000, 137.000000, 173
2020/04/30 09:03, 137.000000, 137.000000, 136.000000, 137.000000, 104
2020/04/30 09:04, 137.000000, 137.500000, 136.500000, 137.000000, 73
2020/04/30 09:05, 137.000000, 137.000000, 136.500000, 137.000000, 42
2020/04/30 09:06, 137.000000, 137.000000, 136.500000, 137.000000, 28
2020/04/30 09:07, 137.000000, 137.000000, 136.000000, 136.500000, 87
2020/04/30 09:08, 136.500000, 136.500000, 136.000000, 136.000000, 39
2020/04/30 09:09, 136.500000, 137.000000, 136.500000, 136.500000, 18
2020/04/30 09:10, 136.500000, 137.000000, 136.500000, 136.500000, 16
2020/04/30 09:11, 136.500000, 136.500000, 136.000000, 136.500000, 37
2020/04/30 09:12, 136.500000, 136.500000, 135.500000, 135.500000, 101
2020/04/30 09:13, 135.500000, 136.000000, 135.000000, 135.000000, 71
2020/04/30 09:14, 135.500000, 135.500000, 135.500000, 135.500000, 13
2020/04/30 09:15, 135.500000, 136.000000, 135.000000, 135.500000, 19
2020/04/30 09:16, 135.500000, 135.500000, 135.000000, 135.000000, 58
2020/04/30 09:17, 135.500000, 135.500000, 135.000000, 135.500000, 28
2020/04/30 09:18, 135.500000, 135.500000, 134.500000, 134.500000, 48
2020/04/30 09:19, 134.500000, 135.000000, 134.500000, 135.000000, 19
2020/04/30 09:20, 134.500000, 135.000000, 134.500000, 134.500000, 21
2020/04/30 09:21, 135.000000, 135.000000, 134.000000, 134.000000, 61
2020/04/30 09:22, 134.000000, 134.500000, 133.500000, 134.500000, 54
2020/04/30 09:23, 134.500000, 134.500000, 134.000000, 134.000000, 47
2020/04/30 09:24, 134.500000, 135.000000, 134.000000, 134.500000, 25
2020/04/30 09:25, 134.000000, 134.500000, 134.000000, 134.000000, 7
2020/04/30 09:26, 134.500000, 134.500000, 134.000000, 134.000000, 8
2020/04/30 09:27, 134.500000, 135.000000, 134.500000, 134.500000, 14
2020/04/30 09:28, 135.000000, 135.000000, 134.500000, 135.000000, 17
2020/04/30 09:29, 135.000000, 135.500000, 135.000000, 135.500000, 9
2020/04/30 09:30, 135.000000, 135.500000, 135.000000, 135.500000, 3
2020/04/30 09:31, 135.500000, 135.500000, 135.000000, 135.000000, 2
2020/04/30 09:32, 135.000000, 135.500000, 134.500000, 135.000000, 40
2020/04/30 09:33, 135.000000, 135.000000, 135.000000, 135.000000, 1
2020/04/30 09:34, 134.500000, 134.500000, 134.500000, 134.500000, 7
2020/04/30 09:35, 134.500000, 134.500000, 134.500000, 134.500000, 1
2020/04/30 09:36, 134.500000, 134.500000, 134.500000, 134.500000, 0
2020/04/30 09:37, 135.000000, 135.000000, 134.500000, 134.500000, 7
2020/04/30 09:38, 134.500000, 135.000000, 134.500000, 135.000000, 8
2020/04/30 09:39, 135.000000, 135.000000, 134.500000, 134.500000, 17
2020/04/30 09:40, 134.500000, 134.500000, 134.500000, 134.500000, 5
2020/04/30 09:41, 134.500000, 135.000000, 134.500000, 135.000000, 22
2020/04/30 09:42, 135.000000, 135.000000, 135.000000, 135.000000, 4
2020/04/30 09:43, 135.000000, 135.000000, 135.000000, 135.000000, 11
2020/04/30 09:44, 135.000000, 135.000000, 134.500000, 135.000000, 19
2020/04/30 09:45, 134.500000, 134.500000, 134.000000, 134.000000, 37
2020/04/30 09:46, 134.500000, 134.500000, 134.500000, 134.500000, 1
2020/04/30 09:47, 134.500000, 134.500000, 134.500000, 134.500000, 7
2020/04/30 09:48, 134.500000, 134.500000, 134.500000, 134.500000, 10
2020/04/30 09:49, 134.500000, 134.500000, 134.500000, 134.500000, 6
2020/04/30 09:50, 134.500000, 135.000000, 134.500000, 134.500000, 7
2020/04/30 09:51, 134.500000, 134.500000, 134.500000, 134.500000, 0
2020/04/30 09:52, 134.500000, 135.000000, 134.500000, 135.000000, 2
2020/04/30 09:53, 135.000000, 135.000000, 134.500000, 134.500000, 11
2020/04/30 09:54, 134.500000, 134.500000, 134.500000, 134.500000, 0
2020/04/30 09:55, 135.000000, 135.000000, 135.000000, 135.000000, 5
2020/04/30 09:56, 135.000000, 135.000000, 135.000000, 135.000000, 7
2020/04/30 09:57, 135.000000, 135.000000, 135.000000, 135.000000, 12
2020/04/30 09:58, 135.000000, 135.000000, 135.000000, 135.000000, 3
2020/04/30 09:59, 135.000000, 135.000000, 135.000000, 135.000000, 7
2020/04/30 10:00, 135.000000, 135.000000, 135.000000, 135.000000, 2
2020/04/30 10:01, 135.000000, 135.000000, 135.000000, 135.000000, 12
2020/04/30 10:02, 135.000000, 135.000000, 135.000000, 135.000000, 2
2020/04/30 10:03, 135.000000, 135.000000, 135.000000, 135.000000, 5
2020/04/30 10:04, 135.000000, 135.000000, 135.000000, 135.000000, 4
2020/04/30 10:05, 135.000000, 135.000000, 134.500000, 135.000000, 17
2020/04/30 10:06, 134.500000, 135.000000, 134.500000, 135.000000, 4
2020/04/30 10:07, 135.000000, 135.000000, 135.000000, 135.000000, 5
2020/04/30 10:08, 135.000000, 135.000000, 135.000000, 135.000000, 8
2020/04/30 10:09, 134.500000, 134.500000, 134.500000, 134.500000, 2
2020/04/30 10:10, 135.000000, 135.000000, 135.000000, 135.000000, 2
2020/04/30 10:11, 135.000000, 135.000000, 135.000000, 135.000000, 3
2020/04/30 10:12, 135.000000, 135.000000, 135.000000, 135.000000, 1
2020/04/30 10:13, 135.000000, 135.000000, 135.000000, 135.000000, 1
2020/04/30 10:14, 135.000000, 135.000000, 134.500000, 134.500000, 7
2020/04/30 10:15, 135.000000, 135.000000, 135.000000, 135.000000, 6
2020/04/30 10:16, 135.000000, 135.000000, 135.000000, 135.000000, 4
2020/04/30 10:17, 135.000000, 135.000000, 135.000000, 135.000000, 1
2020/04/30 10:18, 135.000000, 135.000000, 135.000000, 135.000000, 7
2020/04/30 10:19, 135.000000, 135.000000, 135.000000, 135.000000, 5
2020/04/30 10:20, 135.000000, 135.000000, 135.000000, 135.000000, 3
2020/04/30 10:21, 135.000000, 135.000000, 135.000000, 135.000000, 1
2020/04/30 10:22, 135.000000, 135.000000, 135.000000, 135.000000, 4
2020/04/30 10:23, 135.000000, 135.000000, 135.000000, 135.000000, 10
2020/04/30 10:24, 135.000000, 135.000000, 135.000000, 135.000000, 3
2020/04/30 10:25, 135.000000, 135.000000, 135.000000, 135.000000, 6
2020/04/30 10:26, 135.000000, 135.000000, 135.000000, 135.000000, 4
2020/04/30 10:27, 135.000000, 135.000000, 135.000000, 135.000000, 3
2020/04/30 10:28, 135.500000, 135.500000, 135.500000, 135.500000, 1
2020/04/30 10:29, 135.500000, 135.500000, 135.500000, 135.500000, 2
2020/04/30 10:30, 135.500000, 135.500000, 135.500000, 135.500000, 0
2020/04/30 10:31, 135.000000, 135.000000, 135.000000, 135.000000, 6
2020/04/30 10:32, 135.000000, 135.500000, 135.000000, 135.500000, 9
2020/04/30 10:33, 135.000000, 135.500000, 135.000000, 135.500000, 25
2020/04/30 10:34, 135.000000, 135.000000, 134.500000, 134.500000, 2
2020/04/30 10:35, 134.500000, 134.500000, 134.500000, 134.500000, 0
2020/04/30 10:36, 135.000000, 135.000000, 135.000000, 135.000000, 2
2020/04/30 10:37, 135.000000, 135.000000, 135.000000, 135.000000, 1
2020/04/30 10:38, 135.000000, 135.000000, 135.000000, 135.000000, 0
2020/04/30 10:39, 135.000000, 135.000000, 135.000000, 135.000000, 2
2020/04/30 10:40, 134.500000, 134.500000, 134.500000, 134.500000, 1
2020/04/30 10:41, 135.000000, 135.000000, 135.000000, 135.000000, 12
2020/04/30 10:42, 135.000000, 135.000000, 135.000000, 135.000000, 7
2020/04/30 10:43, 135.000000, 135.000000, 135.000000, 135.000000, 1
2020/04/30 10:44, 135.000000, 135.000000, 135.000000, 135.000000, 17
2020/04/30 10:45, 135.000000, 135.000000, 135.000000, 135.000000, 4
2020/04/30 10:46, 135.000000, 135.000000, 135.000000, 135.000000, 0
2020/04/30 10:47, 135.000000, 135.000000, 134.500000, 134.500000, 4
2020/04/30 10:48, 134.500000, 134.500000, 134.500000, 134.500000, 1
2020/04/30 10:49, 134.500000, 134.500000, 134.500000, 134.500000, 0
2020/04/30 10:50, 134.500000, 134.500000, 134.500000, 134.500000, 0
2020/04/30 10:51, 134.500000, 134.500000, 134.500000, 134.500000, 0
2020/04/30 10:52, 134.500000, 134.500000, 134.500000, 134.500000, 10
2020/04/30 10:53, 134.500000, 134.500000, 134.500000, 134.500000, 1
2020/04/30 10:54, 134.500000, 134.500000, 134.500000, 134.500000, 2
2020/04/30 10:55, 134.500000, 134.500000, 134.500000, 134.500000, 2
2020/04/30 10:56, 134.500000, 134.500000, 134.500000, 134.500000, 1
2020/04/30 10:57, 134.500000, 134.500000, 134.500000, 134.500000, 1
2020/04/30 10:58, 134.500000, 134.500000, 134.500000, 134.500000, 1
2020/04/30 10:59, 134.500000, 134.500000, 134.500000, 134.500000, 2
2020/04/30 11:00, 134.500000, 134.500000, 134.500000, 134.500000, 2
2020/04/30 11:01, 134.500000, 134.500000, 134.500000, 134.500000, 8
2020/04/30 11:02, 134.500000, 134.500000, 134.500000, 134.500000, 24
2020/04/30 11:03, 134.500000, 134.500000, 134.500000, 134.500000, 1
2020/04/30 11:04, 134.500000, 134.500000, 134.500000, 134.500000, 1
2020/04/30 11:05, 134.500000, 134.500000, 134.500000, 134.500000, 2
2020/04/30 11:06, 134.500000, 134.500000, 134.500000, 134.500000, 1
2020/04/30 11:07, 134.500000, 134.500000, 134.000000, 134.000000, 4
2020/04/30 11:08, 134.000000, 134.000000, 134.000000, 134.000000, 3
2020/04/30 11:09, 134.500000, 134.500000, 134.500000, 134.500000, 1
2020/04/30 11:10, 134.500000, 134.500000, 134.500000, 134.500000, 1
2020/04/30 11:11, 134.500000, 134.500000, 134.500000, 134.500000, 4
2020/04/30 11:12, 134.500000, 134.500000, 134.500000, 134.500000, 0
2020/04/30 11:13, 134.000000, 134.000000, 134.000000, 134.000000, 1
2020/04/30 11:14, 134.500000, 134.500000, 134.500000, 134.500000, 1
2020/04/30 11:15, 134.000000, 134.000000, 134.000000, 134.000000, 1
2020/04/30 11:16, 134.000000, 134.000000, 134.000000, 134.000000, 2
2020/04/30 11:17, 134.000000, 134.000000, 134.000000, 134.000000, 0
2020/04/30 11:18, 134.000000, 134.000000, 134.000000, 134.000000, 27
2020/04/30 11:19, 134.000000, 134.000000, 134.000000, 134.000000, 53
2020/04/30 11:20, 134.500000, 134.500000, 134.000000, 134.000000, 29
2020/04/30 11:21, 134.000000, 134.000000, 133.500000, 133.500000, 6
2020/04/30 11:22, 133.500000, 134.000000, 133.500000, 134.000000, 3
2020/04/30 11:23, 134.000000, 134.000000, 134.000000, 134.000000, 11
2020/04/30 11:24, 134.000000, 134.000000, 134.000000, 134.000000, 3
2020/04/30 11:25, 134.000000, 134.000000, 134.000000, 134.000000, 2
2020/04/30 11:26, 134.000000, 134.000000, 134.000000, 134.000000, 0
2020/04/30 11:27, 134.000000, 134.000000, 134.000000, 134.000000, 0
2020/04/30 11:28, 134.000000, 134.000000, 134.000000, 134.000000, 2
2020/04/30 11:29, 134.000000, 134.000000, 133.500000, 133.500000, 5
2020/04/30 11:30, 133.500000, 133.500000, 133.500000, 133.500000, 0
2020/04/30 11:31, 134.000000, 134.500000, 134.000000, 134.500000, 12
2020/04/30 11:32, 134.500000, 134.500000, 134.500000, 134.500000, 0
2020/04/30 11:33, 134.500000, 134.500000, 134.500000, 134.500000, 1
2020/04/30 11:34, 134.500000, 134.500000, 134.500000, 134.500000, 0
2020/04/30 11:35, 134.000000, 134.000000, 134.000000, 134.000000, 2
2020/04/30 11:36, 134.500000, 134.500000, 134.500000, 134.500000, 1
2020/04/30 11:37, 134.500000, 134.500000, 134.500000, 134.500000, 10
2020/04/30 11:38, 134.000000, 134.000000, 134.000000, 134.000000, 4
2020/04/30 11:39, 134.000000, 134.000000, 134.000000, 134.000000, 0
2020/04/30 11:40, 134.000000, 134.000000, 134.000000, 134.000000, 0
2020/04/30 11:41, 134.000000, 134.000000, 134.000000, 134.000000, 0
2020/04/30 11:42, 134.000000, 134.000000, 134.000000, 134.000000, 1
2020/04/30 11:43, 134.000000, 134.000000, 134.000000, 134.000000, 1
2020/04/30 11:44, 134.000000, 134.000000, 134.000000, 134.000000, 0
2020/04/30 11:45, 134.000000, 134.000000, 134.000000, 134.000000, 2
2020/04/30 11:46, 134.000000, 134.000000, 134.000000, 134.000000, 2
2020/04/30 11:47, 134.000000, 134.000000, 134.000000, 134.000000, 14
2020/04/30 11:48, 134.000000, 134.000000, 134.000000, 134.000000, 12
2020/04/30 11:49, 134.000000, 134.000000, 134.000000, 134.000000, 1
2020/04/30 11:50, 134.000000, 134.000000, 134.000000, 134.000000, 5
2020/04/30 11:51, 134.500000, 134.500000, 134.000000, 134.000000, 3
2020/04/30 11:52, 134.000000, 134.000000, 134.000000, 134.000000, 1
2020/04/30 11:53, 134.000000, 134.500000, 134.000000, 134.500000, 4
2020/04/30 11:54, 134.500000, 134.500000, 134.500000, 134.500000, 3
2020/04/30 11:55, 134.000000, 134.000000, 134.000000, 134.000000, 1
2020/04/30 11:56, 134.000000, 134.000000, 134.000000, 134.000000, 1
2020/04/30 11:57, 134.000000, 134.000000, 134.000000, 134.000000, 1
2020/04/30 11:58, 134.000000, 134.000000, 134.000000, 134.000000, 4
2020/04/30 11:59, 134.000000, 134.000000, 134.000000, 134.000000, 10
2020/04/30 12:00, 134.000000, 134.500000, 134.000000, 134.500000, 2
2020/04/30 12:01, 134.500000, 134.500000, 134.500000, 134.500000, 0
2020/04/30 12:02, 134.500000, 134.500000, 134.500000, 134.500000, 1
2020/04/30 12:03, 134.500000, 134.500000, 134.500000, 134.500000, 0
2020/04/30 12:04, 134.500000, 134.500000, 134.500000, 134.500000, 0
2020/04/30 12:05, 134.000000, 134.500000, 134.000000, 134.500000, 2
2020/04/30 12:06, 134.000000, 134.000000, 134.000000, 134.000000, 1
2020/04/30 12:07, 134.500000, 134.500000, 134.500000, 134.500000, 2
2020/04/30 12:08, 134.500000, 134.500000, 134.500000, 134.500000, 0
2020/04/30 12:09, 134.000000, 134.000000, 134.000000, 134.000000, 1
2020/04/30 12:10, 134.500000, 134.500000, 134.500000, 134.500000, 1
2020/04/30 12:11, 134.500000, 134.500000, 134.500000, 134.500000, 0
2020/04/30 12:12, 134.500000, 134.500000, 134.500000, 134.500000, 0
2020/04/30 12:13, 134.500000, 134.500000, 134.500000, 134.500000, 0
2020/04/30 12:14, 134.500000, 134.500000, 134.500000, 134.500000, 2
2020/04/30 12:15, 134.000000, 134.000000, 134.000000, 134.000000, 1
2020/04/30 12:16, 134.000000, 134.000000, 134.000000, 134.000000, 0
2020/04/30 12:17, 134.000000, 134.000000, 134.000000, 134.000000, 3
2020/04/30 12:18, 134.000000, 134.000000, 134.000000, 134.000000, 2
2020/04/30 12:19, 134.000000, 134.000000, 134.000000, 134.000000, 8
2020/04/30 12:20, 134.000000, 134.000000, 134.000000, 134.000000, 28
2020/04/30 12:21, 134.000000, 134.000000, 133.500000, 133.500000, 12
2020/04/30 12:22, 133.500000, 133.500000, 133.500000, 133.500000, 0
2020/04/30 12:23, 133.500000, 133.500000, 133.500000, 133.500000, 4
2020/04/30 12:24, 133.500000, 133.500000, 133.500000, 133.500000, 0
2020/04/30 12:25, 133.500000, 133.500000, 133.500000, 133.500000, 1
2020/04/30 12:26, 133.500000, 133.500000, 133.000000, 133.500000, 105
2020/04/30 12:27, 133.500000, 133.500000, 133.000000, 133.500000, 10
2020/04/30 12:28, 133.500000, 133.500000, 133.500000, 133.500000, 5
2020/04/30 12:29, 133.500000, 133.500000, 133.500000, 133.500000, 7
2020/04/30 12:30, 133.500000, 133.500000, 133.500000, 133.500000, 9
2020/04/30 12:31, 133.500000, 133.500000, 133.500000, 133.500000, 2
2020/04/30 12:32, 133.500000, 133.500000, 133.500000, 133.500000, 1
2020/04/30 12:33, 133.500000, 133.500000, 133.000000, 133.500000, 6
2020/04/30 12:34, 133.500000, 133.500000, 133.500000, 133.500000, 3
2020/04/30 12:35, 134.000000, 134.000000, 133.500000, 134.000000, 3
2020/04/30 12:36, 134.000000, 134.000000, 134.000000, 134.000000, 0
2020/04/30 12:37, 133.500000, 133.500000, 133.500000, 133.500000, 3
2020/04/30 12:38, 134.000000, 134.000000, 134.000000, 134.000000, 1
2020/04/30 12:39, 133.500000, 133.500000, 133.500000, 133.500000, 1
2020/04/30 12:40, 133.500000, 133.500000, 133.500000, 133.500000, 2
2020/04/30 12:41, 134.000000, 134.000000, 134.000000, 134.000000, 2
2020/04/30 12:42, 134.000000, 134.000000, 134.000000, 134.000000, 1
2020/04/30 12:43, 134.000000, 134.000000, 134.000000, 134.000000, 1
2020/04/30 12:44, 134.000000, 134.000000, 134.000000, 134.000000, 1
2020/04/30 12:45, 134.000000, 134.000000, 133.500000, 133.500000, 17
2020/04/30 12:46, 133.500000, 133.500000, 133.500000, 133.500000, 3
2020/04/30 12:47, 133.500000, 133.500000, 133.500000, 133.500000, 3
2020/04/30 12:48, 133.500000, 133.500000, 133.500000, 133.500000, 3
2020/04/30 12:49, 133.500000, 133.500000, 133.500000, 133.500000, 1
2020/04/30 12:50, 133.500000, 133.500000, 133.500000, 133.500000, 1
2020/04/30 12:51, 133.500000, 134.000000, 133.500000, 134.000000, 15
2020/04/30 12:52, 134.000000, 134.000000, 134.000000, 134.000000, 2
2020/04/30 12:53, 133.500000, 133.500000, 133.500000, 133.500000, 1
2020/04/30 12:54, 134.000000, 134.000000, 134.000000, 134.000000, 2
2020/04/30 12:55, 134.000000, 134.000000, 134.000000, 134.000000, 0
2020/04/30 12:56, 134.000000, 134.000000, 134.000000, 134.000000, 0
2020/04/30 12:57, 133.500000, 134.000000, 133.500000, 134.000000, 31
2020/04/30 12:58, 134.000000, 134.000000, 133.500000, 133.500000, 5
2020/04/30 12:59, 133.500000, 134.000000, 133.500000, 134.000000, 4
2020/04/30 13:00, 134.000000, 134.000000, 134.000000, 134.000000, 1
2020/04/30 13:01, 134.000000, 134.000000, 134.000000, 134.000000, 1
2020/04/30 13:02, 134.000000, 134.000000, 134.000000, 134.000000, 0
2020/04/30 13:03, 133.500000, 133.500000, 133.500000, 133.500000, 1
2020/04/30 13:04, 134.000000, 134.000000, 134.000000, 134.000000, 2
2020/04/30 13:05, 134.000000, 134.000000, 134.000000, 134.000000, 24
2020/04/30 13:06, 134.000000, 134.000000, 134.000000, 134.000000, 17
2020/04/30 13:07, 134.000000, 134.500000, 134.000000, 134.500000, 3
2020/04/30 13:08, 134.500000, 134.500000, 134.500000, 134.500000, 2
2020/04/30 13:09, 134.500000, 134.500000, 134.000000, 134.000000, 2
2020/04/30 13:10, 134.500000, 134.500000, 134.500000, 134.500000, 1
2020/04/30 13:11, 134.000000, 134.000000, 134.000000, 134.000000, 1
2020/04/30 13:12, 134.000000, 134.500000, 134.000000, 134.000000, 5
2020/04/30 13:13, 134.500000, 134.500000, 134.500000, 134.500000, 1
2020/04/30 13:14, 134.000000, 134.500000, 134.000000, 134.500000, 8
2020/04/30 13:15, 134.500000, 134.500000, 134.500000, 134.500000, 2
2020/04/30 13:16, 134.000000, 134.500000, 134.000000, 134.000000, 10
2020/04/30 13:17, 134.000000, 134.500000, 134.000000, 134.500000, 6
2020/04/30 13:18, 134.500000, 134.500000, 134.000000, 134.500000, 16
2020/04/30 13:19, 134.500000, 134.500000, 134.500000, 134.500000, 2
2020/04/30 13:20, 134.500000, 134.500000, 134.000000, 134.500000, 6
2020/04/30 13:21, 134.000000, 134.500000, 134.000000, 134.500000, 17
2020/04/30 13:22, 134.500000, 134.500000, 134.000000, 134.500000, 4
2020/04/30 13:23, 134.000000, 134.500000, 134.000000, 134.500000, 12
2020/04/30 13:24, 134.000000, 134.500000, 134.000000, 134.000000, 30
2020/04/30 13:25, 134.500000, 134.500000, 134.000000, 134.000000, 21
2020/04/30 13:26, 134.000000, 134.000000, 134.000000, 134.000000, 0
2020/04/30 13:27, 134.000000, 134.000000, 134.000000, 134.000000, 0
2020/04/30 13:28, 134.000000, 134.000000, 134.000000, 134.000000, 0
2020/04/30 13:29, 134.000000, 134.000000, 134.000000, 134.000000, 0
2020/04/30 13:30, 133.500000, 133.500000, 133.500000, 133.500000, 234
2020/05/04 09:01, 133.000000, 133.500000, 132.500000, 133.500000, 106
2020/05/04 09:02, 133.000000, 133.500000, 132.500000, 132.500000, 77
2020/05/04 09:03, 132.500000, 133.000000, 132.500000, 132.500000, 12
2020/05/04 09:04, 132.500000, 132.500000, 132.500000, 132.500000, 13
2020/05/04 09:05, 132.500000, 133.000000, 132.500000, 133.000000, 24
2020/05/04 09:06, 133.000000, 134.500000, 133.000000, 134.500000, 41
2020/05/04 09:07, 134.500000, 135.000000, 134.000000, 135.000000, 53
2020/05/04 09:08, 135.000000, 136.000000, 135.000000, 136.000000, 81
2020/05/04 09:09, 136.000000, 136.500000, 135.500000, 136.000000, 118
2020/05/04 09:10, 136.000000, 136.500000, 136.000000, 136.000000, 56
2020/05/04 09:11, 136.000000, 137.000000, 136.000000, 137.000000, 123
2020/05/04 09:12, 137.000000, 137.000000, 136.500000, 137.000000, 77
2020/05/04 09:13, 136.500000, 137.000000, 136.000000, 136.500000, 46
2020/05/04 09:14, 135.500000, 136.000000, 135.500000, 136.000000, 18
2020/05/04 09:15, 135.500000, 136.000000, 135.500000, 135.500000, 51
2020/05/04 09:16, 135.500000, 136.000000, 135.000000, 135.000000, 49
2020/05/04 09:17, 135.500000, 136.000000, 135.500000, 136.000000, 41
2020/05/04 09:18, 136.000000, 136.000000, 135.500000, 136.000000, 24
2020/05/04 09:19, 136.000000, 136.500000, 136.000000, 136.500000, 40
2020/05/04 09:20, 136.000000, 136.500000, 136.000000, 136.000000, 20
2020/05/04 09:21, 136.000000, 136.000000, 135.500000, 135.500000, 17
2020/05/04 09:22, 135.500000, 135.500000, 135.500000, 135.500000, 7
2020/05/04 09:23, 136.000000, 136.000000, 135.500000, 135.500000, 8
2020/05/04 09:24, 135.500000, 135.500000, 135.500000, 135.500000, 16
2020/05/04 09:25, 135.500000, 136.000000, 135.000000, 136.000000, 18
2020/05/04 09:26, 135.500000, 136.000000, 135.500000, 136.000000, 6
2020/05/04 09:27, 136.000000, 136.000000, 135.500000, 135.500000, 15
2020/05/04 09:28, 136.000000, 136.000000, 135.500000, 135.500000, 12
2020/05/04 09:29, 135.500000, 136.000000, 135.500000, 136.000000, 3
2020/05/04 09:30, 136.000000, 136.000000, 136.000000, 136.000000, 2
2020/05/04 09:31, 136.000000, 136.000000, 135.500000, 136.000000, 4
2020/05/04 09:32, 136.000000, 136.500000, 136.000000, 136.000000, 70
2020/05/04 09:33, 136.000000, 136.000000, 136.000000, 136.000000, 13
2020/05/04 09:34, 136.000000, 136.000000, 136.000000, 136.000000, 2
2020/05/04 09:35, 136.500000, 136.500000, 136.000000, 136.000000, 5
2020/05/04 09:36, 136.000000, 136.000000, 135.000000, 135.000000, 22
2020/05/04 09:37, 135.500000, 135.500000, 135.000000, 135.000000, 14
2020/05/04 09:38, 135.500000, 135.500000, 135.500000, 135.500000, 2
2020/05/04 09:39, 135.500000, 135.500000, 135.500000, 135.500000, 5
2020/05/04 09:40, 135.500000, 135.500000, 135.500000, 135.500000, 9
2020/05/04 09:41, 135.500000, 136.000000, 135.500000, 136.000000, 6
2020/05/04 09:42, 136.000000, 136.000000, 136.000000, 136.000000, 3
2020/05/04 09:43, 136.000000, 136.000000, 136.000000, 136.000000, 3
2020/05/04 09:44, 135.500000, 135.500000, 135.500000, 135.500000, 4
2020/05/04 09:45, 135.500000, 135.500000, 135.500000, 135.500000, 7
2020/05/04 09:46, 135.500000, 136.000000, 135.500000, 135.500000, 13
2020/05/04 09:47, 135.500000, 135.500000, 135.500000, 135.500000, 8
2020/05/04 09:48, 135.500000, 135.500000, 135.500000, 135.500000, 4
2020/05/04 09:49, 135.500000, 135.500000, 135.500000, 135.500000, 7
2020/05/04 09:50, 135.500000, 135.500000, 135.500000, 135.500000, 5
2020/05/04 09:51, 135.500000, 135.500000, 135.500000, 135.500000, 2
2020/05/04 09:52, 135.500000, 136.000000, 135.500000, 136.000000, 3
2020/05/04 09:53, 136.000000, 136.000000, 136.000000, 136.000000, 1
2020/05/04 09:54, 136.000000, 136.000000, 135.500000, 135.500000, 4
2020/05/04 09:55, 135.500000, 135.500000, 135.500000, 135.500000, 1
2020/05/04 09:56, 135.500000, 135.500000, 135.500000, 135.500000, 3
2020/05/04 09:57, 135.500000, 135.500000, 135.500000, 135.500000, 18
2020/05/04 09:58, 135.500000, 135.500000, 135.500000, 135.500000, 1
2020/05/04 09:59, 135.500000, 135.500000, 135.500000, 135.500000, 4
2020/05/04 10:00, 135.500000, 135.500000, 135.500000, 135.500000, 0
2020/05/04 10:01, 135.500000, 136.000000, 135.500000, 135.500000, 5
2020/05/04 10:02, 136.000000, 137.000000, 136.000000, 137.000000, 346
2020/05/04 10:03, 136.500000, 137.000000, 136.500000, 136.500000, 44
2020/05/04 10:04, 136.500000, 137.000000, 136.500000, 137.000000, 215
2020/05/04 10:05, 137.000000, 137.500000, 137.000000, 137.500000, 83
2020/05/04 10:06, 137.500000, 137.500000, 137.000000, 137.500000, 160
2020/05/04 10:07, 137.500000, 137.500000, 136.500000, 137.000000, 86
2020/05/04 10:08, 137.000000, 137.000000, 137.000000, 137.000000, 5
2020/05/04 10:09, 137.000000, 137.000000, 137.000000, 137.000000, 21
2020/05/04 10:10, 137.000000, 137.500000, 137.000000, 137.000000, 58
2020/05/04 10:11, 137.000000, 137.000000, 137.000000, 137.000000, 5
2020/05/04 10:12, 137.000000, 137.000000, 137.000000, 137.000000, 7
2020/05/04 10:13, 137.000000, 137.000000, 136.500000, 136.500000, 38
2020/05/04 10:14, 136.500000, 137.000000, 136.500000, 136.500000, 26
2020/05/04 10:15, 136.500000, 136.500000, 136.500000, 136.500000, 2
2020/05/04 10:16, 136.500000, 137.000000, 136.500000, 137.000000, 13
2020/05/04 10:17, 136.500000, 136.500000, 136.000000, 136.500000, 9
2020/05/04 10:18, 136.500000, 136.500000, 136.500000, 136.500000, 9
2020/05/04 10:19, 136.500000, 137.000000, 136.500000, 136.500000, 13
2020/05/04 10:20, 136.500000, 137.000000, 136.500000, 137.000000, 3
2020/05/04 10:21, 137.000000, 137.000000, 137.000000, 137.000000, 1
2020/05/04 10:22, 137.000000, 137.000000, 137.000000, 137.000000, 5
2020/05/04 10:23, 137.000000, 137.000000, 137.000000, 137.000000, 20
2020/05/04 10:24, 137.000000, 137.000000, 137.000000, 137.000000, 0
2020/05/04 10:25, 137.000000, 137.000000, 137.000000, 137.000000, 1
2020/05/04 10:26, 137.000000, 137.000000, 136.500000, 136.500000, 17
2020/05/04 10:27, 136.500000, 136.500000, 136.500000, 136.500000, 9
2020/05/04 10:28, 136.000000, 137.000000, 136.000000, 136.500000, 10
2020/05/04 10:29, 136.500000, 136.500000, 136.500000, 136.500000, 2
2020/05/04 10:30, 136.500000, 136.500000, 136.500000, 136.500000, 20
2020/05/04 10:31, 137.000000, 137.000000, 137.000000, 137.000000, 5
2020/05/04 10:32, 137.000000, 137.000000, 136.500000, 136.500000, 7
2020/05/04 10:33, 136.500000, 137.000000, 136.500000, 137.000000, 7
2020/05/04 10:34, 137.000000, 137.500000, 137.000000, 137.500000, 56
2020/05/04 10:35, 137.500000, 137.500000, 137.500000, 137.500000, 17
2020/05/04 10:36, 137.500000, 138.000000, 137.500000, 138.000000, 104
2020/05/04 10:37, 138.000000, 138.000000, 137.500000, 137.500000, 46
2020/05/04 10:38, 137.500000, 137.500000, 137.000000, 137.500000, 7
2020/05/04 10:39, 137.500000, 138.000000, 137.500000, 137.500000, 40
2020/05/04 10:40, 137.500000, 138.000000, 137.500000, 137.500000, 12
2020/05/04 10:41, 137.500000, 137.500000, 137.500000, 137.500000, 20
2020/05/04 10:42, 137.500000, 137.500000, 137.500000, 137.500000, 2
2020/05/04 10:43, 137.500000, 138.000000, 137.500000, 138.000000, 30
2020/05/04 10:44, 138.000000, 138.500000, 138.000000, 138.000000, 194
2020/05/04 10:45, 138.000000, 138.500000, 138.000000, 138.500000, 96
2020/05/04 10:46, 138.500000, 139.000000, 138.000000, 138.500000, 94
2020/05/04 10:47, 138.500000, 139.000000, 138.500000, 139.000000, 80
2020/05/04 10:48, 139.000000, 139.500000, 138.500000, 139.500000, 104
2020/05/04 10:49, 139.000000, 139.500000, 139.000000, 139.500000, 55
2020/05/04 10:50, 139.000000, 140.000000, 139.000000, 140.000000, 130
2020/05/04 10:51, 140.000000, 141.000000, 139.500000, 141.000000, 253
2020/05/04 10:52, 141.000000, 141.500000, 140.000000, 140.000000, 195
2020/05/04 10:53, 140.500000, 140.500000, 139.500000, 140.000000, 107
2020/05/04 10:54, 140.000000, 140.000000, 139.500000, 139.500000, 46
2020/05/04 10:55, 139.500000, 140.500000, 139.500000, 140.000000, 33
2020/05/04 10:56, 140.000000, 140.500000, 140.000000, 140.500000, 75
2020/05/04 10:57, 140.500000, 141.000000, 140.000000, 140.500000, 207
2020/05/04 10:58, 140.500000, 141.000000, 140.500000, 141.000000, 29
2020/05/04 10:59, 141.000000, 142.000000, 140.500000, 142.000000, 158
2020/05/04 11:00, 142.000000, 142.000000, 141.000000, 141.000000, 87
2020/05/04 11:01, 141.000000, 141.500000, 140.500000, 141.000000, 38
2020/05/04 11:02, 141.000000, 141.000000, 140.500000, 140.500000, 16
2020/05/04 11:03, 141.000000, 141.000000, 140.000000, 140.000000, 40
2020/05/04 11:04, 140.000000, 140.500000, 140.000000, 140.500000, 31
2020/05/04 11:05, 140.500000, 140.500000, 140.500000, 140.500000, 7
2020/05/04 11:06, 140.500000, 141.000000, 140.000000, 140.500000, 44
2020/05/04 11:07, 140.500000, 140.500000, 140.500000, 140.500000, 3
2020/05/04 11:08, 140.500000, 141.000000, 140.500000, 141.000000, 6
2020/05/04 11:09, 141.000000, 141.000000, 140.500000, 140.500000, 25
2020/05/04 11:10, 140.500000, 140.500000, 140.500000, 140.500000, 23
2020/05/04 11:11, 140.500000, 140.500000, 140.500000, 140.500000, 10
2020/05/04 11:12, 140.500000, 140.500000, 140.500000, 140.500000, 13
2020/05/04 11:13, 140.500000, 140.500000, 140.500000, 140.500000, 8
2020/05/04 11:14, 140.500000, 140.500000, 140.500000, 140.500000, 14
2020/05/04 11:15, 140.500000, 140.500000, 140.000000, 140.500000, 17
2020/05/04 11:16, 140.500000, 140.500000, 140.500000, 140.500000, 12
2020/05/04 11:17, 140.500000, 140.500000, 140.500000, 140.500000, 2
2020/05/04 11:18, 140.500000, 140.500000, 140.000000, 140.000000, 7
2020/05/04 11:19, 140.000000, 140.000000, 140.000000, 140.000000, 67
2020/05/04 11:20, 139.500000, 139.500000, 138.500000, 138.500000, 98
2020/05/04 11:21, 139.000000, 139.500000, 139.000000, 139.000000, 35
2020/05/04 11:22, 139.500000, 139.500000, 139.000000, 139.500000, 13
2020/05/04 11:23, 139.500000, 139.500000, 139.500000, 139.500000, 7
2020/05/04 11:24, 139.500000, 139.500000, 139.500000, 139.500000, 16
2020/05/04 11:25, 139.500000, 140.000000, 139.500000, 139.500000, 5
2020/05/04 11:26, 139.500000, 139.500000, 139.500000, 139.500000, 2
2020/05/04 11:27, 139.500000, 140.000000, 139.000000, 139.500000, 20
2020/05/04 11:28, 139.500000, 139.500000, 139.500000, 139.500000, 7
2020/05/04 11:29, 139.500000, 140.000000, 139.500000, 140.000000, 3
2020/05/04 11:30, 140.000000, 140.000000, 139.500000, 139.500000, 6
2020/05/04 11:31, 139.500000, 139.500000, 139.500000, 139.500000, 2
2020/05/04 11:32, 139.500000, 139.500000, 139.500000, 139.500000, 20
2020/05/04 11:33, 139.500000, 140.000000, 139.500000, 139.500000, 13
2020/05/04 11:34, 139.500000, 140.000000, 139.500000, 139.500000, 4
2020/05/04 11:35, 139.500000, 140.000000, 139.500000, 139.500000, 13
2020/05/04 11:36, 139.500000, 139.500000, 139.500000, 139.500000, 9
2020/05/04 11:37, 139.500000, 139.500000, 139.500000, 139.500000, 16
2020/05/04 11:38, 139.500000, 139.500000, 139.500000, 139.500000, 13
2020/05/04 11:39, 139.500000, 139.500000, 139.500000, 139.500000, 2
2020/05/04 11:40, 139.500000, 139.500000, 139.500000, 139.500000, 4
2020/05/04 11:41, 139.500000, 139.500000, 139.500000, 139.500000, 3
2020/05/04 11:42, 139.500000, 139.500000, 139.500000, 139.500000, 4
2020/05/04 11:43, 139.500000, 139.500000, 139.500000, 139.500000, 2
2020/05/04 11:44, 139.500000, 140.000000, 139.500000, 140.000000, 9
2020/05/04 11:45, 139.500000, 139.500000, 139.500000, 139.500000, 1
2020/05/04 11:46, 139.500000, 139.500000, 139.500000, 139.500000, 13
2020/05/04 11:47, 139.500000, 139.500000, 139.500000, 139.500000, 23
2020/05/04 11:48, 139.500000, 139.500000, 139.000000, 139.500000, 7
2020/05/04 11:49, 139.500000, 139.500000, 139.500000, 139.500000, 8
2020/05/04 11:50, 139.500000, 139.500000, 139.500000, 139.500000, 2
2020/05/04 11:51, 139.500000, 140.000000, 139.500000, 140.000000, 9
2020/05/04 11:52, 140.000000, 140.000000, 140.000000, 140.000000, 3
2020/05/04 11:53, 140.000000, 140.000000, 139.500000, 139.500000, 3
2020/05/04 11:54, 139.500000, 139.500000, 139.500000, 139.500000, 5
2020/05/04 11:55, 139.500000, 139.500000, 139.500000, 139.500000, 11
2020/05/04 11:56, 139.500000, 139.500000, 139.500000, 139.500000, 10
2020/05/04 11:57, 139.500000, 139.500000, 139.500000, 139.500000, 0
2020/05/04 11:58, 139.500000, 140.000000, 139.500000, 140.000000, 25
2020/05/04 11:59, 140.000000, 140.000000, 139.500000, 140.000000, 7
2020/05/04 12:00, 140.000000, 140.000000, 140.000000, 140.000000, 0
2020/05/04 12:01, 140.000000, 140.000000, 140.000000, 140.000000, 0
2020/05/04 12:02, 140.000000, 140.000000, 139.500000, 139.500000, 4
2020/05/04 12:03, 139.500000, 139.500000, 139.500000, 139.500000, 8
2020/05/04 12:04, 139.500000, 140.000000, 139.500000, 139.500000, 7
2020/05/04 12:05, 140.000000, 140.000000, 139.500000, 139.500000, 8
2020/05/04 12:06, 139.500000, 140.000000, 139.500000, 140.000000, 20
2020/05/04 12:07, 140.000000, 140.000000, 139.500000, 139.500000, 7
2020/05/04 12:08, 140.000000, 140.000000, 139.500000, 139.500000, 9
2020/05/04 12:09, 139.500000, 139.500000, 139.500000, 139.500000, 15
2020/05/04 12:10, 139.500000, 139.500000, 139.500000, 139.500000, 5
2020/05/04 12:11, 139.500000, 139.500000, 139.500000, 139.500000, 15
2020/05/04 12:12, 139.500000, 139.500000, 139.000000, 139.500000, 7
2020/05/04 12:13, 139.500000, 139.500000, 139.500000, 139.500000, 2
2020/05/04 12:14, 139.500000, 139.500000, 139.000000, 139.500000, 15
2020/05/04 12:15, 139.500000, 139.500000, 139.500000, 139.500000, 11
2020/05/04 12:16, 139.500000, 139.500000, 139.500000, 139.500000, 0
2020/05/04 12:17, 139.500000, 139.500000, 139.500000, 139.500000, 0
2020/05/04 12:18, 139.500000, 139.500000, 139.000000, 139.000000, 3
2020/05/04 12:19, 139.000000, 139.000000, 138.000000, 138.500000, 132
2020/05/04 12:20, 138.500000, 138.500000, 138.000000, 138.000000, 24
2020/05/04 12:21, 138.000000, 138.000000, 138.000000, 138.000000, 81
2020/05/04 12:22, 138.000000, 138.000000, 137.500000, 138.000000, 32
2020/05/04 12:23, 138.500000, 138.500000, 138.000000, 138.000000, 20
2020/05/04 12:24, 138.000000, 138.000000, 138.000000, 138.000000, 3
2020/05/04 12:25, 138.000000, 138.500000, 138.000000, 138.000000, 16
2020/05/04 12:26, 139.000000, 139.000000, 139.000000, 139.000000, 24
2020/05/04 12:27, 139.000000, 139.000000, 139.000000, 139.000000, 8
2020/05/04 12:28, 138.500000, 139.000000, 138.500000, 138.500000, 5
2020/05/04 12:29, 138.500000, 139.000000, 138.500000, 139.000000, 3
2020/05/04 12:30, 139.000000, 139.000000, 139.000000, 139.000000, 0
2020/05/04 12:31, 138.500000, 138.500000, 138.500000, 138.500000, 1
2020/05/04 12:32, 138.500000, 138.500000, 138.000000, 138.000000, 10
2020/05/04 12:33, 138.000000, 138.000000, 138.000000, 138.000000, 4
2020/05/04 12:34, 138.500000, 138.500000, 138.000000, 138.000000, 2
2020/05/04 12:35, 138.500000, 138.500000, 138.000000, 138.500000, 4
2020/05/04 12:36, 138.500000, 139.000000, 138.500000, 138.500000, 22
2020/05/04 12:37, 138.500000, 138.500000, 138.500000, 138.500000, 5
2020/05/04 12:38, 138.500000, 139.000000, 138.000000, 138.500000, 19
2020/05/04 12:39, 138.500000, 138.500000, 138.500000, 138.500000, 2
2020/05/04 12:40, 138.500000, 138.500000, 138.500000, 138.500000, 0
2020/05/04 12:41, 138.500000, 138.500000, 138.500000, 138.500000, 6
2020/05/04 12:42, 138.500000, 138.500000, 138.500000, 138.500000, 3
2020/05/04 12:43, 138.500000, 138.500000, 138.500000, 138.500000, 3
2020/05/04 12:44, 138.500000, 138.500000, 138.500000, 138.500000, 0
2020/05/04 12:45, 138.500000, 138.500000, 138.000000, 138.000000, 16
2020/05/04 12:46, 138.500000, 138.500000, 138.000000, 138.000000, 8
2020/05/04 12:47, 138.000000, 138.000000, 138.000000, 138.000000, 11
2020/05/04 12:48, 138.000000, 138.000000, 138.000000, 138.000000, 1
2020/05/04 12:49, 138.000000, 138.000000, 138.000000, 138.000000, 7
2020/05/04 12:50, 138.000000, 138.000000, 138.000000, 138.000000, 2
2020/05/04 12:51, 138.500000, 138.500000, 138.000000, 138.000000, 4
2020/05/04 12:52, 138.500000, 138.500000, 138.000000, 138.000000, 6
2020/05/04 12:53, 138.500000, 139.000000, 138.000000, 139.000000, 34
2020/05/04 12:54, 139.000000, 139.000000, 139.000000, 139.000000, 2
2020/05/04 12:55, 139.000000, 139.000000, 139.000000, 139.000000, 3
2020/05/04 12:56, 139.000000, 139.000000, 139.000000, 139.000000, 1
2020/05/04 12:57, 139.000000, 139.500000, 139.000000, 139.500000, 80
2020/05/04 12:58, 139.500000, 139.500000, 139.500000, 139.500000, 6
2020/05/04 12:59, 139.500000, 139.500000, 139.500000, 139.500000, 12
2020/05/04 13:00, 139.500000, 139.500000, 139.000000, 139.500000, 24
2020/05/04 13:01, 139.000000, 139.500000, 139.000000, 139.000000, 27
2020/05/04 13:02, 139.000000, 139.000000, 139.000000, 139.000000, 30
2020/05/04 13:03, 139.000000, 139.000000, 139.000000, 139.000000, 16
2020/05/04 13:04, 139.000000, 139.000000, 138.500000, 138.500000, 8
2020/05/04 13:05, 138.500000, 138.500000, 138.500000, 138.500000, 0
2020/05/04 13:06, 138.500000, 138.500000, 138.500000, 138.500000, 2
2020/05/04 13:07, 138.500000, 139.000000, 138.500000, 139.000000, 4
2020/05/04 13:08, 138.500000, 138.500000, 138.500000, 138.500000, 2
2020/05/04 13:09, 138.500000, 139.000000, 138.500000, 139.000000, 2
2020/05/04 13:10, 139.000000, 139.000000, 139.000000, 139.000000, 3
2020/05/04 13:11, 139.000000, 139.000000, 138.500000, 139.000000, 31
2020/05/04 13:12, 139.500000, 139.500000, 138.500000, 138.500000, 11
2020/05/04 13:13, 139.000000, 139.000000, 139.000000, 139.000000, 10
2020/05/04 13:14, 138.500000, 139.000000, 138.500000, 139.000000, 21
2020/05/04 13:15, 139.000000, 139.000000, 139.000000, 139.000000, 15
2020/05/04 13:16, 139.000000, 139.500000, 139.000000, 139.500000, 9
2020/05/04 13:17, 139.000000, 139.500000, 139.000000, 139.000000, 7
2020/05/04 13:18, 139.000000, 139.000000, 139.000000, 139.000000, 24
2020/05/04 13:19, 139.000000, 139.000000, 139.000000, 139.000000, 27
2020/05/04 13:20, 139.000000, 139.500000, 139.000000, 139.000000, 18
2020/05/04 13:21, 139.500000, 139.500000, 139.000000, 139.000000, 13
2020/05/04 13:22, 139.000000, 139.500000, 139.000000, 139.000000, 9
2020/05/04 13:23, 139.000000, 139.500000, 139.000000, 139.500000, 9
2020/05/04 13:24, 139.000000, 139.500000, 139.000000, 139.500000, 43
2020/05/04 13:25, 139.500000, 139.500000, 139.000000, 139.000000, 43
2020/05/04 13:26, 139.000000, 139.000000, 139.000000, 139.000000, 0
2020/05/04 13:27, 139.000000, 139.000000, 139.000000, 139.000000, 0
2020/05/04 13:28, 139.000000, 139.000000, 139.000000, 139.000000, 0
2020/05/04 13:29, 139.000000, 139.000000, 139.000000, 139.000000, 0
2020/05/04 13:30, 139.000000, 139.000000, 139.000000, 139.000000, 404
2020/05/05 09:01, 140.000000, 140.500000, 139.000000, 139.500000, 297
2020/05/05 09:02, 139.500000, 140.000000, 139.000000, 139.500000, 61
2020/05/05 09:03, 139.500000, 140.000000, 139.000000, 139.500000, 74
2020/05/05 09:04, 139.500000, 139.500000, 137.500000, 137.500000, 148
2020/05/05 09:05, 137.500000, 138.000000, 137.000000, 137.500000, 72
2020/05/05 09:06, 138.000000, 139.000000, 137.500000, 138.000000, 60
2020/05/05 09:07, 138.500000, 138.500000, 138.000000, 138.500000, 30
2020/05/05 09:08, 138.500000, 138.500000, 138.000000, 138.000000, 28
2020/05/05 09:09, 138.000000, 138.000000, 137.500000, 137.500000, 74
2020/05/05 09:10, 138.000000, 138.000000, 137.000000, 137.500000, 55
2020/05/05 09:11, 137.500000, 138.000000, 137.500000, 137.500000, 26
2020/05/05 09:12, 137.500000, 137.500000, 137.500000, 137.500000, 6
2020/05/05 09:13, 137.500000, 138.000000, 137.000000, 137.500000, 65
2020/05/05 09:14, 137.500000, 139.000000, 137.500000, 139.000000, 72
2020/05/05 09:15, 139.000000, 139.000000, 138.000000, 138.500000, 33
2020/05/05 09:16, 138.000000, 138.500000, 138.000000, 138.500000, 20
2020/05/05 09:17, 139.000000, 139.000000, 137.500000, 138.000000, 40
2020/05/05 09:18, 138.500000, 138.500000, 138.000000, 138.000000, 7
2020/05/05 09:19, 138.000000, 138.000000, 138.000000, 138.000000, 0
2020/05/05 09:20, 138.000000, 138.500000, 138.000000, 138.000000, 60
2020/05/05 09:21, 138.500000, 138.500000, 138.000000, 138.500000, 17
2020/05/05 09:22, 138.500000, 138.500000, 138.500000, 138.500000, 6
2020/05/05 09:23, 139.000000, 139.000000, 139.000000, 139.000000, 9
2020/05/05 09:24, 139.000000, 139.000000, 138.500000, 138.500000, 2
2020/05/05 09:25, 138.500000, 138.500000, 138.500000, 138.500000, 11
2020/05/05 09:26, 139.000000, 139.000000, 138.500000, 138.500000, 27
2020/05/05 09:27, 138.500000, 138.500000, 138.500000, 138.500000, 9
2020/05/05 09:28, 138.500000, 138.500000, 138.000000, 138.500000, 30
2020/05/05 09:29, 138.500000, 139.000000, 138.500000, 138.500000, 15
2020/05/05 09:30, 138.500000, 138.500000, 138.500000, 138.500000, 29
2020/05/05 09:31, 138.500000, 139.000000, 138.500000, 138.500000, 26
2020/05/05 09:32, 138.500000, 138.500000, 138.500000, 138.500000, 7
2020/05/05 09:33, 138.500000, 138.500000, 138.500000, 138.500000, 4
2020/05/05 09:34, 139.000000, 139.000000, 138.500000, 139.000000, 8
2020/05/05 09:35, 138.500000, 139.000000, 138.500000, 138.500000, 4
2020/05/05 09:36, 138.500000, 139.000000, 138.500000, 139.000000, 3
2020/05/05 09:37, 139.000000, 139.000000, 139.000000, 139.000000, 81
2020/05/05 09:38, 139.000000, 139.500000, 139.000000, 139.500000, 17
2020/05/05 09:39, 139.500000, 139.500000, 139.500000, 139.500000, 2
2020/05/05 09:40, 139.500000, 139.500000, 139.500000, 139.500000, 9
2020/05/05 09:41, 139.000000, 139.000000, 139.000000, 139.000000, 3
2020/05/05 09:42, 139.000000, 139.000000, 139.000000, 139.000000, 8
2020/05/05 09:43, 139.000000, 139.500000, 139.000000, 139.000000, 12
2020/05/05 09:44, 139.000000, 139.000000, 139.000000, 139.000000, 9
2020/05/05 09:45, 139.000000, 139.000000, 138.500000, 138.500000, 21
2020/05/05 09:46, 138.500000, 138.500000, 138.500000, 138.500000, 5
2020/05/05 09:47, 138.500000, 139.000000, 138.500000, 139.000000, 5
2020/05/05 09:48, 138.500000, 139.000000, 138.500000, 139.000000, 4
2020/05/05 09:49, 139.000000, 139.000000, 138.500000, 138.500000, 53
2020/05/05 09:50, 138.500000, 139.500000, 138.500000, 139.000000, 17
2020/05/05 09:51, 139.000000, 139.000000, 139.000000, 139.000000, 1
2020/05/05 09:52, 139.000000, 139.000000, 139.000000, 139.000000, 1
2020/05/05 09:53, 139.000000, 139.000000, 138.500000, 138.500000, 3
2020/05/05 09:54, 139.000000, 139.000000, 138.500000, 138.500000, 34
2020/05/05 09:55, 138.500000, 138.500000, 138.500000, 138.500000, 47
2020/05/05 09:56, 138.500000, 138.500000, 138.500000, 138.500000, 8
2020/05/05 09:57, 138.500000, 138.500000, 138.500000, 138.500000, 7
2020/05/05 09:58, 138.000000, 138.000000, 138.000000, 138.000000, 3
2020/05/05 09:59, 138.000000, 138.000000, 138.000000, 138.000000, 12
2020/05/05 10:00, 138.000000, 138.000000, 138.000000, 138.000000, 17
2020/05/05 10:01, 138.000000, 138.500000, 138.000000, 138.000000, 6
2020/05/05 10:02, 138.000000, 138.500000, 138.000000, 138.000000, 18
2020/05/05 10:03, 138.000000, 138.000000, 138.000000, 138.000000, 28
2020/05/05 10:04, 137.500000, 138.000000, 137.500000, 137.500000, 12
2020/05/05 10:05, 137.500000, 138.000000, 137.500000, 137.500000, 10
2020/05/05 10:06, 138.000000, 138.000000, 137.500000, 138.000000, 18
2020/05/05 10:07, 138.000000, 138.000000, 138.000000, 138.000000, 0
2020/05/05 10:08, 137.500000, 138.000000, 137.500000, 138.000000, 3
2020/05/05 10:09, 138.000000, 138.000000, 138.000000, 138.000000, 6
2020/05/05 10:10, 138.000000, 138.000000, 138.000000, 138.000000, 7
2020/05/05 10:11, 138.000000, 138.000000, 138.000000, 138.000000, 1
2020/05/05 10:12, 137.500000, 137.500000, 137.500000, 137.500000, 1
2020/05/05 10:13, 137.500000, 137.500000, 137.500000, 137.500000, 32
2020/05/05 10:14, 137.500000, 137.500000, 137.500000, 137.500000, 17
2020/05/05 10:15, 137.500000, 137.500000, 137.500000, 137.500000, 9
2020/05/05 10:16, 137.500000, 137.500000, 137.500000, 137.500000, 3
2020/05/05 10:17, 137.500000, 137.500000, 137.500000, 137.500000, 5
2020/05/05 10:18, 137.500000, 137.500000, 137.500000, 137.500000, 9
2020/05/05 10:19, 137.500000, 137.500000, 137.500000, 137.500000, 7
2020/05/05 10:20, 137.500000, 138.000000, 137.500000, 138.000000, 3
2020/05/05 10:21, 138.000000, 138.000000, 138.000000, 138.000000, 0
2020/05/05 10:22, 137.500000, 137.500000, 137.500000, 137.500000, 3
2020/05/05 10:23, 137.500000, 137.500000, 137.500000, 137.500000, 5
2020/05/05 10:24, 137.500000, 137.500000, 137.500000, 137.500000, 7
2020/05/05 10:25, 138.000000, 138.000000, 137.500000, 137.500000, 19
2020/05/05 10:26, 137.500000, 137.500000, 137.500000, 137.500000, 5
2020/05/05 10:27, 137.500000, 137.500000, 137.500000, 137.500000, 3
2020/05/05 10:28, 137.500000, 137.500000, 137.500000, 137.500000, 14
2020/05/05 10:29, 137.500000, 137.500000, 137.000000, 137.000000, 8
2020/05/05 10:30, 137.000000, 137.000000, 137.000000, 137.000000, 4
2020/05/05 10:31, 137.000000, 137.000000, 137.000000, 137.000000, 5
2020/05/05 10:32, 137.000000, 137.000000, 137.000000, 137.000000, 21
2020/05/05 10:33, 137.000000, 137.000000, 136.500000, 136.500000, 86
2020/05/05 10:34, 136.500000, 136.500000, 136.500000, 136.500000, 16
2020/05/05 10:35, 136.500000, 136.500000, 136.000000, 136.500000, 50
2020/05/05 10:36, 136.500000, 136.500000, 136.500000, 136.500000, 21
2020/05/05 10:37, 136.500000, 137.000000, 136.500000, 137.000000, 7
2020/05/05 10:38, 137.000000, 137.000000, 137.000000, 137.000000, 2
2020/05/05 10:39, 137.000000, 137.000000, 137.000000, 137.000000, 3
2020/05/05 10:40, 137.000000, 137.000000, 136.500000, 137.000000, 8
2020/05/05 10:41, 137.000000, 137.000000, 137.000000, 137.000000, 0
2020/05/05 10:42, 137.000000, 137.000000, 137.000000, 137.000000, 3
2020/05/05 10:43, 136.500000, 137.000000, 136.500000, 137.000000, 2
2020/05/05 10:44, 136.500000, 136.500000, 136.500000, 136.500000, 3
2020/05/05 10:45, 136.500000, 136.500000, 136.000000, 136.000000, 39
2020/05/05 10:46, 136.000000, 136.500000, 136.000000, 136.000000, 12
2020/05/05 10:47, 136.500000, 136.500000, 136.000000, 136.000000, 11
2020/05/05 10:48, 136.500000, 136.500000, 136.000000, 136.500000, 16
2020/05/05 10:49, 136.500000, 136.500000, 136.500000, 136.500000, 9
2020/05/05 10:50, 136.500000, 136.500000, 136.500000, 136.500000, 1
2020/05/05 10:51, 136.000000, 136.000000, 136.000000, 136.000000, 65
2020/05/05 10:52, 136.000000, 136.000000, 136.000000, 136.000000, 34
2020/05/05 10:53, 136.000000, 136.000000, 135.500000, 135.500000, 16
2020/05/05 10:54, 135.500000, 135.500000, 135.500000, 135.500000, 13
2020/05/05 10:55, 135.500000, 135.500000, 135.500000, 135.500000, 31
2020/05/05 10:56, 135.500000, 135.500000, 135.500000, 135.500000, 18
2020/05/05 10:57, 135.500000, 135.500000, 135.500000, 135.500000, 3
2020/05/05 10:58, 135.500000, 135.500000, 135.500000, 135.500000, 18
2020/05/05 10:59, 135.500000, 135.500000, 135.000000, 135.500000, 22
2020/05/05 11:00, 135.500000, 135.500000, 135.500000, 135.500000, 10
2020/05/05 11:01, 136.000000, 136.000000, 136.000000, 136.000000, 1
2020/05/05 11:02, 136.000000, 136.000000, 136.000000, 136.000000, 3
2020/05/05 11:03, 136.000000, 136.500000, 136.000000, 136.500000, 16
2020/05/05 11:04, 136.000000, 136.000000, 136.000000, 136.000000, 2
2020/05/05 11:05, 136.000000, 136.000000, 136.000000, 136.000000, 2
2020/05/05 11:06, 136.000000, 136.000000, 136.000000, 136.000000, 0
2020/05/05 11:07, 136.000000, 136.000000, 136.000000, 136.000000, 0
2020/05/05 11:08, 136.000000, 136.000000, 136.000000, 136.000000, 1
2020/05/05 11:09, 136.000000, 136.000000, 136.000000, 136.000000, 3
2020/05/05 11:10, 136.000000, 136.000000, 136.000000, 136.000000, 1
2020/05/05 11:11, 136.000000, 136.000000, 136.000000, 136.000000, 1
2020/05/05 11:12, 136.000000, 136.000000, 136.000000, 136.000000, 0
2020/05/05 11:13, 136.000000, 136.000000, 136.000000, 136.000000, 0
2020/05/05 11:14, 136.000000, 136.000000, 136.000000, 136.000000, 1
2020/05/05 11:15, 136.000000, 136.000000, 136.000000, 136.000000, 1
2020/05/05 11:16, 136.000000, 136.000000, 136.000000, 136.000000, 0
2020/05/05 11:17, 136.000000, 136.000000, 136.000000, 136.000000, 1
2020/05/05 11:18, 136.500000, 136.500000, 136.500000, 136.500000, 1
2020/05/05 11:19, 136.500000, 136.500000, 136.500000, 136.500000, 0
2020/05/05 11:20, 136.500000, 136.500000, 136.500000, 136.500000, 3
2020/05/05 11:21, 136.500000, 137.000000, 136.500000, 137.000000, 14
2020/05/05 11:22, 137.000000, 137.000000, 137.000000, 137.000000, 9
2020/05/05 11:23, 137.000000, 137.000000, 136.500000, 136.500000, 3
2020/05/05 11:24, 136.500000, 136.500000, 136.500000, 136.500000, 2
2020/05/05 11:25, 136.500000, 136.500000, 136.500000, 136.500000, 0
2020/05/05 11:26, 136.500000, 136.500000, 136.500000, 136.500000, 0
2020/05/05 11:27, 136.500000, 136.500000, 136.500000, 136.500000, 3
2020/05/05 11:28, 136.500000, 136.500000, 136.500000, 136.500000, 2
2020/05/05 11:29, 136.500000, 136.500000, 136.500000, 136.500000, 6
2020/05/05 11:30, 136.500000, 136.500000, 136.500000, 136.500000, 17
2020/05/05 11:31, 136.500000, 136.500000, 136.500000, 136.500000, 1
2020/05/05 11:32, 136.500000, 136.500000, 136.500000, 136.500000, 2
2020/05/05 11:33, 136.500000, 136.500000, 136.500000, 136.500000, 1
2020/05/05 11:34, 136.500000, 136.500000, 136.500000, 136.500000, 3
2020/05/05 11:35, 136.500000, 136.500000, 136.000000, 136.000000, 30
2020/05/05 11:36, 136.000000, 136.000000, 136.000000, 136.000000, 11
2020/05/05 11:37, 136.000000, 136.000000, 136.000000, 136.000000, 2
2020/05/05 11:38, 136.500000, 136.500000, 136.500000, 136.500000, 2
2020/05/05 11:39, 136.500000, 136.500000, 136.500000, 136.500000, 0
2020/05/05 11:40, 136.000000, 136.000000, 136.000000, 136.000000, 1
2020/05/05 11:41, 136.000000, 136.000000, 136.000000, 136.000000, 3
2020/05/05 11:42, 136.000000, 136.000000, 136.000000, 136.000000, 2
2020/05/05 11:43, 136.000000, 136.000000, 136.000000, 136.000000, 0
2020/05/05 11:44, 136.000000, 136.500000, 136.000000, 136.500000, 8
2020/05/05 11:45, 136.500000, 136.500000, 136.500000, 136.500000, 0
2020/05/05 11:46, 136.500000, 136.500000, 136.500000, 136.500000, 9
2020/05/05 11:47, 136.500000, 136.500000, 136.000000, 136.500000, 8
2020/05/05 11:48, 136.500000, 136.500000, 136.500000, 136.500000, 2
2020/05/05 11:49, 136.500000, 136.500000, 136.500000, 136.500000, 3
2020/05/05 11:50, 137.000000, 137.000000, 137.000000, 137.000000, 1
2020/05/05 11:51, 137.000000, 137.000000, 137.000000, 137.000000, 0
2020/05/05 11:52, 136.500000, 136.500000, 136.500000, 136.500000, 5
2020/05/05 11:53, 137.000000, 137.000000, 137.000000, 137.000000, 2
2020/05/05 11:54, 137.000000, 137.000000, 137.000000, 137.000000, 1
2020/05/05 11:55, 137.000000, 137.000000, 137.000000, 137.000000, 0
2020/05/05 11:56, 137.000000, 137.000000, 137.000000, 137.000000, 1
2020/05/05 11:57, 137.000000, 137.000000, 137.000000, 137.000000, 0
2020/05/05 11:58, 137.000000, 137.000000, 137.000000, 137.000000, 1
2020/05/05 11:59, 136.500000, 136.500000, 136.500000, 136.500000, 1
2020/05/05 12:00, 136.500000, 136.500000, 136.500000, 136.500000, 4
2020/05/05 12:01, 136.500000, 136.500000, 136.500000, 136.500000, 20
2020/05/05 12:02, 136.500000, 136.500000, 136.000000, 136.500000, 11
2020/05/05 12:03, 136.500000, 136.500000, 136.500000, 136.500000, 2
2020/05/05 12:04, 136.500000, 136.500000, 136.500000, 136.500000, 2
2020/05/05 12:05, 136.500000, 136.500000, 136.500000, 136.500000, 1
2020/05/05 12:06, 136.500000, 136.500000, 136.500000, 136.500000, 0
2020/05/05 12:07, 136.500000, 136.500000, 136.500000, 136.500000, 0
2020/05/05 12:08, 136.500000, 136.500000, 136.500000, 136.500000, 0
2020/05/05 12:09, 136.500000, 136.500000, 136.500000, 136.500000, 0
2020/05/05 12:10, 136.500000, 136.500000, 136.500000, 136.500000, 3
2020/05/05 12:11, 136.500000, 136.500000, 136.000000, 136.000000, 16
2020/05/05 12:12, 136.000000, 136.000000, 136.000000, 136.000000, 2
2020/05/05 12:13, 136.000000, 136.000000, 136.000000, 136.000000, 1
2020/05/05 12:14, 136.000000, 136.000000, 136.000000, 136.000000, 0
2020/05/05 12:15, 136.500000, 136.500000, 136.500000, 136.500000, 3
2020/05/05 12:16, 136.500000, 136.500000, 136.500000, 136.500000, 5
2020/05/05 12:17, 136.500000, 136.500000, 136.000000, 136.000000, 6
2020/05/05 12:18, 136.500000, 136.500000, 136.500000, 136.500000, 2
2020/05/05 12:19, 136.500000, 136.500000, 136.000000, 136.000000, 11
2020/05/05 12:20, 136.500000, 136.500000, 136.500000, 136.500000, 4
2020/05/05 12:21, 136.500000, 136.500000, 136.500000, 136.500000, 2
2020/05/05 12:22, 136.500000, 136.500000, 136.500000, 136.500000, 4
2020/05/05 12:23, 136.500000, 136.500000, 136.500000, 136.500000, 0
2020/05/05 12:24, 137.000000, 137.000000, 136.500000, 136.500000, 13
2020/05/05 12:25, 136.500000, 136.500000, 136.500000, 136.500000, 0
2020/05/05 12:26, 136.500000, 136.500000, 136.500000, 136.500000, 0
2020/05/05 12:27, 136.500000, 137.000000, 136.500000, 137.000000, 4
2020/05/05 12:28, 137.000000, 137.000000, 137.000000, 137.000000, 2
2020/05/05 12:29, 137.000000, 137.000000, 137.000000, 137.000000, 14
2020/05/05 12:30, 137.000000, 137.000000, 137.000000, 137.000000, 20
2020/05/05 12:31, 137.000000, 137.000000, 137.000000, 137.000000, 14
2020/05/05 12:32, 137.000000, 137.000000, 137.000000, 137.000000, 0
2020/05/05 12:33, 137.000000, 137.000000, 136.500000, 136.500000, 2
2020/05/05 12:34, 136.500000, 136.500000, 136.500000, 136.500000, 1
2020/05/05 12:35, 136.500000, 136.500000, 136.500000, 136.500000, 9
2020/05/05 12:36, 136.500000, 136.500000, 136.500000, 136.500000, 0
2020/05/05 12:37, 136.500000, 136.500000, 136.500000, 136.500000, 2
2020/05/05 12:38, 136.500000, 136.500000, 136.500000, 136.500000, 2
2020/05/05 12:39, 136.500000, 136.500000, 136.500000, 136.500000, 11
2020/05/05 12:40, 136.500000, 136.500000, 136.000000, 136.000000, 24
2020/05/05 12:41, 136.000000, 136.000000, 136.000000, 136.000000, 0
2020/05/05 12:42, 136.500000, 136.500000, 136.000000, 136.500000, 3
2020/05/05 12:43, 136.500000, 136.500000, 136.000000, 136.500000, 3
2020/05/05 12:44, 136.500000, 136.500000, 136.500000, 136.500000, 19
2020/05/05 12:45, 136.500000, 136.500000, 136.500000, 136.500000, 3
2020/05/05 12:46, 136.500000, 136.500000, 136.500000, 136.500000, 3
2020/05/05 12:47, 136.500000, 136.500000, 136.500000, 136.500000, 0
2020/05/05 12:48, 136.500000, 136.500000, 136.500000, 136.500000, 0
2020/05/05 12:49, 136.500000, 136.500000, 136.500000, 136.500000, 0
2020/05/05 12:50, 136.500000, 136.500000, 136.500000, 136.500000, 1
2020/05/05 12:51, 136.500000, 136.500000, 136.500000, 136.500000, 0
2020/05/05 12:52, 136.500000, 136.500000, 136.500000, 136.500000, 0
2020/05/05 12:53, 136.500000, 137.000000, 136.500000, 137.000000, 8
2020/05/05 12:54, 137.000000, 137.000000, 137.000000, 137.000000, 1
2020/05/05 12:55, 137.000000, 137.000000, 137.000000, 137.000000, 2
2020/05/05 12:56, 137.000000, 137.000000, 137.000000, 137.000000, 7
2020/05/05 12:57, 137.000000, 137.000000, 137.000000, 137.000000, 6
2020/05/05 12:58, 137.000000, 137.000000, 137.000000, 137.000000, 22
2020/05/05 12:59, 137.000000, 137.000000, 136.500000, 136.500000, 3
2020/05/05 13:00, 136.500000, 136.500000, 136.500000, 136.500000, 1
2020/05/05 13:01, 137.000000, 137.000000, 137.000000, 137.000000, 1
2020/05/05 13:02, 136.500000, 136.500000, 136.500000, 136.500000, 16
2020/05/05 13:03, 136.500000, 136.500000, 136.500000, 136.500000, 23
2020/05/05 13:04, 136.500000, 136.500000, 136.500000, 136.500000, 17
2020/05/05 13:05, 136.500000, 136.500000, 136.500000, 136.500000, 7
2020/05/05 13:06, 136.500000, 136.500000, 136.500000, 136.500000, 13
2020/05/05 13:07, 136.500000, 136.500000, 136.000000, 136.000000, 5
2020/05/05 13:08, 136.500000, 136.500000, 136.500000, 136.500000, 6
2020/05/05 13:09, 136.500000, 136.500000, 136.000000, 136.500000, 23
2020/05/05 13:10, 136.500000, 136.500000, 136.500000, 136.500000, 8
2020/05/05 13:11, 136.500000, 136.500000, 136.500000, 136.500000, 11
2020/05/05 13:12, 136.000000, 136.500000, 136.000000, 136.000000, 8
2020/05/05 13:13, 136.000000, 136.000000, 136.000000, 136.000000, 13
2020/05/05 13:14, 136.000000, 136.000000, 136.000000, 136.000000, 12
2020/05/05 13:15, 136.000000, 136.500000, 136.000000, 136.500000, 3
2020/05/05 13:16, 136.000000, 136.500000, 136.000000, 136.500000, 9
2020/05/05 13:17, 136.500000, 136.500000, 136.000000, 136.500000, 16
2020/05/05 13:18, 136.500000, 136.500000, 136.000000, 136.000000, 3
2020/05/05 13:19, 136.500000, 136.500000, 136.500000, 136.500000, 7
2020/05/05 13:20, 136.000000, 136.500000, 136.000000, 136.500000, 13
2020/05/05 13:21, 136.000000, 136.000000, 136.000000, 136.000000, 4
2020/05/05 13:22, 136.000000, 136.500000, 136.000000, 136.000000, 10
2020/05/05 13:23, 136.500000, 136.500000, 136.000000, 136.500000, 15
2020/05/05 13:24, 136.000000, 136.500000, 136.000000, 136.000000, 13
2020/05/05 13:25, 136.000000, 136.500000, 136.000000, 136.500000, 27
2020/05/05 13:26, 136.500000, 136.500000, 136.500000, 136.500000, 0
2020/05/05 13:27, 136.500000, 136.500000, 136.500000, 136.500000, 0
2020/05/05 13:28, 136.500000, 136.500000, 136.500000, 136.500000, 0
2020/05/05 13:29, 136.500000, 136.500000, 136.500000, 136.500000, 0
2020/05/05 13:30, 136.000000, 136.000000, 136.000000, 136.000000, 231
2020/05/06 09:01, 137.000000, 137.500000, 137.000000, 137.500000, 56
2020/05/06 09:02, 137.000000, 137.500000, 137.000000, 137.000000, 25
2020/05/06 09:03, 137.500000, 138.000000, 137.500000, 138.000000, 36
2020/05/06 09:04, 138.000000, 138.500000, 137.500000, 138.500000, 52
2020/05/06 09:05, 138.500000, 139.000000, 138.000000, 138.500000, 78
2020/05/06 09:06, 138.500000, 138.500000, 138.000000, 138.500000, 9
2020/05/06 09:07, 138.500000, 139.000000, 138.000000, 138.500000, 54
2020/05/06 09:08, 138.500000, 138.500000, 138.000000, 138.500000, 16
2020/05/06 09:09, 138.500000, 139.500000, 138.500000, 139.500000, 167
2020/05/06 09:10, 139.500000, 140.500000, 139.500000, 140.500000, 353
2020/05/06 09:11, 140.500000, 141.000000, 140.000000, 140.500000, 143
2020/05/06 09:12, 140.500000, 141.000000, 140.000000, 140.500000, 121
2020/05/06 09:13, 140.500000, 141.500000, 140.000000, 141.000000, 176
2020/05/06 09:14, 141.500000, 141.500000, 141.000000, 141.500000, 134
2020/05/06 09:15, 141.500000, 141.500000, 140.500000, 141.000000, 92
2020/05/06 09:16, 140.500000, 141.000000, 140.000000, 141.000000, 66
2020/05/06 09:17, 140.500000, 141.000000, 140.500000, 140.500000, 39
2020/05/06 09:18, 140.500000, 141.500000, 140.500000, 141.500000, 252
2020/05/06 09:19, 141.500000, 142.000000, 141.500000, 142.000000, 186
2020/05/06 09:20, 142.000000, 143.000000, 141.500000, 143.000000, 309
2020/05/06 09:21, 143.000000, 143.000000, 142.000000, 142.500000, 161
2020/05/06 09:22, 143.000000, 143.000000, 142.500000, 143.000000, 137
2020/05/06 09:23, 143.000000, 144.500000, 143.000000, 144.500000, 402
2020/05/06 09:24, 144.500000, 145.000000, 143.000000, 144.000000, 382
2020/05/06 09:25, 143.500000, 144.000000, 143.000000, 143.500000, 71
2020/05/06 09:26, 143.500000, 143.500000, 142.500000, 142.500000, 77
2020/05/06 09:27, 142.500000, 143.000000, 142.000000, 142.000000, 115
2020/05/06 09:28, 142.500000, 143.000000, 142.000000, 143.000000, 65
2020/05/06 09:29, 143.000000, 143.500000, 142.500000, 143.000000, 106
2020/05/06 09:30, 143.000000, 143.500000, 143.000000, 143.000000, 54
2020/05/06 09:31, 143.000000, 143.500000, 142.500000, 143.000000, 48
2020/05/06 09:32, 143.000000, 143.000000, 142.500000, 143.000000, 54
2020/05/06 09:33, 143.000000, 143.000000, 142.500000, 142.500000, 79
2020/05/06 09:34, 142.500000, 143.000000, 142.500000, 142.500000, 43
2020/05/06 09:35, 142.500000, 142.500000, 142.000000, 142.000000, 40
2020/05/06 09:36, 142.000000, 142.500000, 142.000000, 142.000000, 40
2020/05/06 09:37, 142.000000, 142.500000, 142.000000, 142.500000, 36
2020/05/06 09:38, 142.500000, 142.500000, 142.000000, 142.500000, 11
2020/05/06 09:39, 142.000000, 142.000000, 142.000000, 142.000000, 12
2020/05/06 09:40, 142.000000, 142.500000, 142.000000, 142.500000, 66
2020/05/06 09:41, 142.500000, 142.500000, 142.500000, 142.500000, 26
2020/05/06 09:42, 142.500000, 142.500000, 142.500000, 142.500000, 13
2020/05/06 09:43, 142.500000, 142.500000, 142.500000, 142.500000, 3
2020/05/06 09:44, 142.500000, 143.000000, 142.500000, 142.500000, 26
2020/05/06 09:45, 143.000000, 143.000000, 142.500000, 143.000000, 6
2020/05/06 09:46, 143.000000, 143.500000, 142.500000, 143.500000, 101
2020/05/06 09:47, 143.500000, 144.000000, 143.500000, 143.500000, 116
2020/05/06 09:48, 143.500000, 144.000000, 143.500000, 144.000000, 84
2020/05/06 09:49, 144.000000, 146.000000, 143.500000, 146.000000, 663
2020/05/06 09:50, 146.000000, 146.500000, 145.000000, 145.500000, 280
2020/05/06 09:51, 145.500000, 146.000000, 145.500000, 146.000000, 166
2020/05/06 09:52, 146.000000, 146.000000, 145.000000, 145.500000, 112
2020/05/06 09:53, 145.500000, 145.500000, 144.500000, 144.500000, 105
2020/05/06 09:54, 145.000000, 145.000000, 144.000000, 145.000000, 76
2020/05/06 09:55, 144.500000, 145.000000, 144.500000, 145.000000, 58
2020/05/06 09:56, 145.000000, 145.500000, 145.000000, 145.000000, 64
2020/05/06 09:57, 145.500000, 145.500000, 145.000000, 145.500000, 41
2020/05/06 09:58, 145.500000, 145.500000, 145.000000, 145.500000, 37
2020/05/06 09:59, 145.500000, 146.000000, 145.000000, 145.500000, 111
2020/05/06 10:00, 145.500000, 146.000000, 145.000000, 145.500000, 73
2020/05/06 10:01, 145.500000, 145.500000, 145.000000, 145.000000, 49
2020/05/06 10:02, 145.500000, 145.500000, 145.000000, 145.000000, 23
2020/05/06 10:03, 145.000000, 145.500000, 145.000000, 145.500000, 14
2020/05/06 10:04, 145.000000, 145.500000, 145.000000, 145.000000, 19
2020/05/06 10:05, 145.000000, 145.000000, 145.000000, 145.000000, 18
2020/05/06 10:06, 145.500000, 145.500000, 145.000000, 145.500000, 9
2020/05/06 10:07, 145.000000, 145.500000, 145.000000, 145.500000, 33
2020/05/06 10:08, 145.500000, 145.500000, 145.000000, 145.500000, 115
2020/05/06 10:09, 145.500000, 147.000000, 145.500000, 147.000000, 511
2020/05/06 10:10, 147.000000, 147.000000, 146.000000, 146.500000, 192
2020/05/06 10:11, 146.500000, 146.500000, 146.000000, 146.500000, 135
2020/05/06 10:12, 146.500000, 146.500000, 146.000000, 146.500000, 34
2020/05/06 10:13, 146.500000, 146.500000, 145.500000, 145.500000, 146
2020/05/06 10:14, 145.500000, 146.000000, 145.500000, 145.500000, 43
2020/05/06 10:15, 146.000000, 146.000000, 145.500000, 145.500000, 34
2020/05/06 10:16, 146.000000, 146.000000, 145.500000, 146.000000, 34
2020/05/06 10:17, 146.000000, 146.000000, 146.000000, 146.000000, 14
2020/05/06 10:18, 146.000000, 146.000000, 145.000000, 145.000000, 169
2020/05/06 10:19, 145.000000, 146.000000, 144.000000, 144.500000, 263
2020/05/06 10:20, 144.500000, 145.000000, 144.000000, 144.500000, 72
2020/05/06 10:21, 145.000000, 145.500000, 144.500000, 145.000000, 57
2020/05/06 10:22, 145.500000, 145.500000, 145.000000, 145.000000, 44
2020/05/06 10:23, 145.000000, 146.000000, 145.000000, 145.500000, 102
2020/05/06 10:24, 145.500000, 145.500000, 145.000000, 145.500000, 20
2020/05/06 10:25, 145.500000, 146.500000, 145.500000, 146.500000, 68
2020/05/06 10:26, 146.500000, 148.500000, 146.000000, 148.000000, 424
2020/05/06 10:27, 148.000000, 148.500000, 147.500000, 148.000000, 67
2020/05/06 10:28, 148.500000, 148.500000, 148.000000, 148.000000, 75
2020/05/06 10:29, 148.000000, 148.000000, 147.500000, 148.000000, 52
2020/05/06 10:30, 148.000000, 148.500000, 147.500000, 148.000000, 57
2020/05/06 10:31, 148.000000, 148.500000, 148.000000, 148.000000, 18
2020/05/06 10:32, 148.500000, 148.500000, 148.000000, 148.000000, 21
2020/05/06 10:33, 148.000000, 148.500000, 148.000000, 148.000000, 144
2020/05/06 10:34, 148.500000, 148.500000, 148.000000, 148.500000, 24
2020/05/06 10:35, 148.500000, 148.500000, 148.000000, 148.000000, 41
2020/05/06 10:36, 148.000000, 148.500000, 148.000000, 148.500000, 18
2020/05/06 10:37, 148.000000, 148.500000, 148.000000, 148.000000, 61
2020/05/06 10:38, 148.000000, 148.500000, 148.000000, 148.000000, 21
2020/05/06 10:39, 148.000000, 148.000000, 147.500000, 147.500000, 20
2020/05/06 10:40, 148.000000, 148.000000, 147.500000, 147.500000, 35
2020/05/06 10:41, 147.500000, 147.500000, 147.000000, 147.500000, 34
2020/05/06 10:42, 147.500000, 147.500000, 147.500000, 147.500000, 23
2020/05/06 10:43, 147.500000, 148.000000, 147.000000, 147.000000, 12
2020/05/06 10:44, 147.500000, 147.500000, 147.500000, 147.500000, 18
2020/05/06 10:45, 147.500000, 148.000000, 147.500000, 148.000000, 9
2020/05/06 10:46, 148.000000, 148.000000, 148.000000, 148.000000, 8
2020/05/06 10:47, 148.000000, 148.000000, 147.500000, 147.500000, 22
2020/05/06 10:48, 147.500000, 147.500000, 147.500000, 147.500000, 7
2020/05/06 10:49, 147.000000, 147.000000, 147.000000, 147.000000, 3
2020/05/06 10:50, 147.500000, 147.500000, 147.000000, 147.000000, 4
2020/05/06 10:51, 147.500000, 147.500000, 147.000000, 147.000000, 8
2020/05/06 10:52, 147.500000, 148.000000, 147.000000, 147.500000, 45
2020/05/06 10:53, 147.500000, 148.000000, 147.500000, 147.500000, 11
2020/05/06 10:54, 148.000000, 148.000000, 147.500000, 147.500000, 10
2020/05/06 10:55, 147.500000, 148.000000, 147.500000, 147.500000, 12
2020/05/06 10:56, 147.500000, 147.500000, 147.500000, 147.500000, 7
2020/05/06 10:57, 147.500000, 148.000000, 147.500000, 147.500000, 33
2020/05/06 10:58, 147.500000, 148.000000, 147.500000, 148.000000, 13
2020/05/06 10:59, 148.000000, 148.500000, 148.000000, 148.000000, 93
2020/05/06 11:00, 148.500000, 148.500000, 148.000000, 148.000000, 15
2020/05/06 11:01, 148.500000, 148.500000, 148.000000, 148.500000, 15
2020/05/06 11:02, 148.500000, 148.500000, 148.000000, 148.000000, 18
2020/05/06 11:03, 148.000000, 148.500000, 148.000000, 148.500000, 8
2020/05/06 11:04, 148.500000, 148.500000, 148.000000, 148.000000, 6
2020/05/06 11:05, 148.000000, 148.500000, 148.000000, 148.000000, 6
2020/05/06 11:06, 148.000000, 148.000000, 147.500000, 148.000000, 60
2020/05/06 11:07, 147.500000, 148.000000, 147.500000, 148.000000, 23
2020/05/06 11:08, 148.000000, 148.000000, 148.000000, 148.000000, 2
2020/05/06 11:09, 148.000000, 148.000000, 147.500000, 147.500000, 14
2020/05/06 11:10, 148.000000, 148.000000, 147.500000, 147.500000, 7
2020/05/06 11:11, 148.000000, 148.000000, 148.000000, 148.000000, 2
2020/05/06 11:12, 147.500000, 147.500000, 147.500000, 147.500000, 24
2020/05/06 11:13, 147.500000, 148.000000, 147.500000, 147.500000, 33
2020/05/06 11:14, 147.500000, 147.500000, 147.500000, 147.500000, 32
2020/05/06 11:15, 147.500000, 148.000000, 147.500000, 147.500000, 5
2020/05/06 11:16, 147.500000, 148.000000, 147.500000, 148.000000, 22
2020/05/06 11:17, 148.000000, 148.000000, 147.500000, 147.500000, 19
2020/05/06 11:18, 147.500000, 147.500000, 147.000000, 147.000000, 30
2020/05/06 11:19, 147.500000, 147.500000, 147.000000, 147.000000, 18
2020/05/06 11:20, 147.000000, 147.000000, 147.000000, 147.000000, 0
2020/05/06 11:21, 147.000000, 147.500000, 147.000000, 147.500000, 17
2020/05/06 11:22, 147.000000, 147.000000, 146.000000, 146.000000, 130
2020/05/06 11:23, 146.000000, 146.500000, 145.500000, 146.000000, 88
2020/05/06 11:24, 146.000000, 146.000000, 145.500000, 145.500000, 52
2020/05/06 11:25, 146.000000, 146.500000, 145.500000, 146.500000, 59
2020/05/06 11:26, 146.000000, 146.000000, 146.000000, 146.000000, 34
2020/05/06 11:27, 146.000000, 146.500000, 145.500000, 146.000000, 16
2020/05/06 11:28, 146.000000, 146.000000, 145.500000, 145.500000, 10
2020/05/06 11:29, 146.000000, 146.000000, 145.500000, 146.000000, 19
2020/05/06 11:30, 146.000000, 146.000000, 145.500000, 146.000000, 14
2020/05/06 11:31, 145.500000, 146.000000, 145.500000, 145.500000, 16
2020/05/06 11:32, 145.500000, 145.500000, 145.500000, 145.500000, 21
2020/05/06 11:33, 145.500000, 146.000000, 145.500000, 146.000000, 10
2020/05/06 11:34, 145.500000, 145.500000, 145.500000, 145.500000, 54
2020/05/06 11:35, 145.000000, 145.000000, 145.000000, 145.000000, 19
2020/05/06 11:36, 145.000000, 145.500000, 145.000000, 145.500000, 30
2020/05/06 11:37, 145.500000, 146.000000, 145.000000, 146.000000, 30
2020/05/06 11:38, 146.000000, 146.000000, 146.000000, 146.000000, 2
2020/05/06 11:39, 145.500000, 145.500000, 145.500000, 145.500000, 19
2020/05/06 11:40, 145.500000, 145.500000, 145.000000, 145.500000, 30
2020/05/06 11:41, 145.500000, 145.500000, 145.000000, 145.500000, 16
2020/05/06 11:42, 145.000000, 145.000000, 144.500000, 145.000000, 187
2020/05/06 11:43, 144.500000, 145.000000, 144.000000, 144.500000, 31
2020/05/06 11:44, 144.500000, 144.500000, 144.500000, 144.500000, 33
2020/05/06 11:45, 144.500000, 144.500000, 144.000000, 144.500000, 44
2020/05/06 11:46, 144.500000, 144.500000, 144.500000, 144.500000, 20
2020/05/06 11:47, 144.500000, 145.000000, 144.000000, 144.500000, 35
2020/05/06 11:48, 144.500000, 144.500000, 144.000000, 144.500000, 32
2020/05/06 11:49, 144.500000, 144.500000, 144.000000, 144.500000, 21
2020/05/06 11:50, 144.500000, 145.000000, 144.500000, 144.500000, 17
2020/05/06 11:51, 145.000000, 145.000000, 145.000000, 145.000000, 37
2020/05/06 11:52, 145.500000, 145.500000, 145.000000, 145.000000, 14
2020/05/06 11:53, 145.000000, 145.000000, 145.000000, 145.000000, 11
2020/05/06 11:54, 145.000000, 145.000000, 145.000000, 145.000000, 19
2020/05/06 11:55, 145.000000, 145.000000, 145.000000, 145.000000, 7
2020/05/06 11:56, 145.000000, 145.000000, 144.500000, 145.000000, 23
2020/05/06 11:57, 145.000000, 145.000000, 144.500000, 144.500000, 7
2020/05/06 11:58, 144.500000, 145.000000, 144.500000, 144.500000, 18
2020/05/06 11:59, 144.500000, 144.500000, 144.000000, 144.000000, 90
2020/05/06 12:00, 144.000000, 144.000000, 143.000000, 143.500000, 131
2020/05/06 12:01, 143.000000, 143.500000, 142.500000, 143.000000, 111
2020/05/06 12:02, 143.000000, 143.000000, 142.500000, 143.000000, 44
2020/05/06 12:03, 143.000000, 143.500000, 143.000000, 143.000000, 36
2020/05/06 12:04, 143.000000, 143.500000, 143.000000, 143.500000, 15
2020/05/06 12:05, 143.000000, 143.500000, 143.000000, 143.500000, 16
2020/05/06 12:06, 143.500000, 143.500000, 143.500000, 143.500000, 23
2020/05/06 12:07, 143.500000, 143.500000, 143.000000, 143.000000, 26
2020/05/06 12:08, 143.000000, 143.500000, 143.000000, 143.000000, 29
2020/05/06 12:09, 142.500000, 143.000000, 142.500000, 142.500000, 21
2020/05/06 12:10, 142.500000, 143.000000, 142.000000, 142.500000, 72
2020/05/06 12:11, 142.000000, 142.500000, 142.000000, 142.000000, 43
2020/05/06 12:12, 142.000000, 142.000000, 141.500000, 142.000000, 98
2020/05/06 12:13, 142.000000, 142.000000, 142.000000, 142.000000, 35
2020/05/06 12:14, 142.000000, 142.000000, 142.000000, 142.000000, 19
2020/05/06 12:15, 142.000000, 142.500000, 142.000000, 142.500000, 39
2020/05/06 12:16, 142.000000, 142.500000, 142.000000, 142.000000, 17
2020/05/06 12:17, 142.000000, 142.000000, 142.000000, 142.000000, 16
2020/05/06 12:18, 142.000000, 142.500000, 141.500000, 142.000000, 24
2020/05/06 12:19, 142.000000, 142.500000, 142.000000, 142.000000, 9
2020/05/06 12:20, 142.000000, 142.500000, 142.000000, 142.500000, 11
2020/05/06 12:21, 142.500000, 142.500000, 142.500000, 142.500000, 21
2020/05/06 12:22, 142.500000, 143.000000, 142.500000, 143.000000, 21
2020/05/06 12:23, 143.000000, 143.000000, 143.000000, 143.000000, 18
2020/05/06 12:24, 143.000000, 143.500000, 143.000000, 143.500000, 31
2020/05/06 12:25, 143.000000, 143.500000, 143.000000, 143.000000, 11
2020/05/06 12:26, 143.000000, 143.000000, 143.000000, 143.000000, 11
2020/05/06 12:27, 143.000000, 143.000000, 143.000000, 143.000000, 7
2020/05/06 12:28, 143.000000, 143.000000, 143.000000, 143.000000, 6
2020/05/06 12:29, 143.000000, 143.000000, 142.500000, 143.000000, 7
2020/05/06 12:30, 142.500000, 142.500000, 142.500000, 142.500000, 32
2020/05/06 12:31, 142.500000, 142.500000, 142.000000, 142.000000, 12
2020/05/06 12:32, 142.000000, 142.000000, 141.500000, 141.500000, 40
2020/05/06 12:33, 141.500000, 142.000000, 141.000000, 141.000000, 44
2020/05/06 12:34, 141.000000, 141.500000, 141.000000, 141.500000, 40
2020/05/06 12:35, 141.500000, 142.000000, 141.000000, 142.000000, 40
2020/05/06 12:36, 141.500000, 141.500000, 141.000000, 141.000000, 38
2020/05/06 12:37, 141.000000, 141.500000, 141.000000, 141.000000, 38
2020/05/06 12:38, 141.000000, 141.500000, 141.000000, 141.500000, 14
2020/05/06 12:39, 141.500000, 141.500000, 141.000000, 141.500000, 5
2020/05/06 12:40, 141.000000, 141.500000, 141.000000, 141.500000, 13
2020/05/06 12:41, 141.500000, 141.500000, 141.500000, 141.500000, 32
2020/05/06 12:42, 141.500000, 141.500000, 141.000000, 141.000000, 51
2020/05/06 12:43, 141.000000, 141.500000, 141.000000, 141.000000, 8
2020/05/06 12:44, 141.000000, 141.500000, 141.000000, 141.500000, 7
2020/05/06 12:45, 141.000000, 141.000000, 141.000000, 141.000000, 36
2020/05/06 12:46, 141.000000, 141.000000, 140.500000, 140.500000, 8
2020/05/06 12:47, 140.500000, 140.500000, 140.500000, 140.500000, 15
2020/05/06 12:48, 140.500000, 141.000000, 140.000000, 140.500000, 82
2020/05/06 12:49, 140.000000, 140.500000, 140.000000, 140.000000, 33
2020/05/06 12:50, 140.000000, 140.500000, 140.000000, 140.000000, 31
2020/05/06 12:51, 140.500000, 140.500000, 140.000000, 140.500000, 11
2020/05/06 12:52, 140.500000, 140.500000, 140.000000, 140.500000, 18
2020/05/06 12:53, 140.500000, 140.500000, 140.500000, 140.500000, 2
2020/05/06 12:54, 140.500000, 141.000000, 140.500000, 141.000000, 13
2020/05/06 12:55, 141.000000, 141.000000, 140.500000, 141.000000, 10
2020/05/06 12:56, 141.000000, 141.000000, 141.000000, 141.000000, 35
2020/05/06 12:57, 141.500000, 141.500000, 141.000000, 141.000000, 8
2020/05/06 12:58, 141.000000, 141.500000, 140.500000, 141.500000, 11
2020/05/06 12:59, 141.000000, 141.500000, 140.500000, 140.500000, 16
2020/05/06 13:00, 141.000000, 141.000000, 141.000000, 141.000000, 1
2020/05/06 13:01, 140.500000, 141.000000, 140.500000, 141.000000, 16
2020/05/06 13:02, 141.000000, 141.000000, 141.000000, 141.000000, 10
2020/05/06 13:03, 141.000000, 141.000000, 141.000000, 141.000000, 15
2020/05/06 13:04, 140.500000, 141.000000, 140.500000, 141.000000, 7
2020/05/06 13:05, 141.000000, 141.000000, 140.500000, 140.500000, 4
2020/05/06 13:06, 140.500000, 140.500000, 140.000000, 140.500000, 72
2020/05/06 13:07, 140.500000, 140.500000, 139.500000, 139.500000, 105
2020/05/06 13:08, 139.500000, 140.000000, 139.000000, 139.000000, 64
2020/05/06 13:09, 139.500000, 140.000000, 139.000000, 139.500000, 35
2020/05/06 13:10, 139.500000, 139.500000, 139.000000, 139.000000, 38
2020/05/06 13:11, 139.000000, 139.500000, 139.000000, 139.000000, 22
2020/05/06 13:12, 139.000000, 139.500000, 139.000000, 139.500000, 20
2020/05/06 13:13, 139.500000, 139.500000, 139.000000, 139.000000, 4
2020/05/06 13:14, 139.500000, 139.500000, 139.000000, 139.500000, 14
2020/05/06 13:15, 139.500000, 140.000000, 139.000000, 139.500000, 23
2020/05/06 13:16, 139.500000, 140.000000, 139.500000, 139.500000, 12
2020/05/06 13:17, 139.500000, 140.000000, 139.500000, 139.500000, 16
2020/05/06 13:18, 139.500000, 140.000000, 139.500000, 139.500000, 14
2020/05/06 13:19, 139.500000, 140.000000, 139.500000, 140.000000, 23
2020/05/06 13:20, 140.000000, 140.000000, 140.000000, 140.000000, 30
2020/05/06 13:21, 140.000000, 140.000000, 139.500000, 140.000000, 31
2020/05/06 13:22, 140.000000, 140.500000, 140.000000, 140.000000, 9
2020/05/06 13:23, 140.000000, 140.500000, 140.000000, 140.500000, 5
2020/05/06 13:24, 140.000000, 140.500000, 140.000000, 140.000000, 19
2020/05/06 13:25, 140.000000, 140.500000, 140.000000, 140.500000, 18
2020/05/06 13:26, 140.500000, 140.500000, 140.500000, 140.500000, 0
2020/05/06 13:27, 140.500000, 140.500000, 140.500000, 140.500000, 0
2020/05/06 13:28, 140.500000, 140.500000, 140.500000, 140.500000, 0
2020/05/06 13:29, 140.500000, 140.500000, 140.500000, 140.500000, 0
2020/05/06 13:30, 140.500000, 140.500000, 140.500000, 140.500000, 318
2020/05/07 09:01, 143.000000, 144.500000, 143.000000, 144.500000, 275
2020/05/07 09:02, 144.000000, 144.500000, 143.000000, 143.500000, 116
2020/05/07 09:03, 143.500000, 144.000000, 143.000000, 143.500000, 85
2020/05/07 09:04, 143.500000, 144.000000, 143.500000, 144.000000, 66
2020/05/07 09:05, 143.500000, 144.000000, 143.000000, 143.000000, 88
2020/05/07 09:06, 142.500000, 143.000000, 142.000000, 142.500000, 84
2020/05/07 09:07, 143.000000, 143.000000, 142.000000, 142.500000, 27
2020/05/07 09:08, 143.000000, 143.000000, 142.500000, 142.500000, 23
2020/05/07 09:09, 143.000000, 143.000000, 142.500000, 143.000000, 68
2020/05/07 09:10, 143.000000, 143.500000, 142.500000, 143.500000, 55
2020/05/07 09:11, 143.500000, 144.000000, 143.000000, 143.500000, 55
2020/05/07 09:12, 144.000000, 144.000000, 143.000000, 143.000000, 55
2020/05/07 09:13, 143.000000, 143.500000, 143.000000, 143.500000, 13
2020/05/07 09:14, 143.500000, 143.500000, 143.500000, 143.500000, 21
2020/05/07 09:15, 143.500000, 143.500000, 143.000000, 143.500000, 22
2020/05/07 09:16, 143.500000, 143.500000, 143.000000, 143.000000, 54
2020/05/07 09:17, 143.000000, 143.000000, 142.500000, 142.500000, 11
2020/05/07 09:18, 142.500000, 142.500000, 142.000000, 142.500000, 41
2020/05/07 09:19, 142.000000, 142.500000, 142.000000, 142.000000, 27
2020/05/07 09:20, 142.000000, 142.500000, 142.000000, 142.500000, 23
2020/05/07 09:21, 142.500000, 142.500000, 142.000000, 142.500000, 31
2020/05/07 09:22, 142.500000, 142.500000, 142.000000, 142.500000, 17
2020/05/07 09:23, 142.500000, 142.500000, 142.500000, 142.500000, 5
2020/05/07 09:24, 142.500000, 142.500000, 142.500000, 142.500000, 14
2020/05/07 09:25, 142.500000, 142.500000, 142.000000, 142.500000, 27
2020/05/07 09:26, 142.500000, 142.500000, 142.000000, 142.000000, 4
2020/05/07 09:27, 142.000000, 142.000000, 141.500000, 141.500000, 77
2020/05/07 09:28, 141.500000, 142.000000, 141.500000, 142.000000, 27
2020/05/07 09:29, 142.000000, 142.000000, 141.500000, 142.000000, 24
2020/05/07 09:30, 141.500000, 141.500000, 141.000000, 141.500000, 64
2020/05/07 09:31, 142.000000, 142.000000, 141.000000, 142.000000, 49
2020/05/07 09:32, 142.000000, 142.000000, 141.000000, 141.500000, 23
2020/05/07 09:33, 141.500000, 141.500000, 141.000000, 141.500000, 15
2020/05/07 09:34, 141.500000, 141.500000, 141.000000, 141.500000, 17
2020/05/07 09:35, 141.500000, 141.500000, 141.000000, 141.500000, 15
2020/05/07 09:36, 141.500000, 141.500000, 141.000000, 141.000000, 5
2020/05/07 09:37, 141.000000, 141.000000, 141.000000, 141.000000, 11
2020/05/07 09:38, 141.000000, 141.500000, 140.500000, 141.000000, 79
2020/05/07 09:39, 141.000000, 141.000000, 140.500000, 141.000000, 31
2020/05/07 09:40, 141.000000, 141.000000, 141.000000, 141.000000, 32
2020/05/07 09:41, 141.500000, 141.500000, 141.000000, 141.500000, 15
2020/05/07 09:42, 141.000000, 141.000000, 141.000000, 141.000000, 17
2020/05/07 09:43, 141.000000, 141.000000, 141.000000, 141.000000, 17
2020/05/07 09:44, 141.000000, 141.000000, 141.000000, 141.000000, 8
2020/05/07 09:45, 141.500000, 141.500000, 141.000000, 141.000000, 2
2020/05/07 09:46, 141.000000, 141.000000, 141.000000, 141.000000, 1
2020/05/07 09:47, 141.000000, 141.000000, 140.500000, 141.000000, 23
2020/05/07 09:48, 141.000000, 141.500000, 141.000000, 141.500000, 2
2020/05/07 09:49, 141.500000, 142.000000, 141.500000, 142.000000, 35
2020/05/07 09:50, 142.000000, 142.000000, 142.000000, 142.000000, 1
2020/05/07 09:51, 142.000000, 142.000000, 142.000000, 142.000000, 1
2020/05/07 09:52, 141.500000, 141.500000, 141.500000, 141.500000, 1
2020/05/07 09:53, 141.500000, 141.500000, 141.500000, 141.500000, 3
2020/05/07 09:54, 141.500000, 142.000000, 141.500000, 142.000000, 9
2020/05/07 09:55, 142.000000, 142.000000, 141.500000, 141.500000, 20
2020/05/07 09:56, 141.500000, 141.500000, 141.500000, 141.500000, 2
2020/05/07 09:57, 141.500000, 141.500000, 141.500000, 141.500000, 11
2020/05/07 09:58, 141.500000, 141.500000, 141.500000, 141.500000, 3
2020/05/07 09:59, 141.500000, 142.000000, 141.000000, 141.500000, 14
2020/05/07 10:00, 141.500000, 141.500000, 141.500000, 141.500000, 4
2020/05/07 10:01, 141.500000, 141.500000, 141.500000, 141.500000, 1
2020/05/07 10:02, 141.500000, 141.500000, 141.500000, 141.500000, 5
2020/05/07 10:03, 141.500000, 141.500000, 141.500000, 141.500000, 1
2020/05/07 10:04, 142.000000, 142.000000, 142.000000, 142.000000, 1
2020/05/07 10:05, 141.500000, 142.000000, 141.500000, 142.000000, 9
2020/05/07 10:06, 142.000000, 142.000000, 142.000000, 142.000000, 49
2020/05/07 10:07, 142.500000, 142.500000, 142.000000, 142.500000, 15
2020/05/07 10:08, 142.500000, 142.500000, 142.500000, 142.500000, 37
2020/05/07 10:09, 143.000000, 143.000000, 143.000000, 143.000000, 38
2020/05/07 10:10, 143.000000, 143.000000, 143.000000, 143.000000, 10
2020/05/07 10:11, 143.000000, 143.000000, 143.000000, 143.000000, 3
2020/05/07 10:12, 143.000000, 143.000000, 143.000000, 143.000000, 3
2020/05/07 10:13, 143.000000, 143.000000, 142.500000, 142.500000, 7
2020/05/07 10:14, 142.500000, 143.000000, 142.000000, 142.000000, 27
2020/05/07 10:15, 142.000000, 142.000000, 142.000000, 142.000000, 9
2020/05/07 10:16, 142.000000, 142.000000, 142.000000, 142.000000, 2
2020/05/07 10:17, 142.000000, 142.000000, 142.000000, 142.000000, 1
2020/05/07 10:18, 142.500000, 142.500000, 142.500000, 142.500000, 11
2020/05/07 10:19, 142.500000, 142.500000, 142.500000, 142.500000, 0
2020/05/07 10:20, 142.500000, 142.500000, 142.500000, 142.500000, 6
2020/05/07 10:21, 142.500000, 142.500000, 142.500000, 142.500000, 2
2020/05/07 10:22, 142.500000, 142.500000, 142.000000, 142.500000, 26
2020/05/07 10:23, 142.500000, 142.500000, 142.500000, 142.500000, 5
2020/05/07 10:24, 142.500000, 142.500000, 142.500000, 142.500000, 3
2020/05/07 10:25, 142.500000, 142.500000, 142.500000, 142.500000, 0
2020/05/07 10:26, 143.000000, 143.000000, 143.000000, 143.000000, 6
2020/05/07 10:27, 143.000000, 143.000000, 143.000000, 143.000000, 51
2020/05/07 10:28, 143.500000, 143.500000, 143.000000, 143.500000, 13
2020/05/07 10:29, 143.500000, 143.500000, 143.500000, 143.500000, 29
2020/05/07 10:30, 143.500000, 144.000000, 143.500000, 144.000000, 41
2020/05/07 10:31, 144.000000, 144.000000, 143.500000, 143.500000, 15
2020/05/07 10:32, 143.500000, 143.500000, 143.500000, 143.500000, 5
2020/05/07 10:33, 143.500000, 144.000000, 143.000000, 143.500000, 60
2020/05/07 10:34, 144.000000, 144.000000, 143.500000, 143.500000, 6
2020/05/07 10:35, 143.000000, 143.500000, 143.000000, 143.000000, 7
2020/05/07 10:36, 143.500000, 143.500000, 143.000000, 143.500000, 17
2020/05/07 10:37, 143.500000, 143.500000, 143.500000, 143.500000, 4
2020/05/07 10:38, 143.500000, 144.000000, 143.000000, 143.000000, 16
2020/05/07 10:39, 143.500000, 143.500000, 143.500000, 143.500000, 3
2020/05/07 10:40, 143.500000, 144.000000, 143.500000, 143.500000, 6
2020/05/07 10:41, 143.500000, 143.500000, 143.500000, 143.500000, 0
2020/05/07 10:42, 143.500000, 143.500000, 143.500000, 143.500000, 8
2020/05/07 10:43, 143.500000, 143.500000, 143.500000, 143.500000, 6
2020/05/07 10:44, 143.500000, 143.500000, 143.500000, 143.500000, 1
2020/05/07 10:45, 143.500000, 143.500000, 143.500000, 143.500000, 5
2020/05/07 10:46, 143.500000, 143.500000, 143.500000, 143.500000, 4
2020/05/07 10:47, 143.500000, 143.500000, 143.500000, 143.500000, 6
2020/05/07 10:48, 143.500000, 143.500000, 143.500000, 143.500000, 3
2020/05/07 10:49, 143.500000, 143.500000, 143.000000, 143.500000, 6
2020/05/07 10:50, 143.500000, 143.500000, 143.500000, 143.500000, 4
2020/05/07 10:51, 143.500000, 143.500000, 143.000000, 143.000000, 11
2020/05/07 10:52, 143.500000, 143.500000, 143.000000, 143.000000, 3
2020/05/07 10:53, 143.000000, 143.000000, 143.000000, 143.000000, 0
2020/05/07 10:54, 143.000000, 143.000000, 143.000000, 143.000000, 3
2020/05/07 10:55, 143.500000, 143.500000, 143.000000, 143.000000, 16
2020/05/07 10:56, 143.000000, 143.000000, 142.500000, 142.500000, 28
2020/05/07 10:57, 142.500000, 142.500000, 142.500000, 142.500000, 5
2020/05/07 10:58, 143.000000, 143.000000, 143.000000, 143.000000, 2
2020/05/07 10:59, 143.000000, 143.000000, 143.000000, 143.000000, 5
2020/05/07 11:00, 143.000000, 143.000000, 143.000000, 143.000000, 7
2020/05/07 11:01, 143.000000, 143.000000, 143.000000, 143.000000, 7
2020/05/07 11:02, 143.000000, 143.000000, 143.000000, 143.000000, 0
2020/05/07 11:03, 143.000000, 143.000000, 143.000000, 143.000000, 1
2020/05/07 11:04, 143.000000, 143.000000, 143.000000, 143.000000, 9
2020/05/07 11:05, 143.000000, 143.000000, 143.000000, 143.000000, 7
2020/05/07 11:06, 143.000000, 143.000000, 143.000000, 143.000000, 4
2020/05/07 11:07, 143.000000, 143.000000, 143.000000, 143.000000, 9
2020/05/07 11:08, 143.000000, 143.500000, 143.000000, 143.500000, 5
2020/05/07 11:09, 143.500000, 143.500000, 143.000000, 143.000000, 4
2020/05/07 11:10, 143.000000, 143.500000, 143.000000, 143.500000, 9
2020/05/07 11:11, 143.000000, 143.000000, 143.000000, 143.000000, 2
2020/05/07 11:12, 143.500000, 143.500000, 143.000000, 143.500000, 5
2020/05/07 11:13, 143.000000, 143.500000, 143.000000, 143.500000, 4
2020/05/07 11:14, 143.000000, 143.000000, 143.000000, 143.000000, 2
2020/05/07 11:15, 143.000000, 143.000000, 143.000000, 143.000000, 1
2020/05/07 11:16, 143.000000, 143.000000, 143.000000, 143.000000, 2
2020/05/07 11:17, 143.000000, 143.000000, 143.000000, 143.000000, 2
2020/05/07 11:18, 143.000000, 143.000000, 143.000000, 143.000000, 5
2020/05/07 11:19, 143.000000, 143.000000, 143.000000, 143.000000, 9
2020/05/07 11:20, 143.000000, 143.000000, 143.000000, 143.000000, 0
2020/05/07 11:21, 143.000000, 143.000000, 143.000000, 143.000000, 6
2020/05/07 11:22, 143.000000, 143.000000, 143.000000, 143.000000, 0
2020/05/07 11:23, 143.000000, 143.000000, 143.000000, 143.000000, 14
2020/05/07 11:24, 143.000000, 143.000000, 143.000000, 143.000000, 3
2020/05/07 11:25, 143.000000, 143.000000, 143.000000, 143.000000, 11
2020/05/07 11:26, 143.000000, 143.000000, 143.000000, 143.000000, 2
2020/05/07 11:27, 142.500000, 142.500000, 142.500000, 142.500000, 18
2020/05/07 11:28, 142.500000, 142.500000, 142.500000, 142.500000, 36
2020/05/07 11:29, 142.500000, 142.500000, 142.500000, 142.500000, 2
2020/05/07 11:30, 142.500000, 142.500000, 142.000000, 142.000000, 6
2020/05/07 11:31, 142.000000, 142.000000, 142.000000, 142.000000, 4
2020/05/07 11:32, 142.000000, 142.000000, 142.000000, 142.000000, 28
2020/05/07 11:33, 142.000000, 142.000000, 142.000000, 142.000000, 10
2020/05/07 11:34, 142.000000, 142.000000, 142.000000, 142.000000, 3
2020/05/07 11:35, 142.000000, 142.000000, 142.000000, 142.000000, 0
2020/05/07 11:36, 142.000000, 142.000000, 142.000000, 142.000000, 0
2020/05/07 11:37, 142.500000, 142.500000, 142.500000, 142.500000, 1
2020/05/07 11:38, 142.500000, 142.500000, 142.500000, 142.500000, 1
2020/05/07 11:39, 142.500000, 142.500000, 142.500000, 142.500000, 1
2020/05/07 11:40, 142.500000, 142.500000, 142.500000, 142.500000, 0
2020/05/07 11:41, 142.500000, 142.500000, 142.500000, 142.500000, 1
2020/05/07 11:42, 142.500000, 142.500000, 142.500000, 142.500000, 10
2020/05/07 11:43, 142.500000, 142.500000, 142.500000, 142.500000, 7
2020/05/07 11:44, 142.500000, 142.500000, 142.500000, 142.500000, 14
2020/05/07 11:45, 142.500000, 142.500000, 142.500000, 142.500000, 5
2020/05/07 11:46, 142.500000, 142.500000, 142.000000, 142.000000, 2
2020/05/07 11:47, 142.500000, 142.500000, 142.000000, 142.500000, 3
2020/05/07 11:48, 142.000000, 142.000000, 142.000000, 142.000000, 1
2020/05/07 11:49, 142.000000, 142.000000, 141.500000, 141.500000, 35
2020/05/07 11:50, 141.500000, 142.000000, 141.500000, 142.000000, 2
2020/05/07 11:51, 142.000000, 142.000000, 142.000000, 142.000000, 0
2020/05/07 11:52, 142.000000, 142.000000, 142.000000, 142.000000, 2
2020/05/07 11:53, 142.000000, 142.000000, 142.000000, 142.000000, 4
2020/05/07 11:54, 142.000000, 142.000000, 141.500000, 141.500000, 2
2020/05/07 11:55, 141.500000, 141.500000, 141.500000, 141.500000, 1
2020/05/07 11:56, 141.500000, 142.000000, 141.500000, 141.500000, 12
2020/05/07 11:57, 141.500000, 141.500000, 141.500000, 141.500000, 0
2020/05/07 11:58, 142.000000, 142.000000, 142.000000, 142.000000, 1
2020/05/07 11:59, 142.000000, 142.000000, 142.000000, 142.000000, 0
2020/05/07 12:00, 142.000000, 142.000000, 142.000000, 142.000000, 1
2020/05/07 12:01, 142.000000, 142.000000, 142.000000, 142.000000, 2
2020/05/07 12:02, 142.000000, 142.000000, 142.000000, 142.000000, 0
2020/05/07 12:03, 142.000000, 142.000000, 142.000000, 142.000000, 8
2020/05/07 12:04, 142.000000, 142.000000, 142.000000, 142.000000, 11
2020/05/07 12:05, 142.000000, 142.000000, 142.000000, 142.000000, 11
2020/05/07 12:06, 142.000000, 142.000000, 142.000000, 142.000000, 0
2020/05/07 12:07, 142.000000, 142.000000, 142.000000, 142.000000, 0
2020/05/07 12:08, 142.500000, 142.500000, 142.500000, 142.500000, 2
2020/05/07 12:09, 142.500000, 142.500000, 142.500000, 142.500000, 5
2020/05/07 12:10, 142.500000, 142.500000, 142.500000, 142.500000, 0
2020/05/07 12:11, 142.500000, 142.500000, 142.500000, 142.500000, 3
2020/05/07 12:12, 142.500000, 142.500000, 142.500000, 142.500000, 7
2020/05/07 12:13, 142.500000, 142.500000, 142.500000, 142.500000, 6
2020/05/07 12:14, 142.500000, 143.000000, 142.500000, 143.000000, 7
2020/05/07 12:15, 143.000000, 143.000000, 143.000000, 143.000000, 0
2020/05/07 12:16, 143.000000, 143.000000, 143.000000, 143.000000, 0
2020/05/07 12:17, 143.000000, 143.000000, 143.000000, 143.000000, 11
2020/05/07 12:18, 142.500000, 142.500000, 142.500000, 142.500000, 7
2020/05/07 12:19, 142.500000, 142.500000, 142.500000, 142.500000, 0
2020/05/07 12:20, 142.000000, 142.000000, 142.000000, 142.000000, 31
2020/05/07 12:21, 142.000000, 142.000000, 141.500000, 142.000000, 14
2020/05/07 12:22, 142.000000, 142.000000, 142.000000, 142.000000, 12
2020/05/07 12:23, 142.000000, 142.000000, 142.000000, 142.000000, 1
2020/05/07 12:24, 142.000000, 142.000000, 142.000000, 142.000000, 0
2020/05/07 12:25, 142.000000, 142.000000, 142.000000, 142.000000, 1
2020/05/07 12:26, 142.000000, 142.000000, 142.000000, 142.000000, 2
2020/05/07 12:27, 142.000000, 142.000000, 142.000000, 142.000000, 2
2020/05/07 12:28, 142.000000, 142.000000, 142.000000, 142.000000, 12
2020/05/07 12:29, 141.500000, 141.500000, 141.500000, 141.500000, 2
2020/05/07 12:30, 141.500000, 141.500000, 141.500000, 141.500000, 0
2020/05/07 12:31, 142.000000, 142.000000, 142.000000, 142.000000, 8
2020/05/07 12:32, 142.500000, 142.500000, 142.000000, 142.000000, 13
2020/05/07 12:33, 142.000000, 142.500000, 142.000000, 142.500000, 4
2020/05/07 12:34, 142.500000, 142.500000, 142.500000, 142.500000, 0
2020/05/07 12:35, 142.500000, 142.500000, 142.500000, 142.500000, 0
2020/05/07 12:36, 142.000000, 142.500000, 142.000000, 142.000000, 3
2020/05/07 12:37, 142.500000, 142.500000, 142.500000, 142.500000, 2
2020/05/07 12:38, 142.500000, 142.500000, 142.500000, 142.500000, 8
2020/05/07 12:39, 142.500000, 142.500000, 142.500000, 142.500000, 4
2020/05/07 12:40, 142.500000, 142.500000, 142.000000, 142.500000, 4
2020/05/07 12:41, 142.000000, 142.000000, 142.000000, 142.000000, 3
2020/05/07 12:42, 142.000000, 142.000000, 142.000000, 142.000000, 0
2020/05/07 12:43, 142.500000, 142.500000, 142.500000, 142.500000, 1
2020/05/07 12:44, 142.500000, 142.500000, 142.500000, 142.500000, 0
2020/05/07 12:45, 142.500000, 142.500000, 142.500000, 142.500000, 2
2020/05/07 12:46, 142.000000, 142.500000, 142.000000, 142.500000, 5
2020/05/07 12:47, 142.500000, 142.500000, 142.500000, 142.500000, 13
2020/05/07 12:48, 142.500000, 142.500000, 142.500000, 142.500000, 3
2020/05/07 12:49, 142.000000, 142.500000, 142.000000, 142.000000, 10
2020/05/07 12:50, 142.500000, 143.000000, 142.500000, 143.000000, 21
2020/05/07 12:51, 143.000000, 143.000000, 142.000000, 143.000000, 23
2020/05/07 12:52, 143.000000, 143.000000, 143.000000, 143.000000, 3
2020/05/07 12:53, 143.000000, 143.000000, 143.000000, 143.000000, 3
2020/05/07 12:54, 143.000000, 143.000000, 142.500000, 142.500000, 3
2020/05/07 12:55, 142.500000, 142.500000, 142.500000, 142.500000, 1
2020/05/07 12:56, 142.500000, 143.000000, 142.500000, 142.500000, 6
2020/05/07 12:57, 142.500000, 143.000000, 142.500000, 143.000000, 8
2020/05/07 12:58, 142.500000, 142.500000, 142.500000, 142.500000, 1
2020/05/07 12:59, 142.500000, 142.500000, 142.500000, 142.500000, 1
2020/05/07 13:00, 143.000000, 143.000000, 142.500000, 142.500000, 4
2020/05/07 13:01, 143.000000, 143.000000, 142.500000, 142.500000, 15
2020/05/07 13:02, 143.000000, 143.500000, 142.500000, 143.500000, 62
2020/05/07 13:03, 143.500000, 143.500000, 143.500000, 143.500000, 1
2020/05/07 13:04, 143.500000, 144.000000, 143.500000, 144.000000, 106
2020/05/07 13:05, 143.500000, 144.000000, 143.500000, 144.000000, 33
2020/05/07 13:06, 144.000000, 144.500000, 144.000000, 144.000000, 75
2020/05/07 13:07, 144.500000, 144.500000, 144.000000, 144.500000, 42
2020/05/07 13:08, 144.500000, 144.500000, 144.000000, 144.500000, 33
2020/05/07 13:09, 144.000000, 144.500000, 144.000000, 144.000000, 27
2020/05/07 13:10, 144.500000, 144.500000, 143.500000, 143.500000, 53
2020/05/07 13:11, 144.000000, 144.000000, 144.000000, 144.000000, 28
2020/05/07 13:12, 144.000000, 144.000000, 143.500000, 144.000000, 9
2020/05/07 13:13, 143.500000, 144.000000, 143.500000, 143.500000, 7
2020/05/07 13:14, 144.000000, 144.000000, 143.500000, 143.500000, 3
2020/05/07 13:15, 143.500000, 143.500000, 143.500000, 143.500000, 5
2020/05/07 13:16, 144.000000, 144.000000, 143.500000, 143.500000, 12
2020/05/07 13:17, 143.500000, 144.000000, 143.500000, 144.000000, 17
2020/05/07 13:18, 144.000000, 144.000000, 143.500000, 144.000000, 7
2020/05/07 13:19, 144.000000, 144.000000, 144.000000, 144.000000, 8
2020/05/07 13:20, 144.000000, 144.000000, 143.500000, 144.000000, 9
2020/05/07 13:21, 144.000000, 144.000000, 143.500000, 143.500000, 28
2020/05/07 13:22, 143.500000, 143.500000, 143.500000, 143.500000, 42
2020/05/07 13:23, 144.000000, 144.000000, 143.500000, 144.000000, 82
2020/05/07 13:24, 144.000000, 144.500000, 144.000000, 144.000000, 29
2020/05/07 13:25, 144.500000, 144.500000, 144.000000, 144.500000, 43
2020/05/07 13:26, 144.500000, 144.500000, 144.500000, 144.500000, 0
2020/05/07 13:27, 144.500000, 144.500000, 144.500000, 144.500000, 0
2020/05/07 13:28, 144.500000, 144.500000, 144.500000, 144.500000, 0
2020/05/07 13:29, 144.500000, 144.500000, 144.500000, 144.500000, 0
2020/05/07 13:30, 145.000000, 145.000000, 145.000000, 145.000000, 413
2020/05/08 09:01, 148.000000, 148.000000, 147.000000, 147.500000, 292
2020/05/08 09:02, 147.500000, 148.000000, 147.000000, 147.000000, 103
2020/05/08 09:03, 147.000000, 147.000000, 146.000000, 146.500000, 90
2020/05/08 09:04, 146.000000, 147.000000, 146.000000, 147.000000, 75
2020/05/08 09:05, 146.500000, 146.500000, 146.000000, 146.000000, 48
2020/05/08 09:06, 146.000000, 146.000000, 145.000000, 145.500000, 58
2020/05/08 09:07, 145.500000, 146.000000, 145.000000, 145.500000, 47
2020/05/08 09:08, 145.500000, 146.000000, 145.000000, 146.000000, 24
2020/05/08 09:09, 145.500000, 146.000000, 145.500000, 145.500000, 14
2020/05/08 09:10, 145.500000, 146.000000, 145.500000, 146.000000, 10
2020/05/08 09:11, 146.000000, 146.000000, 145.500000, 146.000000, 53
2020/05/08 09:12, 146.000000, 146.000000, 145.500000, 146.000000, 33
2020/05/08 09:13, 146.000000, 146.000000, 145.500000, 145.500000, 15
2020/05/08 09:14, 145.500000, 146.500000, 145.500000, 146.000000, 25
2020/05/08 09:15, 146.500000, 146.500000, 146.000000, 146.000000, 19
2020/05/08 09:16, 146.000000, 146.000000, 145.000000, 145.500000, 59
2020/05/08 09:17, 145.500000, 145.500000, 145.000000, 145.000000, 94
2020/05/08 09:18, 144.500000, 145.000000, 143.500000, 143.500000, 63
2020/05/08 09:19, 143.500000, 144.500000, 143.500000, 144.000000, 45
2020/05/08 09:20, 144.000000, 144.500000, 144.000000, 144.000000, 13
2020/05/08 09:21, 144.500000, 144.500000, 144.000000, 144.000000, 14
2020/05/08 09:22, 144.500000, 145.000000, 144.000000, 144.500000, 55
2020/05/08 09:23, 144.500000, 144.500000, 144.000000, 144.500000, 9
2020/05/08 09:24, 144.500000, 144.500000, 144.000000, 144.500000, 17
2020/05/08 09:25, 144.500000, 144.500000, 144.000000, 144.500000, 29
2020/05/08 09:26, 145.000000, 145.000000, 144.000000, 145.000000, 14
2020/05/08 09:27, 145.000000, 145.000000, 144.500000, 144.500000, 10
2020/05/08 09:28, 144.500000, 144.500000, 144.500000, 144.500000, 4
2020/05/08 09:29, 144.500000, 144.500000, 144.000000, 144.000000, 14
2020/05/08 09:30, 144.000000, 144.000000, 144.000000, 144.000000, 6
2020/05/08 09:31, 144.000000, 144.000000, 144.000000, 144.000000, 15
2020/05/08 09:32, 144.000000, 144.500000, 144.000000, 144.000000, 8
2020/05/08 09:33, 144.000000, 144.000000, 144.000000, 144.000000, 9
2020/05/08 09:34, 144.000000, 144.500000, 144.000000, 144.000000, 6
2020/05/08 09:35, 144.000000, 144.000000, 144.000000, 144.000000, 22
2020/05/08 09:36, 143.500000, 144.000000, 143.500000, 144.000000, 10
2020/05/08 09:37, 144.000000, 144.000000, 143.500000, 144.000000, 4
2020/05/08 09:38, 144.000000, 144.000000, 143.500000, 143.500000, 15
2020/05/08 09:39, 144.000000, 144.000000, 144.000000, 144.000000, 13
2020/05/08 09:40, 144.000000, 144.000000, 144.000000, 144.000000, 7
2020/05/08 09:41, 144.000000, 144.000000, 143.500000, 144.000000, 11
2020/05/08 09:42, 144.000000, 144.000000, 144.000000, 144.000000, 10
2020/05/08 09:43, 144.000000, 144.000000, 144.000000, 144.000000, 2
2020/05/08 09:44, 144.000000, 144.000000, 143.500000, 144.000000, 20
2020/05/08 09:45, 144.000000, 144.000000, 144.000000, 144.000000, 6
2020/05/08 09:46, 144.000000, 144.000000, 144.000000, 144.000000, 2
2020/05/08 09:47, 144.000000, 144.000000, 144.000000, 144.000000, 2
2020/05/08 09:48, 144.000000, 144.000000, 144.000000, 144.000000, 6
2020/05/08 09:49, 144.000000, 144.500000, 144.000000, 144.500000, 24
2020/05/08 09:50, 144.500000, 144.500000, 144.000000, 144.500000, 4
2020/05/08 09:51, 144.500000, 144.500000, 144.500000, 144.500000, 14
2020/05/08 09:52, 144.500000, 144.500000, 144.000000, 144.000000, 31
2020/05/08 09:53, 145.000000, 145.000000, 145.000000, 145.000000, 1
2020/05/08 09:54, 144.500000, 145.000000, 144.500000, 144.500000, 4
2020/05/08 09:55, 144.500000, 144.500000, 144.500000, 144.500000, 0
2020/05/08 09:56, 144.500000, 144.500000, 144.000000, 144.000000, 19
2020/05/08 09:57, 144.000000, 144.000000, 144.000000, 144.000000, 11
2020/05/08 09:58, 144.000000, 144.000000, 144.000000, 144.000000, 6
2020/05/08 09:59, 144.000000, 144.000000, 144.000000, 144.000000, 7
2020/05/08 10:00, 144.000000, 144.000000, 144.000000, 144.000000, 3
2020/05/08 10:01, 143.500000, 143.500000, 143.500000, 143.500000, 42
2020/05/08 10:02, 143.500000, 143.500000, 143.000000, 143.500000, 22
2020/05/08 10:03, 143.000000, 143.500000, 143.000000, 143.000000, 38
2020/05/08 10:04, 143.000000, 143.000000, 142.000000, 142.500000, 56
2020/05/08 10:05, 142.000000, 142.500000, 142.000000, 142.500000, 25
2020/05/08 10:06, 142.500000, 142.500000, 142.000000, 142.500000, 29
2020/05/08 10:07, 142.500000, 143.000000, 142.500000, 142.500000, 5
2020/05/08 10:08, 142.500000, 142.500000, 142.500000, 142.500000, 25
2020/05/08 10:09, 142.500000, 142.500000, 142.500000, 142.500000, 5
2020/05/08 10:10, 142.500000, 142.500000, 142.000000, 142.000000, 106
2020/05/08 10:11, 142.000000, 142.000000, 142.000000, 142.000000, 19
2020/05/08 10:12, 142.000000, 142.000000, 142.000000, 142.000000, 9
2020/05/08 10:13, 142.000000, 142.500000, 142.000000, 142.500000, 21
2020/05/08 10:14, 142.500000, 142.500000, 142.000000, 142.500000, 9
2020/05/08 10:15, 142.500000, 142.500000, 142.000000, 142.000000, 5
2020/05/08 10:16, 142.000000, 142.500000, 142.000000, 142.000000, 38
2020/05/08 10:17, 142.000000, 142.000000, 141.500000, 141.500000, 15
2020/05/08 10:18, 141.500000, 142.000000, 141.500000, 141.500000, 15
2020/05/08 10:19, 141.500000, 141.500000, 141.500000, 141.500000, 13
2020/05/08 10:20, 141.500000, 142.000000, 141.500000, 142.000000, 8
2020/05/08 10:21, 142.000000, 142.000000, 141.500000, 142.000000, 34
2020/05/08 10:22, 142.000000, 142.000000, 142.000000, 142.000000, 5
2020/05/08 10:23, 142.000000, 142.000000, 141.500000, 141.500000, 34
2020/05/08 10:24, 141.500000, 142.000000, 141.500000, 142.000000, 19
2020/05/08 10:25, 142.000000, 142.000000, 142.000000, 142.000000, 3
2020/05/08 10:26, 142.000000, 142.000000, 142.000000, 142.000000, 15
2020/05/08 10:27, 142.000000, 142.000000, 142.000000, 142.000000, 7
2020/05/08 10:28, 142.000000, 142.000000, 142.000000, 142.000000, 0
2020/05/08 10:29, 142.000000, 142.000000, 142.000000, 142.000000, 9
2020/05/08 10:30, 142.000000, 142.000000, 142.000000, 142.000000, 11
2020/05/08 10:31, 142.000000, 142.000000, 142.000000, 142.000000, 15
2020/05/08 10:32, 142.500000, 142.500000, 142.000000, 142.000000, 5
2020/05/08 10:33, 142.000000, 142.000000, 142.000000, 142.000000, 6
2020/05/08 10:34, 142.000000, 142.000000, 142.000000, 142.000000, 6
2020/05/08 10:35, 142.000000, 142.000000, 142.000000, 142.000000, 8
2020/05/08 10:36, 142.000000, 142.000000, 142.000000, 142.000000, 2
2020/05/08 10:37, 142.000000, 142.000000, 141.500000, 142.000000, 12
2020/05/08 10:38, 142.000000, 142.000000, 142.000000, 142.000000, 4
2020/05/08 10:39, 142.000000, 142.000000, 141.500000, 141.500000, 4
2020/05/08 10:40, 141.500000, 142.000000, 141.500000, 142.000000, 2
2020/05/08 10:41, 142.000000, 142.000000, 142.000000, 142.000000, 15
2020/05/08 10:42, 141.500000, 142.000000, 141.500000, 142.000000, 3
2020/05/08 10:43, 142.000000, 142.000000, 142.000000, 142.000000, 7
2020/05/08 10:44, 142.000000, 142.000000, 142.000000, 142.000000, 4
2020/05/08 10:45, 142.500000, 142.500000, 142.000000, 142.500000, 9
2020/05/08 10:46, 142.000000, 142.000000, 142.000000, 142.000000, 16
2020/05/08 10:47, 142.000000, 142.500000, 142.000000, 142.500000, 6
2020/05/08 10:48, 142.500000, 143.000000, 142.000000, 143.000000, 26
2020/05/08 10:49, 143.000000, 143.000000, 143.000000, 143.000000, 2
2020/05/08 10:50, 143.000000, 143.000000, 142.000000, 142.000000, 19
2020/05/08 10:51, 142.000000, 142.000000, 142.000000, 142.000000, 1
2020/05/08 10:52, 142.000000, 142.000000, 142.000000, 142.000000, 0
2020/05/08 10:53, 142.000000, 142.000000, 142.000000, 142.000000, 0
2020/05/08 10:54, 142.500000, 142.500000, 142.000000, 142.000000, 9
2020/05/08 10:55, 142.000000, 142.000000, 142.000000, 142.000000, 0
2020/05/08 10:56, 142.500000, 142.500000, 142.500000, 142.500000, 1
2020/05/08 10:57, 142.000000, 142.500000, 142.000000, 142.500000, 5
2020/05/08 10:58, 142.500000, 142.500000, 142.500000, 142.500000, 13
2020/05/08 10:59, 142.500000, 142.500000, 142.500000, 142.500000, 6
2020/05/08 11:00, 142.500000, 142.500000, 142.500000, 142.500000, 13
2020/05/08 11:01, 142.500000, 142.500000, 142.500000, 142.500000, 0
2020/05/08 11:02, 142.500000, 142.500000, 142.500000, 142.500000, 0
2020/05/08 11:03, 142.500000, 142.500000, 142.500000, 142.500000, 2
2020/05/08 11:04, 142.500000, 142.500000, 142.500000, 142.500000, 6
2020/05/08 11:05, 142.500000, 142.500000, 142.500000, 142.500000, 4
2020/05/08 11:06, 142.500000, 142.500000, 142.500000, 142.500000, 11
2020/05/08 11:07, 142.500000, 142.500000, 142.000000, 142.000000, 10
2020/05/08 11:08, 142.500000, 142.500000, 142.500000, 142.500000, 4
2020/05/08 11:09, 142.500000, 142.500000, 142.500000, 142.500000, 1
2020/05/08 11:10, 142.500000, 142.500000, 142.500000, 142.500000, 5
2020/05/08 11:11, 142.500000, 142.500000, 142.500000, 142.500000, 3
2020/05/08 11:12, 142.500000, 142.500000, 142.500000, 142.500000, 0
2020/05/08 11:13, 142.500000, 142.500000, 142.500000, 142.500000, 3
2020/05/08 11:14, 142.500000, 142.500000, 142.500000, 142.500000, 3
2020/05/08 11:15, 142.500000, 142.500000, 142.500000, 142.500000, 1
2020/05/08 11:16, 142.500000, 142.500000, 142.500000, 142.500000, 0
2020/05/08 11:17, 142.500000, 142.500000, 142.500000, 142.500000, 2
2020/05/08 11:18, 142.500000, 142.500000, 142.500000, 142.500000, 9
2020/05/08 11:19, 142.500000, 142.500000, 142.500000, 142.500000, 1
2020/05/08 11:20, 142.500000, 142.500000, 142.500000, 142.500000, 2
2020/05/08 11:21, 142.500000, 142.500000, 142.000000, 142.000000, 6
2020/05/08 11:22, 143.000000, 143.000000, 143.000000, 143.000000, 3
2020/05/08 11:23, 143.000000, 143.000000, 143.000000, 143.000000, 2
2020/05/08 11:24, 142.500000, 143.000000, 142.500000, 142.500000, 5
2020/05/08 11:25, 142.500000, 142.500000, 142.500000, 142.500000, 9
2020/05/08 11:26, 142.500000, 142.500000, 142.500000, 142.500000, 2
2020/05/08 11:27, 142.500000, 142.500000, 142.500000, 142.500000, 0
2020/05/08 11:28, 142.500000, 142.500000, 142.500000, 142.500000, 3
2020/05/08 11:29, 142.000000, 142.000000, 142.000000, 142.000000, 5
2020/05/08 11:30, 142.500000, 142.500000, 142.500000, 142.500000, 1
2020/05/08 11:31, 142.000000, 142.500000, 142.000000, 142.000000, 9
2020/05/08 11:32, 142.000000, 142.000000, 142.000000, 142.000000, 0
2020/05/08 11:33, 142.000000, 142.000000, 142.000000, 142.000000, 3
2020/05/08 11:34, 142.000000, 142.000000, 142.000000, 142.000000, 3
2020/05/08 11:35, 142.000000, 142.000000, 142.000000, 142.000000, 2
2020/05/08 11:36, 142.000000, 142.000000, 142.000000, 142.000000, 3
2020/05/08 11:37, 142.000000, 142.000000, 142.000000, 142.000000, 0
2020/05/08 11:38, 142.000000, 142.000000, 142.000000, 142.000000, 15
2020/05/08 11:39, 142.000000, 142.000000, 142.000000, 142.000000, 6
2020/05/08 11:40, 142.000000, 142.000000, 142.000000, 142.000000, 3
2020/05/08 11:41, 142.500000, 142.500000, 142.000000, 142.000000, 3
2020/05/08 11:42, 142.000000, 142.000000, 142.000000, 142.000000, 11
2020/05/08 11:43, 142.000000, 142.000000, 142.000000, 142.000000, 31
2020/05/08 11:44, 142.000000, 142.000000, 142.000000, 142.000000, 3
2020/05/08 11:45, 142.000000, 142.000000, 142.000000, 142.000000, 1
2020/05/08 11:46, 142.000000, 142.000000, 142.000000, 142.000000, 1
2020/05/08 11:47, 142.000000, 142.000000, 142.000000, 142.000000, 1
2020/05/08 11:48, 142.000000, 142.000000, 142.000000, 142.000000, 0
2020/05/08 11:49, 142.000000, 142.000000, 142.000000, 142.000000, 0
2020/05/08 11:50, 142.000000, 142.000000, 142.000000, 142.000000, 3
2020/05/08 11:51, 142.000000, 142.000000, 142.000000, 142.000000, 2
2020/05/08 11:52, 142.000000, 142.000000, 142.000000, 142.000000, 29
2020/05/08 11:53, 142.000000, 142.000000, 142.000000, 142.000000, 0
2020/05/08 11:54, 142.000000, 142.000000, 142.000000, 142.000000, 0
2020/05/08 11:55, 142.000000, 142.000000, 142.000000, 142.000000, 0
2020/05/08 11:56, 142.500000, 142.500000, 142.000000, 142.500000, 4
2020/05/08 11:57, 142.500000, 142.500000, 142.500000, 142.500000, 0
2020/05/08 11:58, 142.000000, 142.500000, 142.000000, 142.500000, 3
2020/05/08 11:59, 142.500000, 142.500000, 142.000000, 142.000000, 2
2020/05/08 12:00, 142.000000, 142.000000, 142.000000, 142.000000, 10
2020/05/08 12:01, 142.500000, 142.500000, 142.500000, 142.500000, 8
2020/05/08 12:02, 142.500000, 142.500000, 142.500000, 142.500000, 19
2020/05/08 12:03, 142.500000, 142.500000, 142.500000, 142.500000, 15
2020/05/08 12:04, 142.500000, 142.500000, 142.500000, 142.500000, 11
2020/05/08 12:05, 142.500000, 142.500000, 142.000000, 142.000000, 2
2020/05/08 12:06, 142.500000, 142.500000, 142.500000, 142.500000, 3
2020/05/08 12:07, 142.500000, 142.500000, 142.500000, 142.500000, 2
2020/05/08 12:08, 142.000000, 142.000000, 142.000000, 142.000000, 1
2020/05/08 12:09, 142.000000, 142.000000, 142.000000, 142.000000, 3
2020/05/08 12:10, 142.000000, 142.500000, 142.000000, 142.500000, 7
2020/05/08 12:11, 142.500000, 142.500000, 142.500000, 142.500000, 2
2020/05/08 12:12, 142.500000, 142.500000, 142.000000, 142.000000, 6
2020/05/08 12:13, 142.000000, 142.000000, 141.500000, 141.500000, 23
2020/05/08 12:14, 141.500000, 141.500000, 141.500000, 141.500000, 11
2020/05/08 12:15, 141.500000, 141.500000, 141.500000, 141.500000, 70
2020/05/08 12:16, 141.500000, 141.500000, 141.500000, 141.500000, 2
2020/05/08 12:17, 141.500000, 141.500000, 141.500000, 141.500000, 4
2020/05/08 12:18, 141.500000, 141.500000, 141.500000, 141.500000, 11
2020/05/08 12:19, 141.500000, 141.500000, 141.000000, 141.000000, 7
2020/05/08 12:20, 141.500000, 141.500000, 141.000000, 141.500000, 5
2020/05/08 12:21, 141.500000, 141.500000, 141.000000, 141.000000, 8
2020/05/08 12:22, 141.000000, 141.500000, 141.000000, 141.500000, 2
2020/05/08 12:23, 141.500000, 141.500000, 141.500000, 141.500000, 3
2020/05/08 12:24, 141.500000, 141.500000, 141.500000, 141.500000, 1
2020/05/08 12:25, 141.500000, 141.500000, 141.000000, 141.500000, 4
2020/05/08 12:26, 141.000000, 141.500000, 141.000000, 141.000000, 40
2020/05/08 12:27, 141.000000, 141.500000, 141.000000, 141.500000, 23
2020/05/08 12:28, 141.000000, 141.500000, 141.000000, 141.000000, 3
2020/05/08 12:29, 141.000000, 141.000000, 141.000000, 141.000000, 1
2020/05/08 12:30, 141.000000, 141.500000, 141.000000, 141.000000, 3
2020/05/08 12:31, 141.000000, 141.000000, 141.000000, 141.000000, 102
2020/05/08 12:32, 140.500000, 140.500000, 140.500000, 140.500000, 43
2020/05/08 12:33, 140.500000, 141.000000, 140.500000, 140.500000, 15
2020/05/08 12:34, 140.500000, 140.500000, 140.500000, 140.500000, 10
2020/05/08 12:35, 140.500000, 141.000000, 140.500000, 140.500000, 19
2020/05/08 12:36, 140.500000, 140.500000, 140.000000, 140.500000, 17
2020/05/08 12:37, 140.500000, 140.500000, 140.500000, 140.500000, 25
2020/05/08 12:38, 140.500000, 140.500000, 140.500000, 140.500000, 7
2020/05/08 12:39, 140.500000, 140.500000, 140.500000, 140.500000, 5
2020/05/08 12:40, 140.500000, 140.500000, 140.500000, 140.500000, 5
2020/05/08 12:41, 140.500000, 140.500000, 140.000000, 140.000000, 16
2020/05/08 12:42, 140.000000, 140.500000, 140.000000, 140.500000, 14
2020/05/08 12:43, 140.500000, 140.500000, 140.500000, 140.500000, 3
2020/05/08 12:44, 140.500000, 140.500000, 140.000000, 140.500000, 4
2020/05/08 12:45, 140.500000, 140.500000, 140.000000, 140.000000, 30
2020/05/08 12:46, 140.000000, 140.500000, 140.000000, 140.000000, 75
2020/05/08 12:47, 140.000000, 140.000000, 139.500000, 139.500000, 43
2020/05/08 12:48, 139.500000, 139.500000, 139.000000, 139.000000, 50
2020/05/08 12:49, 139.000000, 139.500000, 138.500000, 139.500000, 31
2020/05/08 12:50, 139.500000, 139.500000, 139.000000, 139.000000, 24
2020/05/08 12:51, 139.500000, 139.500000, 139.000000, 139.500000, 5
2020/05/08 12:52, 139.500000, 139.500000, 139.500000, 139.500000, 16
2020/05/08 12:53, 139.500000, 139.500000, 139.500000, 139.500000, 19
2020/05/08 12:54, 139.500000, 139.500000, 139.500000, 139.500000, 1
2020/05/08 12:55, 139.500000, 139.500000, 139.500000, 139.500000, 10
2020/05/08 12:56, 139.500000, 140.000000, 139.500000, 140.000000, 5
2020/05/08 12:57, 139.500000, 139.500000, 139.500000, 139.500000, 1
2020/05/08 12:58, 139.500000, 139.500000, 139.000000, 139.000000, 19
2020/05/08 12:59, 139.000000, 139.000000, 139.000000, 139.000000, 7
2020/05/08 13:00, 139.500000, 139.500000, 139.000000, 139.500000, 17
2020/05/08 13:01, 139.500000, 139.500000, 139.500000, 139.500000, 0
2020/05/08 13:02, 139.500000, 139.500000, 139.000000, 139.000000, 6
2020/05/08 13:03, 139.000000, 140.000000, 139.000000, 140.000000, 5
2020/05/08 13:04, 140.000000, 140.000000, 139.000000, 140.000000, 6
2020/05/08 13:05, 139.500000, 139.500000, 139.500000, 139.500000, 4
2020/05/08 13:06, 139.500000, 139.500000, 139.500000, 139.500000, 8
2020/05/08 13:07, 139.500000, 139.500000, 139.000000, 139.500000, 22
2020/05/08 13:08, 139.000000, 139.500000, 139.000000, 139.500000, 16
2020/05/08 13:09, 140.000000, 140.000000, 139.000000, 139.500000, 31
2020/05/08 13:10, 139.500000, 139.500000, 139.500000, 139.500000, 13
2020/05/08 13:11, 139.500000, 139.500000, 139.500000, 139.500000, 23
2020/05/08 13:12, 139.500000, 140.000000, 139.500000, 139.500000, 25
2020/05/08 13:13, 139.500000, 139.500000, 139.500000, 139.500000, 5
2020/05/08 13:14, 139.000000, 139.000000, 139.000000, 139.000000, 2
2020/05/08 13:15, 139.500000, 139.500000, 139.000000, 139.500000, 10
2020/05/08 13:16, 139.500000, 139.500000, 139.000000, 139.000000, 9
2020/05/08 13:17, 139.000000, 139.500000, 139.000000, 139.500000, 10
2020/05/08 13:18, 139.000000, 139.500000, 139.000000, 139.000000, 19
2020/05/08 13:19, 139.500000, 139.500000, 139.000000, 139.000000, 70
2020/05/08 13:20, 139.000000, 139.000000, 138.500000, 139.000000, 23
2020/05/08 13:21, 138.500000, 139.000000, 138.500000, 138.500000, 41
2020/05/08 13:22, 138.500000, 139.000000, 138.500000, 138.500000, 28
2020/05/08 13:23, 138.500000, 139.000000, 138.500000, 138.500000, 15
2020/05/08 13:24, 139.000000, 139.000000, 139.000000, 139.000000, 26
2020/05/08 13:25, 139.000000, 139.500000, 138.500000, 139.000000, 34
2020/05/08 13:26, 139.000000, 139.000000, 139.000000, 139.000000, 0
2020/05/08 13:27, 139.000000, 139.000000, 139.000000, 139.000000, 0
2020/05/08 13:28, 139.000000, 139.000000, 139.000000, 139.000000, 0
2020/05/08 13:29, 139.000000, 139.000000, 139.000000, 139.000000, 0
2020/05/08 13:30, 140.000000, 140.000000, 140.000000, 140.000000, 228
2020/05/11 09:01, 141.500000, 142.000000, 140.000000, 140.000000, 216
2020/05/11 09:02, 140.500000, 141.000000, 140.000000, 141.000000, 28
2020/05/11 09:03, 141.000000, 141.000000, 140.000000, 140.500000, 53
2020/05/11 09:04, 140.500000, 141.000000, 140.000000, 140.500000, 57
2020/05/11 09:05, 141.000000, 141.000000, 140.500000, 141.000000, 22
2020/05/11 09:06, 141.000000, 141.000000, 141.000000, 141.000000, 12
2020/05/11 09:07, 141.000000, 141.000000, 139.500000, 140.000000, 34
2020/05/11 09:08, 139.500000, 140.000000, 139.500000, 139.500000, 24
2020/05/11 09:09, 139.000000, 139.000000, 138.000000, 138.500000, 49
2020/05/11 09:10, 138.000000, 138.500000, 137.000000, 137.000000, 98
2020/05/11 09:11, 137.500000, 138.500000, 137.000000, 138.500000, 54
2020/05/11 09:12, 138.500000, 139.000000, 138.000000, 138.500000, 36
2020/05/11 09:13, 138.500000, 139.000000, 138.500000, 139.000000, 17
2020/05/11 09:14, 138.500000, 138.500000, 137.500000, 138.000000, 31
2020/05/11 09:15, 138.500000, 138.500000, 138.500000, 138.500000, 5
2020/05/11 09:16, 138.500000, 138.500000, 138.000000, 138.500000, 15
2020/05/11 09:17, 138.500000, 138.500000, 138.000000, 138.000000, 6
2020/05/11 09:18, 138.500000, 138.500000, 138.000000, 138.500000, 17
2020/05/11 09:19, 138.500000, 139.000000, 138.500000, 139.000000, 27
2020/05/11 09:20, 139.000000, 139.000000, 138.500000, 138.500000, 4
2020/05/11 09:21, 138.500000, 138.500000, 138.500000, 138.500000, 5
2020/05/11 09:22, 138.000000, 138.500000, 138.000000, 138.000000, 27
2020/05/11 09:23, 138.000000, 138.000000, 137.500000, 138.000000, 33
2020/05/11 09:24, 137.500000, 138.000000, 137.500000, 137.500000, 75
2020/05/11 09:25, 137.500000, 138.000000, 137.500000, 138.000000, 17
2020/05/11 09:26, 137.500000, 138.000000, 137.500000, 138.000000, 16
2020/05/11 09:27, 138.000000, 138.000000, 137.500000, 138.000000, 11
2020/05/11 09:28, 138.500000, 138.500000, 138.000000, 138.000000, 10
2020/05/11 09:29, 138.000000, 138.500000, 137.500000, 137.500000, 14
2020/05/11 09:30, 138.000000, 138.000000, 138.000000, 138.000000, 3
2020/05/11 09:31, 138.500000, 138.500000, 138.500000, 138.500000, 1
2020/05/11 09:32, 138.000000, 138.000000, 138.000000, 138.000000, 22
2020/05/11 09:33, 138.000000, 138.000000, 138.000000, 138.000000, 5
2020/05/11 09:34, 138.000000, 138.000000, 138.000000, 138.000000, 2
2020/05/11 09:35, 137.500000, 137.500000, 137.500000, 137.500000, 36
2020/05/11 09:36, 137.500000, 137.500000, 137.000000, 137.000000, 46
2020/05/11 09:37, 137.000000, 137.500000, 137.000000, 137.000000, 14
2020/05/11 09:38, 137.000000, 137.500000, 137.000000, 137.500000, 9
2020/05/11 09:39, 137.500000, 138.000000, 137.500000, 137.500000, 25
2020/05/11 09:40, 137.500000, 137.500000, 137.500000, 137.500000, 7
2020/05/11 09:41, 137.500000, 137.500000, 137.500000, 137.500000, 7
2020/05/11 09:42, 137.500000, 138.000000, 137.500000, 137.500000, 6
2020/05/11 09:43, 137.500000, 137.500000, 137.500000, 137.500000, 3
2020/05/11 09:44, 137.500000, 137.500000, 137.500000, 137.500000, 4
2020/05/11 09:45, 137.500000, 137.500000, 137.500000, 137.500000, 0
2020/05/11 09:46, 137.500000, 137.500000, 137.500000, 137.500000, 7
2020/05/11 09:47, 137.500000, 137.500000, 137.000000, 137.000000, 11
2020/05/11 09:48, 137.500000, 137.500000, 137.500000, 137.500000, 8
2020/05/11 09:49, 137.500000, 137.500000, 137.000000, 137.500000, 4
2020/05/11 09:50, 137.500000, 137.500000, 137.500000, 137.500000, 10
2020/05/11 09:51, 137.500000, 137.500000, 137.500000, 137.500000, 3
2020/05/11 09:52, 137.500000, 137.500000, 137.500000, 137.500000, 5
2020/05/11 09:53, 138.000000, 138.000000, 138.000000, 138.000000, 28
2020/05/11 09:54, 138.000000, 138.000000, 137.500000, 138.000000, 13
2020/05/11 09:55, 138.000000, 138.000000, 138.000000, 138.000000, 3
2020/05/11 09:56, 138.000000, 138.000000, 138.000000, 138.000000, 0
2020/05/11 09:57, 138.000000, 138.000000, 138.000000, 138.000000, 3
2020/05/11 09:58, 138.500000, 138.500000, 138.000000, 138.000000, 9
2020/05/11 09:59, 138.000000, 138.500000, 138.000000, 138.500000, 3
2020/05/11 10:00, 138.500000, 138.500000, 138.500000, 138.500000, 16
2020/05/11 10:01, 138.500000, 138.500000, 138.500000, 138.500000, 2
2020/05/11 10:02, 138.500000, 138.500000, 138.500000, 138.500000, 6
2020/05/11 10:03, 138.500000, 138.500000, 138.500000, 138.500000, 6
2020/05/11 10:04, 138.500000, 138.500000, 138.500000, 138.500000, 6
2020/05/11 10:05, 138.500000, 139.000000, 138.500000, 139.000000, 8
2020/05/11 10:06, 138.500000, 138.500000, 138.500000, 138.500000, 7
2020/05/11 10:07, 138.500000, 138.500000, 138.500000, 138.500000, 3
2020/05/11 10:08, 138.500000, 138.500000, 138.500000, 138.500000, 2
2020/05/11 10:09, 138.500000, 138.500000, 138.500000, 138.500000, 2
2020/05/11 10:10, 138.500000, 138.500000, 138.500000, 138.500000, 0
2020/05/11 10:11, 138.500000, 138.500000, 138.500000, 138.500000, 0
2020/05/11 10:12, 138.500000, 138.500000, 138.500000, 138.500000, 0
2020/05/11 10:13, 138.500000, 138.500000, 138.500000, 138.500000, 7
2020/05/11 10:14, 138.500000, 138.500000, 138.000000, 138.000000, 6
2020/05/11 10:15, 138.000000, 138.000000, 138.000000, 138.000000, 2
2020/05/11 10:16, 138.500000, 138.500000, 138.500000, 138.500000, 5
2020/05/11 10:17, 138.000000, 138.500000, 138.000000, 138.500000, 18
2020/05/11 10:18, 138.500000, 138.500000, 138.500000, 138.500000, 0
2020/05/11 10:19, 138.500000, 138.500000, 138.500000, 138.500000, 0
2020/05/11 10:20, 138.500000, 138.500000, 138.500000, 138.500000, 0
2020/05/11 10:21, 138.000000, 138.500000, 138.000000, 138.500000, 4
2020/05/11 10:22, 138.000000, 138.000000, 138.000000, 138.000000, 1
2020/05/11 10:23, 138.000000, 138.000000, 138.000000, 138.000000, 0
2020/05/11 10:24, 138.000000, 138.000000, 138.000000, 138.000000, 0
2020/05/11 10:25, 138.000000, 138.000000, 138.000000, 138.000000, 6
2020/05/11 10:26, 138.000000, 138.000000, 138.000000, 138.000000, 1
2020/05/11 10:27, 138.000000, 138.000000, 138.000000, 138.000000, 7
2020/05/11 10:28, 138.000000, 138.000000, 138.000000, 138.000000, 1
2020/05/11 10:29, 138.000000, 138.500000, 138.000000, 138.500000, 9
2020/05/11 10:30, 138.500000, 138.500000, 138.500000, 138.500000, 1
2020/05/11 10:31, 138.000000, 138.000000, 138.000000, 138.000000, 2
2020/05/11 10:32, 138.000000, 138.000000, 138.000000, 138.000000, 3
2020/05/11 10:33, 138.000000, 138.000000, 138.000000, 138.000000, 1
2020/05/11 10:34, 138.000000, 138.000000, 138.000000, 138.000000, 2
2020/05/11 10:35, 138.000000, 138.000000, 137.500000, 137.500000, 3
2020/05/11 10:36, 138.000000, 138.000000, 138.000000, 138.000000, 2
2020/05/11 10:37, 138.000000, 138.000000, 138.000000, 138.000000, 0
2020/05/11 10:38, 138.000000, 138.000000, 138.000000, 138.000000, 2
2020/05/11 10:39, 138.500000, 138.500000, 138.000000, 138.000000, 6
2020/05/11 10:40, 138.000000, 138.500000, 138.000000, 138.500000, 4
2020/05/11 10:41, 138.500000, 138.500000, 138.500000, 138.500000, 0
2020/05/11 10:42, 138.500000, 138.500000, 138.500000, 138.500000, 2
2020/05/11 10:43, 138.500000, 138.500000, 138.500000, 138.500000, 0
2020/05/11 10:44, 138.500000, 138.500000, 138.500000, 138.500000, 0
2020/05/11 10:45, 138.500000, 138.500000, 138.500000, 138.500000, 2
2020/05/11 10:46, 138.500000, 138.500000, 138.500000, 138.500000, 0
2020/05/11 10:47, 138.500000, 138.500000, 138.500000, 138.500000, 1
2020/05/11 10:48, 138.000000, 138.500000, 138.000000, 138.500000, 4
2020/05/11 10:49, 138.000000, 138.500000, 138.000000, 138.500000, 2
2020/05/11 10:50, 138.500000, 138.500000, 138.500000, 138.500000, 0
2020/05/11 10:51, 138.000000, 138.500000, 138.000000, 138.500000, 39
2020/05/11 10:52, 139.000000, 139.000000, 138.500000, 138.500000, 3
2020/05/11 10:53, 138.500000, 138.500000, 138.500000, 138.500000, 1
2020/05/11 10:54, 138.500000, 138.500000, 138.500000, 138.500000, 0
2020/05/11 10:55, 138.500000, 138.500000, 138.500000, 138.500000, 1
2020/05/11 10:56, 138.500000, 138.500000, 138.500000, 138.500000, 1
2020/05/11 10:57, 138.500000, 138.500000, 138.500000, 138.500000, 1
2020/05/11 10:58, 138.500000, 138.500000, 138.500000, 138.500000, 10
2020/05/11 10:59, 138.500000, 138.500000, 138.500000, 138.500000, 1
2020/05/11 11:00, 138.500000, 138.500000, 138.500000, 138.500000, 21
2020/05/11 11:01, 139.000000, 139.500000, 139.000000, 139.500000, 76
2020/05/11 11:02, 139.500000, 140.000000, 139.500000, 139.500000, 35
2020/05/11 11:03, 139.500000, 139.500000, 139.500000, 139.500000, 9
2020/05/11 11:04, 139.500000, 140.000000, 139.500000, 140.000000, 4
2020/05/11 11:05, 139.500000, 139.500000, 139.500000, 139.500000, 1
2020/05/11 11:06, 140.000000, 140.000000, 140.000000, 140.000000, 1
2020/05/11 11:07, 140.000000, 140.000000, 140.000000, 140.000000, 3
2020/05/11 11:08, 140.000000, 140.000000, 140.000000, 140.000000, 39
2020/05/11 11:09, 140.500000, 141.000000, 140.500000, 140.500000, 19
2020/05/11 11:10, 140.500000, 140.500000, 140.500000, 140.500000, 4
2020/05/11 11:11, 141.000000, 141.500000, 141.000000, 141.500000, 52
2020/05/11 11:12, 141.500000, 141.500000, 141.000000, 141.000000, 44
2020/05/11 11:13, 141.000000, 141.500000, 141.000000, 141.500000, 7
2020/05/11 11:14, 141.500000, 141.500000, 141.000000, 141.500000, 41
2020/05/11 11:15, 141.500000, 142.000000, 141.500000, 141.500000, 12
2020/05/11 11:16, 142.000000, 142.000000, 141.000000, 141.000000, 61
2020/05/11 11:17, 141.000000, 141.500000, 141.000000, 141.000000, 37
2020/05/11 11:18, 140.500000, 141.000000, 140.500000, 140.500000, 28
2020/05/11 11:19, 140.000000, 140.500000, 140.000000, 140.500000, 7
2020/05/11 11:20, 141.000000, 141.000000, 141.000000, 141.000000, 1
2020/05/11 11:21, 141.000000, 141.000000, 141.000000, 141.000000, 1
2020/05/11 11:22, 141.000000, 141.000000, 140.500000, 140.500000, 2
2020/05/11 11:23, 140.500000, 140.500000, 140.500000, 140.500000, 3
2020/05/11 11:24, 140.500000, 140.500000, 140.500000, 140.500000, 33
2020/05/11 11:25, 140.500000, 140.500000, 140.500000, 140.500000, 1
2020/05/11 11:26, 140.000000, 140.500000, 140.000000, 140.500000, 31
2020/05/11 11:27, 140.500000, 140.500000, 140.500000, 140.500000, 1
2020/05/11 11:28, 140.000000, 140.000000, 140.000000, 140.000000, 16
2020/05/11 11:29, 140.000000, 140.000000, 140.000000, 140.000000, 9
2020/05/11 11:30, 140.500000, 140.500000, 140.000000, 140.000000, 8
2020/05/11 11:31, 140.000000, 140.000000, 140.000000, 140.000000, 1
2020/05/11 11:32, 140.000000, 140.000000, 140.000000, 140.000000, 1
2020/05/11 11:33, 140.000000, 140.000000, 140.000000, 140.000000, 0
2020/05/11 11:34, 140.000000, 140.000000, 140.000000, 140.000000, 1
2020/05/11 11:35, 140.000000, 140.000000, 140.000000, 140.000000, 2
2020/05/11 11:36, 140.000000, 140.000000, 140.000000, 140.000000, 0
2020/05/11 11:37, 140.000000, 140.000000, 140.000000, 140.000000, 1
2020/05/11 11:38, 140.000000, 140.000000, 140.000000, 140.000000, 14
2020/05/11 11:39, 140.000000, 140.000000, 140.000000, 140.000000, 2
2020/05/11 11:40, 140.000000, 140.000000, 140.000000, 140.000000, 0
2020/05/11 11:41, 140.000000, 140.000000, 140.000000, 140.000000, 2
2020/05/11 11:42, 140.000000, 140.000000, 140.000000, 140.000000, 3
2020/05/11 11:43, 140.000000, 140.000000, 140.000000, 140.000000, 3
2020/05/11 11:44, 140.000000, 140.000000, 140.000000, 140.000000, 1
2020/05/11 11:45, 140.000000, 140.000000, 140.000000, 140.000000, 0
2020/05/11 11:46, 140.000000, 140.000000, 140.000000, 140.000000, 1
2020/05/11 11:47, 140.000000, 140.000000, 140.000000, 140.000000, 1
2020/05/11 11:48, 140.000000, 140.000000, 140.000000, 140.000000, 0
2020/05/11 11:49, 140.000000, 140.000000, 140.000000, 140.000000, 0
2020/05/11 11:50, 140.000000, 140.000000, 140.000000, 140.000000, 1
2020/05/11 11:51, 140.000000, 140.000000, 140.000000, 140.000000, 0
2020/05/11 11:52, 140.000000, 140.000000, 140.000000, 140.000000, 1
2020/05/11 11:53, 140.000000, 140.000000, 140.000000, 140.000000, 0
2020/05/11 11:54, 140.000000, 140.000000, 140.000000, 140.000000, 1
2020/05/11 11:55, 140.000000, 140.000000, 140.000000, 140.000000, 0
2020/05/11 11:56, 140.000000, 140.000000, 140.000000, 140.000000, 1
2020/05/11 11:57, 140.000000, 140.000000, 140.000000, 140.000000, 0
2020/05/11 11:58, 139.500000, 139.500000, 139.500000, 139.500000, 1
2020/05/11 11:59, 139.500000, 139.500000, 139.500000, 139.500000, 2
2020/05/11 12:00, 139.500000, 139.500000, 139.500000, 139.500000, 2
2020/05/11 12:01, 139.500000, 139.500000, 139.500000, 139.500000, 0
2020/05/11 12:02, 139.500000, 139.500000, 139.500000, 139.500000, 11
2020/05/11 12:03, 139.500000, 139.500000, 139.500000, 139.500000, 0
2020/05/11 12:04, 139.000000, 139.000000, 139.000000, 139.000000, 2
2020/05/11 12:05, 139.000000, 139.000000, 139.000000, 139.000000, 1
2020/05/11 12:06, 139.000000, 139.000000, 139.000000, 139.000000, 1
2020/05/11 12:07, 139.000000, 139.000000, 139.000000, 139.000000, 0
2020/05/11 12:08, 139.000000, 139.000000, 138.500000, 138.500000, 22
2020/05/11 12:09, 138.500000, 138.500000, 138.000000, 138.500000, 41
2020/05/11 12:10, 138.000000, 138.000000, 138.000000, 138.000000, 2
2020/05/11 12:11, 138.000000, 138.000000, 138.000000, 138.000000, 79
2020/05/11 12:12, 138.000000, 138.000000, 138.000000, 138.000000, 3
2020/05/11 12:13, 138.000000, 138.000000, 138.000000, 138.000000, 4
2020/05/11 12:14, 138.000000, 138.000000, 138.000000, 138.000000, 1
2020/05/11 12:15, 138.500000, 138.500000, 138.000000, 138.000000, 10
2020/05/11 12:16, 138.000000, 138.500000, 138.000000, 138.500000, 31
2020/05/11 12:17, 139.000000, 139.000000, 139.000000, 139.000000, 1
2020/05/11 12:18, 138.500000, 138.500000, 138.500000, 138.500000, 3
2020/05/11 12:19, 139.000000, 139.000000, 139.000000, 139.000000, 1
2020/05/11 12:20, 139.000000, 139.000000, 139.000000, 139.000000, 0
2020/05/11 12:21, 139.000000, 139.000000, 139.000000, 139.000000, 0
2020/05/11 12:22, 139.000000, 139.000000, 138.500000, 138.500000, 5
2020/05/11 12:23, 139.000000, 139.000000, 139.000000, 139.000000, 1
2020/05/11 12:24, 139.000000, 139.000000, 139.000000, 139.000000, 1
2020/05/11 12:25, 139.000000, 139.000000, 139.000000, 139.000000, 0
2020/05/11 12:26, 139.000000, 139.000000, 139.000000, 139.000000, 2
2020/05/11 12:27, 139.000000, 139.000000, 139.000000, 139.000000, 0
2020/05/11 12:28, 139.000000, 139.000000, 139.000000, 139.000000, 1
2020/05/11 12:29, 139.000000, 139.000000, 139.000000, 139.000000, 0
2020/05/11 12:30, 138.500000, 139.000000, 138.500000, 139.000000, 2
2020/05/11 12:31, 139.000000, 139.000000, 139.000000, 139.000000, 1
2020/05/11 12:32, 139.000000, 139.000000, 139.000000, 139.000000, 0
2020/05/11 12:33, 139.000000, 139.000000, 139.000000, 139.000000, 0
2020/05/11 12:34, 139.000000, 139.000000, 139.000000, 139.000000, 0
2020/05/11 12:35, 139.000000, 139.000000, 138.500000, 138.500000, 11
2020/05/11 12:36, 138.500000, 138.500000, 138.500000, 138.500000, 1
2020/05/11 12:37, 138.500000, 138.500000, 138.500000, 138.500000, 0
2020/05/11 12:38, 138.500000, 138.500000, 138.500000, 138.500000, 0
2020/05/11 12:39, 138.500000, 138.500000, 138.500000, 138.500000, 1
2020/05/11 12:40, 138.000000, 138.000000, 138.000000, 138.000000, 2
2020/05/11 12:41, 138.000000, 138.000000, 138.000000, 138.000000, 1
2020/05/11 12:42, 138.000000, 138.000000, 138.000000, 138.000000, 3
2020/05/11 12:43, 138.000000, 138.000000, 138.000000, 138.000000, 2
2020/05/11 12:44, 138.000000, 138.000000, 138.000000, 138.000000, 1
2020/05/11 12:45, 138.500000, 138.500000, 138.500000, 138.500000, 4
2020/05/11 12:46, 138.500000, 138.500000, 138.500000, 138.500000, 5
2020/05/11 12:47, 138.500000, 138.500000, 138.500000, 138.500000, 3
2020/05/11 12:48, 138.500000, 138.500000, 138.500000, 138.500000, 1
2020/05/11 12:49, 138.500000, 138.500000, 138.500000, 138.500000, 5
2020/05/11 12:50, 138.500000, 138.500000, 138.500000, 138.500000, 13
2020/05/11 12:51, 138.500000, 138.500000, 138.000000, 138.500000, 17
2020/05/11 12:52, 138.500000, 138.500000, 138.500000, 138.500000, 0
2020/05/11 12:53, 138.500000, 138.500000, 138.500000, 138.500000, 6
2020/05/11 12:54, 138.500000, 138.500000, 138.500000, 138.500000, 2
2020/05/11 12:55, 138.500000, 138.500000, 138.500000, 138.500000, 1
2020/05/11 12:56, 138.500000, 138.500000, 138.000000, 138.000000, 3
2020/05/11 12:57, 138.000000, 138.000000, 138.000000, 138.000000, 67
2020/05/11 12:58, 138.000000, 138.000000, 137.500000, 137.500000, 9
2020/05/11 12:59, 137.500000, 137.500000, 137.500000, 137.500000, 0
2020/05/11 13:00, 137.500000, 138.000000, 137.500000, 138.000000, 11
2020/05/11 13:01, 138.000000, 138.000000, 138.000000, 138.000000, 6
2020/05/11 13:02, 137.500000, 137.500000, 137.500000, 137.500000, 4
2020/05/11 13:03, 137.500000, 137.500000, 137.500000, 137.500000, 5
2020/05/11 13:04, 138.000000, 138.000000, 138.000000, 138.000000, 3
2020/05/11 13:05, 138.000000, 138.000000, 137.500000, 137.500000, 4
2020/05/11 13:06, 138.000000, 138.000000, 137.500000, 138.000000, 17
2020/05/11 13:07, 138.000000, 138.000000, 138.000000, 138.000000, 16
2020/05/11 13:08, 138.000000, 138.000000, 137.500000, 137.500000, 6
2020/05/11 13:09, 137.500000, 137.500000, 137.500000, 137.500000, 0
2020/05/11 13:10, 137.500000, 138.000000, 137.500000, 138.000000, 4
2020/05/11 13:11, 138.000000, 138.000000, 137.500000, 137.500000, 18
2020/05/11 13:12, 137.500000, 137.500000, 137.500000, 137.500000, 2
2020/05/11 13:13, 138.000000, 138.000000, 137.500000, 138.000000, 8
2020/05/11 13:14, 137.500000, 137.500000, 137.500000, 137.500000, 5
2020/05/11 13:15, 137.500000, 138.000000, 137.500000, 138.000000, 3
2020/05/11 13:16, 138.000000, 138.000000, 137.500000, 137.500000, 5
2020/05/11 13:17, 138.000000, 138.000000, 137.500000, 137.500000, 2
2020/05/11 13:18, 137.500000, 137.500000, 137.500000, 137.500000, 3
2020/05/11 13:19, 137.500000, 137.500000, 137.500000, 137.500000, 32
2020/05/11 13:20, 137.500000, 137.500000, 137.500000, 137.500000, 14
2020/05/11 13:21, 137.500000, 137.500000, 137.500000, 137.500000, 14
2020/05/11 13:22, 137.500000, 138.000000, 137.500000, 138.000000, 5
2020/05/11 13:23, 138.000000, 138.000000, 137.500000, 138.000000, 13
2020/05/11 13:24, 137.500000, 138.000000, 137.500000, 137.500000, 23
2020/05/11 13:25, 137.500000, 138.000000, 137.500000, 137.500000, 31
2020/05/11 13:26, 137.500000, 137.500000, 137.500000, 137.500000, 0
2020/05/11 13:27, 137.500000, 137.500000, 137.500000, 137.500000, 0
2020/05/11 13:28, 137.500000, 137.500000, 137.500000, 137.500000, 0
2020/05/11 13:29, 137.500000, 137.500000, 137.500000, 137.500000, 0
2020/05/11 13:30, 137.500000, 137.500000, 137.500000, 137.500000, 182
2020/05/12 09:01, 138.000000, 138.500000, 137.500000, 138.000000, 30
2020/05/12 09:02, 138.000000, 138.000000, 137.500000, 138.000000, 38
2020/05/12 09:03, 138.500000, 139.000000, 138.000000, 139.000000, 31
2020/05/12 09:04, 139.000000, 139.500000, 138.500000, 138.500000, 37
2020/05/12 09:05, 139.000000, 139.000000, 138.500000, 139.000000, 8
2020/05/12 09:06, 139.000000, 139.000000, 138.500000, 139.000000, 21
2020/05/12 09:07, 138.500000, 139.000000, 138.500000, 139.000000, 24
2020/05/12 09:08, 139.000000, 139.500000, 139.000000, 139.500000, 49
2020/05/12 09:09, 139.500000, 140.000000, 139.500000, 140.000000, 35
2020/05/12 09:10, 140.000000, 140.000000, 140.000000, 140.000000, 9
2020/05/12 09:11, 139.500000, 140.000000, 139.500000, 140.000000, 24
2020/05/12 09:12, 140.000000, 140.000000, 139.000000, 139.000000, 42
2020/05/12 09:13, 138.500000, 138.500000, 138.500000, 138.500000, 1
2020/05/12 09:14, 139.000000, 139.000000, 138.500000, 139.000000, 9
2020/05/12 09:15, 139.000000, 139.000000, 139.000000, 139.000000, 2
2020/05/12 09:16, 139.000000, 139.500000, 139.000000, 139.000000, 6
2020/05/12 09:17, 139.000000, 139.500000, 139.000000, 139.500000, 4
2020/05/12 09:18, 139.000000, 139.000000, 139.000000, 139.000000, 1
2020/05/12 09:19, 139.000000, 139.000000, 139.000000, 139.000000, 2
2020/05/12 09:20, 139.000000, 139.500000, 139.000000, 139.000000, 3
2020/05/12 09:21, 139.000000, 139.000000, 139.000000, 139.000000, 5
2020/05/12 09:22, 139.000000, 139.000000, 139.000000, 139.000000, 10
2020/05/12 09:23, 139.000000, 139.500000, 139.000000, 139.500000, 10
2020/05/12 09:24, 139.500000, 139.500000, 139.000000, 139.000000, 2
2020/05/12 09:25, 139.000000, 139.500000, 139.000000, 139.500000, 11
2020/05/12 09:26, 139.500000, 139.500000, 139.500000, 139.500000, 0
2020/05/12 09:27, 139.000000, 139.000000, 139.000000, 139.000000, 1
2020/05/12 09:28, 139.000000, 139.000000, 139.000000, 139.000000, 1
2020/05/12 09:29, 139.000000, 139.000000, 139.000000, 139.000000, 4
2020/05/12 09:30, 139.000000, 139.000000, 139.000000, 139.000000, 3
2020/05/12 09:31, 139.000000, 139.000000, 139.000000, 139.000000, 3
2020/05/12 09:32, 139.000000, 139.000000, 138.500000, 138.500000, 5
2020/05/12 09:33, 139.000000, 139.000000, 139.000000, 139.000000, 3
2020/05/12 09:34, 139.000000, 139.000000, 139.000000, 139.000000, 1
2020/05/12 09:35, 139.000000, 139.000000, 139.000000, 139.000000, 3
2020/05/12 09:36, 139.000000, 139.000000, 139.000000, 139.000000, 0
2020/05/12 09:37, 139.000000, 139.000000, 139.000000, 139.000000, 3
2020/05/12 09:38, 139.000000, 139.000000, 139.000000, 139.000000, 5
2020/05/12 09:39, 139.000000, 139.000000, 139.000000, 139.000000, 3
2020/05/12 09:40, 139.000000, 139.000000, 139.000000, 139.000000, 0
2020/05/12 09:41, 139.000000, 139.000000, 139.000000, 139.000000, 0
2020/05/12 09:42, 139.000000, 139.000000, 139.000000, 139.000000, 1
2020/05/12 09:43, 139.000000, 139.000000, 139.000000, 139.000000, 1
2020/05/12 09:44, 139.000000, 139.000000, 139.000000, 139.000000, 6
2020/05/12 09:45, 139.000000, 139.000000, 139.000000, 139.000000, 2
2020/05/12 09:46, 138.500000, 138.500000, 138.500000, 138.500000, 2
2020/05/12 09:47, 138.500000, 138.500000, 138.500000, 138.500000, 1
2020/05/12 09:48, 138.500000, 139.000000, 138.500000, 139.000000, 19
2020/05/12 09:49, 138.500000, 138.500000, 138.500000, 138.500000, 10
2020/05/12 09:50, 138.500000, 138.500000, 138.000000, 138.000000, 16
2020/05/12 09:51, 138.000000, 138.500000, 138.000000, 138.500000, 3
2020/05/12 09:52, 138.500000, 138.500000, 138.500000, 138.500000, 8
2020/05/12 09:53, 138.500000, 138.500000, 138.500000, 138.500000, 1
2020/05/12 09:54, 138.500000, 138.500000, 138.500000, 138.500000, 0
2020/05/12 09:55, 138.500000, 138.500000, 138.500000, 138.500000, 10
2020/05/12 09:56, 138.500000, 138.500000, 138.500000, 138.500000, 4
2020/05/12 09:57, 138.500000, 138.500000, 138.500000, 138.500000, 9
2020/05/12 09:58, 138.000000, 138.000000, 138.000000, 138.000000, 39
2020/05/12 09:59, 138.000000, 138.000000, 138.000000, 138.000000, 0
2020/05/12 10:00, 138.000000, 138.000000, 138.000000, 138.000000, 1
2020/05/12 10:01, 138.000000, 138.000000, 138.000000, 138.000000, 14
2020/05/12 10:02, 138.000000, 138.000000, 138.000000, 138.000000, 11
2020/05/12 10:03, 138.000000, 138.000000, 138.000000, 138.000000, 1
2020/05/12 10:04, 138.000000, 138.000000, 138.000000, 138.000000, 1
2020/05/12 10:05, 138.000000, 138.500000, 138.000000, 138.500000, 3
2020/05/12 10:06, 138.500000, 138.500000, 138.500000, 138.500000, 0
2020/05/12 10:07, 138.500000, 138.500000, 138.500000, 138.500000, 15
2020/05/12 10:08, 138.500000, 138.500000, 138.500000, 138.500000, 1
2020/05/12 10:09, 138.500000, 138.500000, 138.500000, 138.500000, 1
2020/05/12 10:10, 138.500000, 139.000000, 138.500000, 139.000000, 8
2020/05/12 10:11, 139.000000, 139.000000, 139.000000, 139.000000, 0
2020/05/12 10:12, 139.000000, 139.000000, 139.000000, 139.000000, 11
2020/05/12 10:13, 139.000000, 139.000000, 139.000000, 139.000000, 0
2020/05/12 10:14, 139.000000, 139.000000, 139.000000, 139.000000, 0
2020/05/12 10:15, 139.000000, 139.000000, 139.000000, 139.000000, 2
2020/05/12 10:16, 138.500000, 138.500000, 138.500000, 138.500000, 15
2020/05/12 10:17, 138.500000, 138.500000, 138.500000, 138.500000, 11
2020/05/12 10:18, 138.500000, 138.500000, 138.500000, 138.500000, 1
2020/05/12 10:19, 138.500000, 138.500000, 138.500000, 138.500000, 1
2020/05/12 10:20, 138.500000, 138.500000, 138.500000, 138.500000, 0
2020/05/12 10:21, 138.500000, 138.500000, 138.500000, 138.500000, 2
2020/05/12 10:22, 138.500000, 138.500000, 138.500000, 138.500000, 7
2020/05/12 10:23, 138.500000, 138.500000, 138.500000, 138.500000, 0
2020/05/12 10:24, 138.500000, 138.500000, 138.500000, 138.500000, 1
2020/05/12 10:25, 139.000000, 139.000000, 139.000000, 139.000000, 1
2020/05/12 10:26, 139.000000, 139.000000, 139.000000, 139.000000, 0
2020/05/12 10:27, 139.000000, 139.000000, 139.000000, 139.000000, 0
2020/05/12 10:28, 139.000000, 139.000000, 139.000000, 139.000000, 5
2020/05/12 10:29, 138.500000, 138.500000, 138.500000, 138.500000, 1
2020/05/12 10:30, 138.500000, 138.500000, 138.500000, 138.500000, 0
2020/05/12 10:31, 138.500000, 138.500000, 138.500000, 138.500000, 0
2020/05/12 10:32, 138.500000, 138.500000, 138.500000, 138.500000, 0
2020/05/12 10:33, 138.500000, 138.500000, 138.500000, 138.500000, 1
2020/05/12 10:34, 138.000000, 138.500000, 138.000000, 138.500000, 3
2020/05/12 10:35, 138.000000, 138.500000, 138.000000, 138.500000, 3
2020/05/12 10:36, 138.500000, 138.500000, 138.500000, 138.500000, 0
2020/05/12 10:37, 138.500000, 138.500000, 138.500000, 138.500000, 0
2020/05/12 10:38, 138.500000, 138.500000, 138.500000, 138.500000, 1
2020/05/12 10:39, 138.500000, 138.500000, 138.500000, 138.500000, 0
2020/05/12 10:40, 138.500000, 138.500000, 138.500000, 138.500000, 0
2020/05/12 10:41, 138.000000, 138.000000, 138.000000, 138.000000, 11
2020/05/12 10:42, 138.000000, 138.000000, 138.000000, 138.000000, 0
2020/05/12 10:43, 138.000000, 138.000000, 137.500000, 137.500000, 38
2020/05/12 10:44, 137.500000, 137.500000, 137.500000, 137.500000, 1
2020/05/12 10:45, 138.000000, 138.000000, 137.500000, 137.500000, 8
2020/05/12 10:46, 137.500000, 137.500000, 137.500000, 137.500000, 22
2020/05/12 10:47, 137.500000, 137.500000, 137.500000, 137.500000, 2
2020/05/12 10:48, 137.500000, 137.500000, 137.000000, 137.500000, 24
2020/05/12 10:49, 137.500000, 137.500000, 137.500000, 137.500000, 11
2020/05/12 10:50, 137.500000, 137.500000, 137.500000, 137.500000, 1
2020/05/12 10:51, 137.500000, 137.500000, 137.500000, 137.500000, 4
2020/05/12 10:52, 137.500000, 137.500000, 137.500000, 137.500000, 1
2020/05/12 10:53, 137.500000, 137.500000, 137.500000, 137.500000, 1
2020/05/12 10:54, 137.500000, 137.500000, 137.500000, 137.500000, 0
2020/05/12 10:55, 137.500000, 137.500000, 137.500000, 137.500000, 6
2020/05/12 10:56, 137.500000, 137.500000, 137.500000, 137.500000, 1
2020/05/12 10:57, 137.500000, 137.500000, 137.500000, 137.500000, 2
2020/05/12 10:58, 137.500000, 137.500000, 137.500000, 137.500000, 1
2020/05/12 10:59, 137.500000, 137.500000, 137.500000, 137.500000, 3
2020/05/12 11:00, 137.500000, 137.500000, 137.500000, 137.500000, 0
2020/05/12 11:01, 137.500000, 137.500000, 137.500000, 137.500000, 0
2020/05/12 11:02, 137.500000, 137.500000, 137.500000, 137.500000, 0
2020/05/12 11:03, 137.500000, 137.500000, 137.500000, 137.500000, 1
2020/05/12 11:04, 137.500000, 137.500000, 137.500000, 137.500000, 0
2020/05/12 11:05, 137.500000, 137.500000, 137.500000, 137.500000, 0
2020/05/12 11:06, 137.500000, 137.500000, 137.500000, 137.500000, 5
2020/05/12 11:07, 137.500000, 137.500000, 137.500000, 137.500000, 1
2020/05/12 11:08, 137.500000, 137.500000, 137.500000, 137.500000, 0
2020/05/12 11:09, 138.000000, 138.000000, 138.000000, 138.000000, 3
2020/05/12 11:10, 138.000000, 138.000000, 137.500000, 138.000000, 4
2020/05/12 11:11, 138.000000, 138.000000, 138.000000, 138.000000, 2
2020/05/12 11:12, 138.000000, 138.000000, 138.000000, 138.000000, 0
2020/05/12 11:13, 138.000000, 138.000000, 138.000000, 138.000000, 1
2020/05/12 11:14, 138.000000, 138.000000, 138.000000, 138.000000, 1
2020/05/12 11:15, 138.000000, 138.000000, 138.000000, 138.000000, 0
2020/05/12 11:16, 138.000000, 138.000000, 138.000000, 138.000000, 0
2020/05/12 11:17, 138.000000, 138.000000, 138.000000, 138.000000, 0
2020/05/12 11:18, 138.000000, 138.000000, 138.000000, 138.000000, 0
2020/05/12 11:19, 138.000000, 138.000000, 138.000000, 138.000000, 0
2020/05/12 11:20, 138.000000, 138.000000, 138.000000, 138.000000, 1
2020/05/12 11:21, 138.000000, 138.000000, 138.000000, 138.000000, 0
2020/05/12 11:22, 138.000000, 138.000000, 138.000000, 138.000000, 3
2020/05/12 11:23, 138.000000, 138.000000, 137.500000, 137.500000, 21
2020/05/12 11:24, 137.500000, 137.500000, 137.500000, 137.500000, 7
2020/05/12 11:25, 137.500000, 137.500000, 137.500000, 137.500000, 2
2020/05/12 11:26, 137.000000, 137.000000, 137.000000, 137.000000, 1
2020/05/12 11:27, 137.000000, 137.000000, 137.000000, 137.000000, 2
2020/05/12 11:28, 137.000000, 137.000000, 137.000000, 137.000000, 0
2020/05/12 11:29, 137.000000, 137.000000, 137.000000, 137.000000, 5
2020/05/12 11:30, 137.000000, 137.000000, 137.000000, 137.000000, 1
2020/05/12 11:31, 137.000000, 137.000000, 137.000000, 137.000000, 1
2020/05/12 11:32, 137.000000, 137.000000, 137.000000, 137.000000, 2
2020/05/12 11:33, 137.000000, 137.000000, 137.000000, 137.000000, 1
2020/05/12 11:34, 137.000000, 137.000000, 137.000000, 137.000000, 0
2020/05/12 11:35, 137.000000, 137.000000, 137.000000, 137.000000, 56
2020/05/12 11:36, 137.000000, 137.000000, 137.000000, 137.000000, 2
2020/05/12 11:37, 136.500000, 136.500000, 136.000000, 136.500000, 38
2020/05/12 11:38, 136.500000, 136.500000, 136.000000, 136.500000, 11
2020/05/12 11:39, 136.000000, 136.500000, 136.000000, 136.000000, 7
2020/05/12 11:40, 136.000000, 136.000000, 135.500000, 136.000000, 72
2020/05/12 11:41, 136.000000, 136.000000, 135.500000, 135.500000, 14
2020/05/12 11:42, 135.500000, 136.000000, 135.500000, 136.000000, 11
2020/05/12 11:43, 136.500000, 136.500000, 136.500000, 136.500000, 1
2020/05/12 11:44, 136.500000, 137.000000, 136.500000, 137.000000, 22
2020/05/12 11:45, 137.000000, 137.000000, 137.000000, 137.000000, 1
2020/05/12 11:46, 137.000000, 137.000000, 137.000000, 137.000000, 0
2020/05/12 11:47, 137.000000, 137.000000, 137.000000, 137.000000, 1
2020/05/12 11:48, 136.500000, 136.500000, 136.500000, 136.500000, 3
2020/05/12 11:49, 136.500000, 136.500000, 136.500000, 136.500000, 0
2020/05/12 11:50, 136.500000, 136.500000, 136.500000, 136.500000, 8
2020/05/12 11:51, 136.500000, 136.500000, 136.500000, 136.500000, 0
2020/05/12 11:52, 136.500000, 136.500000, 136.500000, 136.500000, 6
2020/05/12 11:53, 136.500000, 136.500000, 136.500000, 136.500000, 2
2020/05/12 11:54, 136.500000, 136.500000, 136.500000, 136.500000, 1
2020/05/12 11:55, 136.500000, 136.500000, 136.500000, 136.500000, 2
2020/05/12 11:56, 136.500000, 136.500000, 136.500000, 136.500000, 1
2020/05/12 11:57, 136.500000, 136.500000, 136.500000, 136.500000, 12
2020/05/12 11:58, 136.500000, 136.500000, 136.500000, 136.500000, 0
2020/05/12 11:59, 136.500000, 136.500000, 136.500000, 136.500000, 0
2020/05/12 12:00, 136.500000, 136.500000, 136.500000, 136.500000, 2
2020/05/12 12:01, 136.500000, 136.500000, 136.500000, 136.500000, 1
2020/05/12 12:02, 136.500000, 136.500000, 136.500000, 136.500000, 5
2020/05/12 12:03, 136.500000, 136.500000, 136.500000, 136.500000, 0
2020/05/12 12:04, 136.500000, 136.500000, 136.500000, 136.500000, 1
2020/05/12 12:05, 136.500000, 136.500000, 136.500000, 136.500000, 4
2020/05/12 12:06, 136.500000, 136.500000, 136.500000, 136.500000, 1
2020/05/12 12:07, 136.500000, 136.500000, 136.500000, 136.500000, 0
2020/05/12 12:08, 136.500000, 136.500000, 136.500000, 136.500000, 2
2020/05/12 12:09, 136.500000, 136.500000, 136.500000, 136.500000, 1
2020/05/12 12:10, 136.500000, 136.500000, 136.500000, 136.500000, 0
2020/05/12 12:11, 136.500000, 136.500000, 136.500000, 136.500000, 1
2020/05/12 12:12, 136.500000, 136.500000, 136.500000, 136.500000, 0
2020/05/12 12:13, 136.000000, 136.500000, 136.000000, 136.500000, 2
2020/05/12 12:14, 136.500000, 136.500000, 136.500000, 136.500000, 0
2020/05/12 12:15, 136.000000, 136.500000, 136.000000, 136.500000, 2
2020/05/12 12:16, 136.500000, 136.500000, 136.500000, 136.500000, 1
2020/05/12 12:17, 136.500000, 136.500000, 136.500000, 136.500000, 1
2020/05/12 12:18, 136.000000, 136.000000, 136.000000, 136.000000, 3
2020/05/12 12:19, 136.000000, 136.500000, 136.000000, 136.500000, 3
2020/05/12 12:20, 136.500000, 136.500000, 136.500000, 136.500000, 4
2020/05/12 12:21, 136.500000, 136.500000, 136.500000, 136.500000, 5
2020/05/12 12:22, 136.500000, 136.500000, 136.500000, 136.500000, 1
2020/05/12 12:23, 136.500000, 136.500000, 136.500000, 136.500000, 0
2020/05/12 12:24, 136.500000, 136.500000, 136.500000, 136.500000, 0
2020/05/12 12:25, 137.000000, 137.000000, 137.000000, 137.000000, 27
2020/05/12 12:26, 137.000000, 137.000000, 137.000000, 137.000000, 1
2020/05/12 12:27, 137.000000, 137.000000, 137.000000, 137.000000, 1
2020/05/12 12:28, 137.000000, 137.000000, 137.000000, 137.000000, 0
2020/05/12 12:29, 137.000000, 137.000000, 137.000000, 137.000000, 0
2020/05/12 12:30, 137.000000, 137.000000, 137.000000, 137.000000, 0
2020/05/12 12:31, 137.000000, 137.000000, 137.000000, 137.000000, 1
2020/05/12 12:32, 137.000000, 137.000000, 137.000000, 137.000000, 4
2020/05/12 12:33, 137.000000, 137.000000, 137.000000, 137.000000, 0
2020/05/12 12:34, 137.500000, 137.500000, 137.000000, 137.000000, 3
2020/05/12 12:35, 137.000000, 137.000000, 137.000000, 137.000000, 11
2020/05/12 12:36, 137.000000, 137.000000, 137.000000, 137.000000, 1
2020/05/12 12:37, 136.500000, 136.500000, 136.500000, 136.500000, 2
2020/05/12 12:38, 136.500000, 136.500000, 136.500000, 136.500000, 13
2020/05/12 12:39, 136.500000, 137.000000, 136.500000, 137.000000, 9
2020/05/12 12:40, 137.500000, 137.500000, 137.500000, 137.500000, 15
2020/05/12 12:41, 137.500000, 137.500000, 137.500000, 137.500000, 10
2020/05/12 12:42, 137.500000, 137.500000, 137.500000, 137.500000, 3
2020/05/12 12:43, 137.500000, 137.500000, 137.500000, 137.500000, 0
2020/05/12 12:44, 137.500000, 137.500000, 137.500000, 137.500000, 1
2020/05/12 12:45, 137.500000, 137.500000, 137.500000, 137.500000, 0
2020/05/12 12:46, 137.500000, 137.500000, 137.500000, 137.500000, 1
2020/05/12 12:47, 137.500000, 137.500000, 137.500000, 137.500000, 0
2020/05/12 12:48, 137.500000, 137.500000, 137.500000, 137.500000, 0
2020/05/12 12:49, 137.000000, 137.500000, 137.000000, 137.500000, 2
2020/05/12 12:50, 137.500000, 137.500000, 137.000000, 137.500000, 7
2020/05/12 12:51, 137.500000, 137.500000, 137.500000, 137.500000, 5
2020/05/12 12:52, 137.500000, 137.500000, 137.500000, 137.500000, 1
2020/05/12 12:53, 137.500000, 137.500000, 137.500000, 137.500000, 1
2020/05/12 12:54, 137.500000, 137.500000, 137.500000, 137.500000, 6
2020/05/12 12:55, 137.500000, 137.500000, 137.500000, 137.500000, 3
2020/05/12 12:56, 137.500000, 137.500000, 137.500000, 137.500000, 0
2020/05/12 12:57, 137.500000, 137.500000, 137.500000, 137.500000, 4
2020/05/12 12:58, 137.500000, 137.500000, 137.500000, 137.500000, 0
2020/05/12 12:59, 137.500000, 137.500000, 137.500000, 137.500000, 0
2020/05/12 13:00, 137.500000, 137.500000, 137.500000, 137.500000, 1
2020/05/12 13:01, 137.500000, 137.500000, 137.500000, 137.500000, 1
2020/05/12 13:02, 137.500000, 137.500000, 137.500000, 137.500000, 0
2020/05/12 13:03, 137.000000, 137.000000, 137.000000, 137.000000, 16
2020/05/12 13:04, 137.000000, 137.000000, 137.000000, 137.000000, 1
2020/05/12 13:05, 137.000000, 137.000000, 137.000000, 137.000000, 2
2020/05/12 13:06, 137.000000, 137.000000, 136.500000, 136.500000, 8
2020/05/12 13:07, 137.500000, 137.500000, 136.500000, 136.500000, 9
2020/05/12 13:08, 137.000000, 137.000000, 137.000000, 137.000000, 2
2020/05/12 13:09, 136.500000, 137.000000, 136.500000, 137.000000, 2
2020/05/12 13:10, 137.000000, 137.000000, 136.500000, 136.500000, 3
2020/05/12 13:11, 136.500000, 136.500000, 136.500000, 136.500000, 3
2020/05/12 13:12, 136.500000, 136.500000, 136.500000, 136.500000, 4
2020/05/12 13:13, 136.500000, 136.500000, 136.500000, 136.500000, 2
2020/05/12 13:14, 136.500000, 136.500000, 136.500000, 136.500000, 2
2020/05/12 13:15, 136.500000, 136.500000, 136.500000, 136.500000, 2
2020/05/12 13:16, 136.500000, 136.500000, 136.500000, 136.500000, 11
2020/05/12 13:17, 136.500000, 136.500000, 136.500000, 136.500000, 9
2020/05/12 13:18, 137.000000, 137.000000, 136.500000, 136.500000, 2
2020/05/12 13:19, 136.500000, 136.500000, 136.500000, 136.500000, 4
2020/05/12 13:20, 136.500000, 136.500000, 136.500000, 136.500000, 7
2020/05/12 13:21, 136.500000, 137.000000, 136.500000, 136.500000, 25
2020/05/12 13:22, 137.000000, 137.000000, 136.500000, 137.000000, 4
2020/05/12 13:23, 136.500000, 137.000000, 136.500000, 136.500000, 6
2020/05/12 13:24, 137.000000, 137.000000, 136.500000, 136.500000, 5
2020/05/12 13:25, 136.500000, 137.000000, 136.500000, 137.000000, 5
2020/05/12 13:26, 137.000000, 137.000000, 137.000000, 137.000000, 0
2020/05/12 13:27, 137.000000, 137.000000, 137.000000, 137.000000, 0
2020/05/12 13:28, 137.000000, 137.000000, 137.000000, 137.000000, 0
2020/05/12 13:29, 137.000000, 137.000000, 137.000000, 137.000000, 0
2020/05/12 13:30, 137.000000, 137.000000, 137.000000, 137.000000, 94
2020/05/13 09:01, 137.500000, 138.000000, 137.500000, 138.000000, 44
2020/05/13 09:02, 138.000000, 138.500000, 137.500000, 137.500000, 26
2020/05/13 09:03, 138.000000, 138.000000, 137.500000, 137.500000, 5
2020/05/13 09:04, 138.000000, 138.000000, 137.500000, 137.500000, 19
2020/05/13 09:05, 138.000000, 138.000000, 137.000000, 137.500000, 27
2020/05/13 09:06, 138.000000, 138.000000, 137.500000, 137.500000, 11
2020/05/13 09:07, 137.500000, 137.500000, 137.500000, 137.500000, 1
2020/05/13 09:08, 138.000000, 138.000000, 138.000000, 138.000000, 2
2020/05/13 09:09, 138.000000, 138.000000, 138.000000, 138.000000, 4
2020/05/13 09:10, 138.000000, 138.000000, 138.000000, 138.000000, 39
2020/05/13 09:11, 138.000000, 138.000000, 138.000000, 138.000000, 6
2020/05/13 09:12, 138.000000, 138.500000, 138.000000, 138.000000, 9
2020/05/13 09:13, 138.000000, 138.000000, 138.000000, 138.000000, 12
2020/05/13 09:14, 138.000000, 138.500000, 138.000000, 138.000000, 13
2020/05/13 09:15, 138.000000, 138.000000, 138.000000, 138.000000, 7
2020/05/13 09:16, 138.000000, 138.000000, 137.500000, 137.500000, 27
2020/05/13 09:17, 137.500000, 138.000000, 137.500000, 137.500000, 10
2020/05/13 09:18, 137.500000, 137.500000, 137.500000, 137.500000, 2
2020/05/13 09:19, 138.000000, 138.000000, 138.000000, 138.000000, 26
2020/05/13 09:20, 138.000000, 138.000000, 138.000000, 138.000000, 2
2020/05/13 09:21, 138.000000, 138.000000, 138.000000, 138.000000, 1
2020/05/13 09:22, 138.000000, 138.000000, 138.000000, 138.000000, 2
2020/05/13 09:23, 137.500000, 137.500000, 137.500000, 137.500000, 1
2020/05/13 09:24, 137.500000, 137.500000, 137.500000, 137.500000, 3
2020/05/13 09:25, 137.500000, 137.500000, 137.500000, 137.500000, 10
2020/05/13 09:26, 137.500000, 137.500000, 137.500000, 137.500000, 7
2020/05/13 09:27, 137.500000, 137.500000, 137.500000, 137.500000, 10
2020/05/13 09:28, 137.500000, 137.500000, 137.500000, 137.500000, 2
2020/05/13 09:29, 137.500000, 137.500000, 137.500000, 137.500000, 0
2020/05/13 09:30, 137.500000, 137.500000, 137.500000, 137.500000, 0
2020/05/13 09:31, 137.500000, 138.000000, 137.000000, 137.500000, 28
2020/05/13 09:32, 137.500000, 137.500000, 137.500000, 137.500000, 6
2020/05/13 09:33, 137.500000, 137.500000, 137.500000, 137.500000, 0
2020/05/13 09:34, 138.000000, 138.000000, 138.000000, 138.000000, 47
2020/05/13 09:35, 138.500000, 138.500000, 138.000000, 138.000000, 4
2020/05/13 09:36, 138.500000, 139.000000, 138.500000, 138.500000, 56
2020/05/13 09:37, 138.500000, 138.500000, 138.500000, 138.500000, 12
2020/05/13 09:38, 138.500000, 139.000000, 138.500000, 139.000000, 102
2020/05/13 09:39, 139.500000, 139.500000, 138.500000, 139.500000, 15
2020/05/13 09:40, 139.500000, 140.500000, 139.500000, 140.000000, 255
2020/05/13 09:41, 140.500000, 140.500000, 139.500000, 140.000000, 79
2020/05/13 09:42, 139.500000, 140.500000, 139.500000, 140.500000, 61
2020/05/13 09:43, 140.500000, 140.500000, 140.000000, 140.000000, 30
2020/05/13 09:44, 140.000000, 140.000000, 139.500000, 139.500000, 38
2020/05/13 09:45, 139.500000, 140.000000, 139.000000, 139.500000, 15
2020/05/13 09:46, 139.500000, 139.500000, 139.500000, 139.500000, 22
2020/05/13 09:47, 140.000000, 140.000000, 139.000000, 139.000000, 8
2020/05/13 09:48, 139.500000, 139.500000, 139.500000, 139.500000, 3
2020/05/13 09:49, 139.500000, 139.500000, 139.500000, 139.500000, 15
2020/05/13 09:50, 139.500000, 139.500000, 139.500000, 139.500000, 19
2020/05/13 09:51, 139.500000, 139.500000, 139.500000, 139.500000, 5
2020/05/13 09:52, 139.500000, 139.500000, 139.000000, 139.000000, 8
2020/05/13 09:53, 139.500000, 139.500000, 139.500000, 139.500000, 15
2020/05/13 09:54, 139.500000, 140.000000, 139.000000, 140.000000, 25
2020/05/13 09:55, 139.500000, 140.000000, 139.500000, 140.000000, 19
2020/05/13 09:56, 140.000000, 140.500000, 140.000000, 140.500000, 118
2020/05/13 09:57, 140.500000, 140.500000, 140.500000, 140.500000, 121
2020/05/13 09:58, 140.500000, 140.500000, 140.000000, 140.000000, 30
2020/05/13 09:59, 140.000000, 140.500000, 140.000000, 140.500000, 6
2020/05/13 10:00, 140.500000, 140.500000, 140.500000, 140.500000, 1
2020/05/13 10:01, 140.500000, 140.500000, 140.000000, 140.000000, 6
2020/05/13 10:02, 140.000000, 140.500000, 140.000000, 140.500000, 9
2020/05/13 10:03, 140.500000, 141.000000, 140.500000, 141.000000, 77
2020/05/13 10:04, 141.000000, 141.500000, 141.000000, 141.000000, 66
2020/05/13 10:05, 141.000000, 141.500000, 141.000000, 141.000000, 44
2020/05/13 10:06, 141.000000, 141.500000, 141.000000, 141.500000, 21
2020/05/13 10:07, 141.000000, 141.000000, 141.000000, 141.000000, 38
2020/05/13 10:08, 140.500000, 141.000000, 140.500000, 141.000000, 53
2020/05/13 10:09, 141.000000, 141.000000, 140.500000, 141.000000, 13
2020/05/13 10:10, 141.000000, 141.000000, 141.000000, 141.000000, 21
2020/05/13 10:11, 141.000000, 141.000000, 141.000000, 141.000000, 12
2020/05/13 10:12, 141.000000, 141.000000, 140.500000, 141.000000, 22
2020/05/13 10:13, 141.000000, 141.500000, 141.000000, 141.500000, 5
2020/05/13 10:14, 141.500000, 141.500000, 141.000000, 141.000000, 10
2020/05/13 10:15, 141.000000, 141.000000, 141.000000, 141.000000, 3
2020/05/13 10:16, 141.000000, 141.000000, 141.000000, 141.000000, 12
2020/05/13 10:17, 141.000000, 141.000000, 141.000000, 141.000000, 2
2020/05/13 10:18, 141.000000, 141.000000, 141.000000, 141.000000, 3
2020/05/13 10:19, 141.000000, 141.000000, 141.000000, 141.000000, 0
2020/05/13 10:20, 140.500000, 141.000000, 140.500000, 140.500000, 27
2020/05/13 10:21, 140.500000, 140.500000, 140.500000, 140.500000, 17
2020/05/13 10:22, 140.500000, 140.500000, 140.500000, 140.500000, 7
2020/05/13 10:23, 140.000000, 140.500000, 140.000000, 140.500000, 2
2020/05/13 10:24, 140.000000, 140.000000, 140.000000, 140.000000, 1
2020/05/13 10:25, 140.000000, 140.000000, 140.000000, 140.000000, 2
2020/05/13 10:26, 140.500000, 140.500000, 140.500000, 140.500000, 12
2020/05/13 10:27, 141.000000, 141.000000, 141.000000, 141.000000, 1
2020/05/13 10:28, 141.000000, 141.000000, 140.500000, 140.500000, 7
2020/05/13 10:29, 140.500000, 140.500000, 140.500000, 140.500000, 0
2020/05/13 10:30, 141.000000, 141.000000, 141.000000, 141.000000, 5
2020/05/13 10:31, 141.000000, 141.000000, 141.000000, 141.000000, 4
2020/05/13 10:32, 141.000000, 141.000000, 141.000000, 141.000000, 0
2020/05/13 10:33, 141.000000, 141.000000, 141.000000, 141.000000, 16
2020/05/13 10:34, 141.000000, 141.000000, 141.000000, 141.000000, 1
2020/05/13 10:35, 141.000000, 141.000000, 141.000000, 141.000000, 1
2020/05/13 10:36, 141.000000, 141.000000, 141.000000, 141.000000, 0
2020/05/13 10:37, 141.000000, 141.000000, 140.500000, 140.500000, 6
2020/05/13 10:38, 141.000000, 141.000000, 141.000000, 141.000000, 2
2020/05/13 10:39, 140.500000, 140.500000, 140.500000, 140.500000, 4
2020/05/13 10:40, 140.500000, 140.500000, 140.000000, 140.500000, 37
2020/05/13 10:41, 140.500000, 140.500000, 140.500000, 140.500000, 5
2020/05/13 10:42, 140.500000, 141.000000, 140.500000, 141.000000, 6
2020/05/13 10:43, 141.000000, 141.000000, 141.000000, 141.000000, 0
2020/05/13 10:44, 140.500000, 140.500000, 140.500000, 140.500000, 11
2020/05/13 10:45, 140.500000, 140.500000, 140.500000, 140.500000, 3
2020/05/13 10:46, 140.500000, 140.500000, 140.500000, 140.500000, 5
2020/05/13 10:47, 140.500000, 140.500000, 140.000000, 140.000000, 2
2020/05/13 10:48, 140.000000, 140.000000, 140.000000, 140.000000, 6
2020/05/13 10:49, 140.000000, 140.000000, 140.000000, 140.000000, 0
2020/05/13 10:50, 140.000000, 140.000000, 140.000000, 140.000000, 2
2020/05/13 10:51, 140.000000, 140.000000, 140.000000, 140.000000, 2
2020/05/13 10:52, 140.000000, 140.500000, 140.000000, 140.500000, 23
2020/05/13 10:53, 140.000000, 140.000000, 140.000000, 140.000000, 18
2020/05/13 10:54, 140.000000, 140.000000, 139.500000, 139.500000, 23
2020/05/13 10:55, 139.500000, 139.500000, 139.500000, 139.500000, 5
2020/05/13 10:56, 139.500000, 139.500000, 139.500000, 139.500000, 1
2020/05/13 10:57, 139.500000, 139.500000, 139.500000, 139.500000, 3
2020/05/13 10:58, 139.500000, 139.500000, 139.500000, 139.500000, 2
2020/05/13 10:59, 139.500000, 139.500000, 139.500000, 139.500000, 2
2020/05/13 11:00, 139.500000, 139.500000, 139.500000, 139.500000, 1
2020/05/13 11:01, 139.500000, 139.500000, 139.500000, 139.500000, 3
2020/05/13 11:02, 139.500000, 139.500000, 139.500000, 139.500000, 0
2020/05/13 11:03, 140.000000, 140.000000, 140.000000, 140.000000, 1
2020/05/13 11:04, 140.000000, 140.000000, 140.000000, 140.000000, 30
2020/05/13 11:05, 140.000000, 140.000000, 139.500000, 140.000000, 13
2020/05/13 11:06, 140.000000, 140.000000, 140.000000, 140.000000, 0
2020/05/13 11:07, 140.000000, 140.000000, 140.000000, 140.000000, 0
2020/05/13 11:08, 140.000000, 140.000000, 140.000000, 140.000000, 1
2020/05/13 11:09, 140.000000, 140.000000, 140.000000, 140.000000, 0
2020/05/13 11:10, 140.000000, 140.000000, 140.000000, 140.000000, 10
2020/05/13 11:11, 140.000000, 140.000000, 140.000000, 140.000000, 18
2020/05/13 11:12, 140.000000, 140.000000, 140.000000, 140.000000, 1
2020/05/13 11:13, 140.000000, 140.000000, 140.000000, 140.000000, 0
2020/05/13 11:14, 140.000000, 140.000000, 140.000000, 140.000000, 4
2020/05/13 11:15, 140.000000, 140.000000, 140.000000, 140.000000, 1
2020/05/13 11:16, 140.000000, 140.000000, 140.000000, 140.000000, 0
2020/05/13 11:17, 140.000000, 140.000000, 140.000000, 140.000000, 1
2020/05/13 11:18, 140.000000, 140.000000, 140.000000, 140.000000, 14
2020/05/13 11:19, 140.000000, 140.000000, 140.000000, 140.000000, 3
2020/05/13 11:20, 140.000000, 140.000000, 140.000000, 140.000000, 0
2020/05/13 11:21, 140.000000, 140.000000, 140.000000, 140.000000, 1
2020/05/13 11:22, 140.000000, 140.000000, 140.000000, 140.000000, 2
2020/05/13 11:23, 140.000000, 140.000000, 140.000000, 140.000000, 2
2020/05/13 11:24, 140.000000, 140.000000, 140.000000, 140.000000, 0
2020/05/13 11:25, 140.000000, 140.000000, 140.000000, 140.000000, 0
2020/05/13 11:26, 140.000000, 140.000000, 140.000000, 140.000000, 1
2020/05/13 11:27, 140.000000, 140.500000, 139.500000, 140.500000, 35
2020/05/13 11:28, 140.000000, 140.000000, 140.000000, 140.000000, 2
2020/05/13 11:29, 140.000000, 140.000000, 140.000000, 140.000000, 0
2020/05/13 11:30, 140.000000, 140.000000, 140.000000, 140.000000, 11
2020/05/13 11:31, 140.000000, 140.000000, 140.000000, 140.000000, 1
2020/05/13 11:32, 140.500000, 140.500000, 140.500000, 140.500000, 1
2020/05/13 11:33, 140.000000, 140.000000, 140.000000, 140.000000, 1
2020/05/13 11:34, 140.000000, 140.000000, 140.000000, 140.000000, 1
2020/05/13 11:35, 140.000000, 140.000000, 140.000000, 140.000000, 0
2020/05/13 11:36, 140.000000, 140.000000, 140.000000, 140.000000, 1
2020/05/13 11:37, 140.500000, 140.500000, 140.500000, 140.500000, 2
2020/05/13 11:38, 140.000000, 140.000000, 140.000000, 140.000000, 1
2020/05/13 11:39, 140.000000, 140.000000, 140.000000, 140.000000, 0
2020/05/13 11:40, 140.000000, 140.000000, 140.000000, 140.000000, 0
2020/05/13 11:41, 140.000000, 140.000000, 140.000000, 140.000000, 2
2020/05/13 11:42, 140.000000, 140.000000, 140.000000, 140.000000, 2
2020/05/13 11:43, 140.500000, 140.500000, 140.500000, 140.500000, 1
2020/05/13 11:44, 140.500000, 140.500000, 140.500000, 140.500000, 1
2020/05/13 11:45, 140.500000, 140.500000, 140.500000, 140.500000, 4
2020/05/13 11:46, 140.500000, 140.500000, 140.500000, 140.500000, 4
2020/05/13 11:47, 140.500000, 140.500000, 140.500000, 140.500000, 1
2020/05/13 11:48, 140.500000, 140.500000, 140.500000, 140.500000, 8
2020/05/13 11:49, 140.000000, 140.000000, 140.000000, 140.000000, 1
2020/05/13 11:50, 140.000000, 140.000000, 140.000000, 140.000000, 14
2020/05/13 11:51, 140.000000, 140.000000, 140.000000, 140.000000, 4
2020/05/13 11:52, 140.000000, 140.000000, 140.000000, 140.000000, 0
2020/05/13 11:53, 140.000000, 140.000000, 140.000000, 140.000000, 0
2020/05/13 11:54, 140.500000, 140.500000, 140.500000, 140.500000, 1
2020/05/13 11:55, 140.500000, 140.500000, 140.500000, 140.500000, 1
2020/05/13 11:56, 140.000000, 140.000000, 140.000000, 140.000000, 2
2020/05/13 11:57, 140.000000, 140.000000, 140.000000, 140.000000, 24
2020/05/13 11:58, 140.000000, 140.000000, 140.000000, 140.000000, 3
2020/05/13 11:59, 140.000000, 140.000000, 140.000000, 140.000000, 4
2020/05/13 12:00, 140.500000, 140.500000, 140.500000, 140.500000, 18
2020/05/13 12:01, 140.500000, 140.500000, 140.500000, 140.500000, 0
2020/05/13 12:02, 140.500000, 140.500000, 140.500000, 140.500000, 17
2020/05/13 12:03, 140.500000, 140.500000, 140.500000, 140.500000, 34
2020/05/13 12:04, 140.500000, 140.500000, 140.500000, 140.500000, 6
2020/05/13 12:05, 140.500000, 140.500000, 140.500000, 140.500000, 1
2020/05/13 12:06, 140.500000, 140.500000, 140.500000, 140.500000, 4
2020/05/13 12:07, 140.500000, 140.500000, 140.500000, 140.500000, 2
2020/05/13 12:08, 140.500000, 140.500000, 140.500000, 140.500000, 4
2020/05/13 12:09, 140.500000, 140.500000, 140.500000, 140.500000, 7
2020/05/13 12:10, 140.500000, 140.500000, 140.500000, 140.500000, 0
2020/05/13 12:11, 140.500000, 140.500000, 140.500000, 140.500000, 9
2020/05/13 12:12, 141.000000, 141.500000, 141.000000, 141.500000, 113
2020/05/13 12:13, 141.500000, 141.500000, 141.500000, 141.500000, 26
2020/05/13 12:14, 141.500000, 142.000000, 141.500000, 141.500000, 114
2020/05/13 12:15, 141.500000, 141.500000, 141.500000, 141.500000, 15
2020/05/13 12:16, 141.500000, 141.500000, 141.500000, 141.500000, 14
2020/05/13 12:17, 141.500000, 141.500000, 141.500000, 141.500000, 12
2020/05/13 12:18, 141.500000, 141.500000, 141.500000, 141.500000, 23
2020/05/13 12:19, 142.000000, 142.000000, 141.500000, 141.500000, 19
2020/05/13 12:20, 141.500000, 141.500000, 141.500000, 141.500000, 4
2020/05/13 12:21, 141.500000, 142.000000, 141.500000, 142.000000, 6
2020/05/13 12:22, 141.500000, 142.500000, 141.500000, 142.500000, 258
2020/05/13 12:23, 142.500000, 143.000000, 142.500000, 142.500000, 74
2020/05/13 12:24, 142.500000, 142.500000, 142.000000, 142.500000, 51
2020/05/13 12:25, 142.500000, 143.000000, 142.500000, 143.000000, 116
2020/05/13 12:26, 143.000000, 143.000000, 142.500000, 143.000000, 71
2020/05/13 12:27, 143.000000, 143.000000, 142.000000, 142.500000, 35
2020/05/13 12:28, 142.000000, 142.500000, 142.000000, 142.500000, 15
2020/05/13 12:29, 142.000000, 142.000000, 142.000000, 142.000000, 15
2020/05/13 12:30, 142.000000, 142.000000, 142.000000, 142.000000, 9
2020/05/13 12:31, 142.000000, 142.500000, 142.000000, 142.500000, 7
2020/05/13 12:32, 142.500000, 142.500000, 142.000000, 142.500000, 34
2020/05/13 12:33, 142.500000, 142.500000, 142.500000, 142.500000, 0
2020/05/13 12:34, 142.500000, 142.500000, 142.000000, 142.500000, 17
2020/05/13 12:35, 142.500000, 142.500000, 142.000000, 142.000000, 3
2020/05/13 12:36, 142.000000, 142.500000, 142.000000, 142.500000, 5
2020/05/13 12:37, 142.500000, 142.500000, 142.500000, 142.500000, 32
2020/05/13 12:38, 142.500000, 142.500000, 142.500000, 142.500000, 6
2020/05/13 12:39, 142.500000, 142.500000, 142.500000, 142.500000, 2
2020/05/13 12:40, 142.500000, 142.500000, 142.500000, 142.500000, 14
2020/05/13 12:41, 142.500000, 143.000000, 142.500000, 142.500000, 21
2020/05/13 12:42, 142.500000, 142.500000, 142.500000, 142.500000, 6
2020/05/13 12:43, 142.500000, 142.500000, 142.500000, 142.500000, 17
2020/05/13 12:44, 143.000000, 143.000000, 143.000000, 143.000000, 14
2020/05/13 12:45, 142.500000, 143.000000, 142.500000, 143.000000, 28
2020/05/13 12:46, 143.000000, 143.000000, 142.500000, 142.500000, 9
2020/05/13 12:47, 142.500000, 143.000000, 142.000000, 142.000000, 37
2020/05/13 12:48, 142.500000, 142.500000, 142.500000, 142.500000, 12
2020/05/13 12:49, 142.500000, 142.500000, 142.500000, 142.500000, 10
2020/05/13 12:50, 142.500000, 142.500000, 142.500000, 142.500000, 6
2020/05/13 12:51, 142.500000, 142.500000, 142.500000, 142.500000, 10
2020/05/13 12:52, 142.500000, 142.500000, 142.500000, 142.500000, 6
2020/05/13 12:53, 142.500000, 143.000000, 142.500000, 142.500000, 16
2020/05/13 12:54, 142.500000, 143.000000, 142.000000, 143.000000, 20
2020/05/13 12:55, 143.000000, 143.000000, 143.000000, 143.000000, 0
2020/05/13 12:56, 142.500000, 142.500000, 142.500000, 142.500000, 1
2020/05/13 12:57, 143.000000, 143.000000, 142.500000, 142.500000, 20
2020/05/13 12:58, 142.000000, 142.500000, 142.000000, 142.500000, 5
2020/05/13 12:59, 142.500000, 142.500000, 142.500000, 142.500000, 7
2020/05/13 13:00, 142.500000, 142.500000, 142.500000, 142.500000, 3
2020/05/13 13:01, 142.000000, 142.000000, 142.000000, 142.000000, 1
2020/05/13 13:02, 142.000000, 142.500000, 142.000000, 142.000000, 5
2020/05/13 13:03, 142.000000, 142.000000, 142.000000, 142.000000, 41
2020/05/13 13:04, 142.000000, 142.000000, 142.000000, 142.000000, 23
2020/05/13 13:05, 142.000000, 142.000000, 141.500000, 141.500000, 8
2020/05/13 13:06, 142.000000, 142.000000, 142.000000, 142.000000, 17
2020/05/13 13:07, 142.000000, 142.000000, 142.000000, 142.000000, 3
2020/05/13 13:08, 142.000000, 142.000000, 142.000000, 142.000000, 0
2020/05/13 13:09, 142.000000, 142.000000, 142.000000, 142.000000, 3
2020/05/13 13:10, 142.000000, 142.000000, 142.000000, 142.000000, 15
2020/05/13 13:11, 142.000000, 142.000000, 142.000000, 142.000000, 5
2020/05/13 13:12, 142.000000, 142.000000, 141.500000, 141.500000, 6
2020/05/13 13:13, 142.000000, 142.000000, 142.000000, 142.000000, 14
2020/05/13 13:14, 142.000000, 142.000000, 142.000000, 142.000000, 5
2020/05/13 13:15, 142.000000, 142.500000, 142.000000, 142.000000, 8
2020/05/13 13:16, 142.000000, 142.000000, 142.000000, 142.000000, 27
2020/05/13 13:17, 142.000000, 142.000000, 142.000000, 142.000000, 8
2020/05/13 13:18, 142.000000, 142.500000, 142.000000, 142.000000, 19
2020/05/13 13:19, 142.000000, 142.500000, 142.000000, 142.000000, 21
2020/05/13 13:20, 142.000000, 142.500000, 142.000000, 142.000000, 17
2020/05/13 13:21, 142.000000, 142.000000, 142.000000, 142.000000, 26
2020/05/13 13:22, 142.000000, 142.500000, 142.000000, 142.000000, 25
2020/05/13 13:23, 142.000000, 142.500000, 142.000000, 142.500000, 11
2020/05/13 13:24, 142.500000, 142.500000, 141.500000, 141.500000, 47
2020/05/13 13:25, 142.000000, 142.000000, 141.500000, 142.000000, 7
2020/05/13 13:26, 142.000000, 142.000000, 142.000000, 142.000000, 0
2020/05/13 13:27, 142.000000, 142.000000, 142.000000, 142.000000, 0
2020/05/13 13:28, 142.000000, 142.000000, 142.000000, 142.000000, 0
2020/05/13 13:29, 142.000000, 142.000000, 142.000000, 142.000000, 0
2020/05/13 13:30, 141.500000, 141.500000, 141.500000, 141.500000, 176
2020/05/14 09:01, 142.500000, 142.500000, 142.000000, 142.500000, 181
2020/05/14 09:02, 142.500000, 143.000000, 142.000000, 143.000000, 110
2020/05/14 09:03, 143.000000, 143.500000, 142.500000, 143.000000, 185
2020/05/14 09:04, 143.000000, 143.500000, 142.500000, 142.500000, 84
2020/05/14 09:05, 143.000000, 143.000000, 142.500000, 143.000000, 49
2020/05/14 09:06, 143.000000, 143.000000, 142.500000, 143.000000, 33
2020/05/14 09:07, 142.500000, 143.000000, 142.000000, 142.000000, 103
2020/05/14 09:08, 142.000000, 142.000000, 141.500000, 142.000000, 45
2020/05/14 09:09, 142.000000, 142.000000, 142.000000, 142.000000, 21
2020/05/14 09:10, 142.500000, 142.500000, 142.000000, 142.500000, 12
2020/05/14 09:11, 142.500000, 143.000000, 142.500000, 143.000000, 49
2020/05/14 09:12, 142.500000, 142.500000, 142.500000, 142.500000, 17
2020/05/14 09:13, 142.500000, 142.500000, 142.500000, 142.500000, 2
2020/05/14 09:14, 142.500000, 143.000000, 142.500000, 142.500000, 29
2020/05/14 09:15, 142.500000, 142.500000, 142.500000, 142.500000, 2
2020/05/14 09:16, 142.500000, 143.500000, 142.500000, 143.500000, 65
2020/05/14 09:17, 143.500000, 143.500000, 143.000000, 143.500000, 52
2020/05/14 09:18, 143.500000, 144.000000, 143.000000, 144.000000, 72
2020/05/14 09:19, 144.000000, 144.000000, 143.500000, 143.500000, 55
2020/05/14 09:20, 143.500000, 143.500000, 143.000000, 143.500000, 7
2020/05/14 09:21, 143.500000, 143.500000, 142.500000, 142.500000, 76
2020/05/14 09:22, 142.500000, 142.500000, 142.000000, 142.500000, 70
2020/05/14 09:23, 142.500000, 143.000000, 142.500000, 142.500000, 20
2020/05/14 09:24, 142.500000, 142.500000, 142.000000, 142.000000, 6
2020/05/14 09:25, 142.000000, 142.000000, 142.000000, 142.000000, 4
2020/05/14 09:26, 142.000000, 142.000000, 142.000000, 142.000000, 51
2020/05/14 09:27, 142.000000, 142.000000, 141.500000, 141.500000, 9
2020/05/14 09:28, 141.500000, 142.000000, 141.500000, 141.500000, 10
2020/05/14 09:29, 141.500000, 141.500000, 141.000000, 141.000000, 74
2020/05/14 09:30, 141.000000, 141.500000, 141.000000, 141.000000, 37
2020/05/14 09:31, 141.000000, 141.000000, 141.000000, 141.000000, 3
2020/05/14 09:32, 141.000000, 141.500000, 141.000000, 141.500000, 15
2020/05/14 09:33, 141.500000, 141.500000, 141.500000, 141.500000, 6
2020/05/14 09:34, 141.500000, 141.500000, 141.000000, 141.500000, 28
2020/05/14 09:35, 141.000000, 141.500000, 141.000000, 141.500000, 6
2020/05/14 09:36, 141.500000, 141.500000, 141.000000, 141.000000, 3
2020/05/14 09:37, 141.500000, 141.500000, 141.500000, 141.500000, 9
2020/05/14 09:38, 141.500000, 142.000000, 141.500000, 141.500000, 10
2020/05/14 09:39, 141.500000, 141.500000, 141.500000, 141.500000, 5
2020/05/14 09:40, 141.500000, 141.500000, 141.000000, 141.500000, 10
2020/05/14 09:41, 141.500000, 141.500000, 141.000000, 141.500000, 10
2020/05/14 09:42, 141.500000, 141.500000, 141.000000, 141.500000, 30
2020/05/14 09:43, 141.000000, 141.500000, 141.000000, 141.500000, 4
2020/05/14 09:44, 141.500000, 141.500000, 141.000000, 141.000000, 7
2020/05/14 09:45, 141.000000, 141.500000, 141.000000, 141.500000, 4
2020/05/14 09:46, 141.500000, 141.500000, 141.000000, 141.500000, 7
2020/05/14 09:47, 141.500000, 141.500000, 141.500000, 141.500000, 2
2020/05/14 09:48, 141.500000, 141.500000, 141.500000, 141.500000, 10
2020/05/14 09:49, 141.500000, 141.500000, 141.500000, 141.500000, 0
2020/05/14 09:50, 141.500000, 141.500000, 141.500000, 141.500000, 0
2020/05/14 09:51, 142.000000, 142.000000, 141.500000, 141.500000, 3
2020/05/14 09:52, 141.500000, 141.500000, 141.500000, 141.500000, 2
2020/05/14 09:53, 141.500000, 141.500000, 141.500000, 141.500000, 0
2020/05/14 09:54, 141.500000, 141.500000, 141.500000, 141.500000, 0
2020/05/14 09:55, 141.500000, 141.500000, 141.500000, 141.500000, 1
2020/05/14 09:56, 142.000000, 142.500000, 142.000000, 142.500000, 55
2020/05/14 09:57, 142.500000, 142.500000, 142.000000, 142.000000, 5
2020/05/14 09:58, 142.000000, 142.500000, 142.000000, 142.000000, 12
2020/05/14 09:59, 142.000000, 142.000000, 142.000000, 142.000000, 29
2020/05/14 10:00, 142.000000, 142.000000, 142.000000, 142.000000, 11
2020/05/14 10:01, 142.000000, 142.500000, 142.000000, 142.500000, 10
2020/05/14 10:02, 142.000000, 142.000000, 142.000000, 142.000000, 16
2020/05/14 10:03, 142.000000, 142.000000, 142.000000, 142.000000, 6
2020/05/14 10:04, 142.000000, 142.000000, 142.000000, 142.000000, 4
2020/05/14 10:05, 142.000000, 142.000000, 142.000000, 142.000000, 1
2020/05/14 10:06, 141.500000, 141.500000, 141.500000, 141.500000, 56
2020/05/14 10:07, 141.000000, 141.000000, 141.000000, 141.000000, 40
2020/05/14 10:08, 140.500000, 140.500000, 140.500000, 140.500000, 9
2020/05/14 10:09, 140.500000, 140.500000, 140.500000, 140.500000, 7
2020/05/14 10:10, 141.000000, 141.000000, 140.500000, 141.000000, 4
2020/05/14 10:11, 141.000000, 141.000000, 141.000000, 141.000000, 13
2020/05/14 10:12, 141.000000, 141.500000, 141.000000, 141.000000, 7
2020/05/14 10:13, 141.000000, 141.000000, 141.000000, 141.000000, 4
2020/05/14 10:14, 141.500000, 141.500000, 140.500000, 141.000000, 4
2020/05/14 10:15, 141.000000, 141.000000, 141.000000, 141.000000, 0
2020/05/14 10:16, 140.500000, 141.000000, 140.500000, 141.000000, 3
2020/05/14 10:17, 140.500000, 141.000000, 140.500000, 140.500000, 13
2020/05/14 10:18, 140.500000, 140.500000, 140.500000, 140.500000, 2
2020/05/14 10:19, 140.500000, 140.500000, 140.500000, 140.500000, 1
2020/05/14 10:20, 140.500000, 140.500000, 140.500000, 140.500000, 0
2020/05/14 10:21, 141.000000, 141.000000, 141.000000, 141.000000, 1
2020/05/14 10:22, 141.000000, 141.000000, 141.000000, 141.000000, 9
2020/05/14 10:23, 141.000000, 141.000000, 141.000000, 141.000000, 9
2020/05/14 10:24, 141.000000, 141.000000, 140.500000, 140.500000, 17
2020/05/14 10:25, 140.500000, 140.500000, 140.500000, 140.500000, 1
2020/05/14 10:26, 140.500000, 140.500000, 140.500000, 140.500000, 0
2020/05/14 10:27, 140.500000, 140.500000, 140.500000, 140.500000, 0
2020/05/14 10:28, 140.500000, 140.500000, 140.500000, 140.500000, 0
2020/05/14 10:29, 141.000000, 141.000000, 140.500000, 141.000000, 4
2020/05/14 10:30, 141.000000, 141.000000, 141.000000, 141.000000, 10
2020/05/14 10:31, 141.000000, 141.000000, 141.000000, 141.000000, 1
2020/05/14 10:32, 141.000000, 141.000000, 141.000000, 141.000000, 1
2020/05/14 10:33, 141.000000, 141.000000, 141.000000, 141.000000, 0
2020/05/14 10:34, 141.000000, 141.000000, 141.000000, 141.000000, 2
2020/05/14 10:35, 141.000000, 141.000000, 141.000000, 141.000000, 12
2020/05/14 10:36, 141.000000, 141.000000, 141.000000, 141.000000, 4
2020/05/14 10:37, 141.000000, 141.000000, 141.000000, 141.000000, 26
2020/05/14 10:38, 141.000000, 141.000000, 141.000000, 141.000000, 1
2020/05/14 10:39, 141.000000, 141.000000, 141.000000, 141.000000, 0
2020/05/14 10:40, 141.000000, 141.000000, 141.000000, 141.000000, 28
2020/05/14 10:41, 141.000000, 141.000000, 141.000000, 141.000000, 1
2020/05/14 10:42, 141.500000, 141.500000, 141.500000, 141.500000, 8
2020/05/14 10:43, 141.500000, 141.500000, 141.000000, 141.000000, 3
2020/05/14 10:44, 141.000000, 141.000000, 141.000000, 141.000000, 4
2020/05/14 10:45, 141.500000, 141.500000, 141.000000, 141.000000, 12
2020/05/14 10:46, 141.000000, 141.000000, 141.000000, 141.000000, 1
2020/05/14 10:47, 141.000000, 141.000000, 141.000000, 141.000000, 1
2020/05/14 10:48, 141.000000, 141.000000, 141.000000, 141.000000, 1
2020/05/14 10:49, 141.000000, 141.000000, 141.000000, 141.000000, 12
2020/05/14 10:50, 141.000000, 141.000000, 141.000000, 141.000000, 2
2020/05/14 10:51, 141.000000, 141.000000, 141.000000, 141.000000, 1
2020/05/14 10:52, 141.000000, 141.000000, 141.000000, 141.000000, 2
2020/05/14 10:53, 141.000000, 141.000000, 141.000000, 141.000000, 2
2020/05/14 10:54, 141.000000, 141.000000, 141.000000, 141.000000, 4
2020/05/14 10:55, 141.000000, 141.000000, 140.500000, 140.500000, 2
2020/05/14 10:56, 141.000000, 141.000000, 141.000000, 141.000000, 6
2020/05/14 10:57, 141.000000, 141.000000, 141.000000, 141.000000, 8
2020/05/14 10:58, 141.000000, 141.000000, 140.500000, 140.500000, 3
2020/05/14 10:59, 141.000000, 141.000000, 141.000000, 141.000000, 2
2020/05/14 11:00, 141.000000, 141.000000, 141.000000, 141.000000, 3
2020/05/14 11:01, 141.000000, 141.000000, 141.000000, 141.000000, 4
2020/05/14 11:02, 141.000000, 141.000000, 141.000000, 141.000000, 3
2020/05/14 11:03, 141.000000, 141.000000, 141.000000, 141.000000, 2
2020/05/14 11:04, 141.000000, 141.000000, 141.000000, 141.000000, 1
2020/05/14 11:05, 141.000000, 141.000000, 141.000000, 141.000000, 1
2020/05/14 11:06, 141.000000, 141.000000, 140.500000, 140.500000, 11
2020/05/14 11:07, 140.500000, 140.500000, 140.000000, 140.000000, 51
2020/05/14 11:08, 140.500000, 140.500000, 140.500000, 140.500000, 3
2020/05/14 11:09, 140.500000, 140.500000, 140.500000, 140.500000, 3
2020/05/14 11:10, 140.500000, 140.500000, 140.500000, 140.500000, 4
2020/05/14 11:11, 140.500000, 140.500000, 140.500000, 140.500000, 0
2020/05/14 11:12, 140.500000, 140.500000, 140.500000, 140.500000, 1
2020/05/14 11:13, 140.000000, 140.000000, 140.000000, 140.000000, 7
2020/05/14 11:14, 140.500000, 140.500000, 140.000000, 140.000000, 9
2020/05/14 11:15, 140.000000, 140.500000, 140.000000, 140.500000, 14
2020/05/14 11:16, 140.500000, 140.500000, 140.500000, 140.500000, 0
2020/05/14 11:17, 140.500000, 140.500000, 140.500000, 140.500000, 7
2020/05/14 11:18, 140.500000, 140.500000, 140.500000, 140.500000, 3
2020/05/14 11:19, 140.500000, 140.500000, 140.500000, 140.500000, 1
2020/05/14 11:20, 140.500000, 140.500000, 140.500000, 140.500000, 1
2020/05/14 11:21, 140.500000, 140.500000, 140.500000, 140.500000, 2
2020/05/14 11:22, 140.500000, 140.500000, 140.500000, 140.500000, 0
2020/05/14 11:23, 140.500000, 140.500000, 140.500000, 140.500000, 0
2020/05/14 11:24, 140.500000, 140.500000, 140.500000, 140.500000, 11
2020/05/14 11:25, 140.000000, 140.000000, 140.000000, 140.000000, 1
2020/05/14 11:26, 140.000000, 140.000000, 140.000000, 140.000000, 3
2020/05/14 11:27, 140.000000, 140.000000, 140.000000, 140.000000, 55
2020/05/14 11:28, 139.500000, 139.500000, 138.500000, 138.500000, 115
2020/05/14 11:29, 138.500000, 139.000000, 138.500000, 139.000000, 40
2020/05/14 11:30, 139.000000, 139.000000, 138.500000, 139.000000, 47
2020/05/14 11:31, 139.000000, 139.500000, 139.000000, 139.000000, 6
2020/05/14 11:32, 139.500000, 139.500000, 139.000000, 139.000000, 4
2020/05/14 11:33, 139.000000, 139.500000, 139.000000, 139.500000, 12
2020/05/14 11:34, 139.500000, 139.500000, 139.500000, 139.500000, 2
2020/05/14 11:35, 139.500000, 139.500000, 139.500000, 139.500000, 1
2020/05/14 11:36, 139.500000, 139.500000, 139.000000, 139.000000, 3
2020/05/14 11:37, 139.500000, 139.500000, 139.500000, 139.500000, 3
2020/05/14 11:38, 139.500000, 139.500000, 139.500000, 139.500000, 2
2020/05/14 11:39, 139.500000, 139.500000, 139.500000, 139.500000, 4
2020/05/14 11:40, 139.500000, 139.500000, 139.500000, 139.500000, 3
2020/05/14 11:41, 139.500000, 139.500000, 139.500000, 139.500000, 8
2020/05/14 11:42, 139.500000, 139.500000, 139.500000, 139.500000, 3
2020/05/14 11:43, 139.000000, 139.000000, 139.000000, 139.000000, 2
2020/05/14 11:44, 139.500000, 139.500000, 139.500000, 139.500000, 3
2020/05/14 11:45, 139.500000, 139.500000, 139.000000, 139.500000, 8
2020/05/14 11:46, 139.500000, 139.500000, 139.500000, 139.500000, 1
2020/05/14 11:47, 139.500000, 139.500000, 139.500000, 139.500000, 2
2020/05/14 11:48, 139.500000, 139.500000, 139.500000, 139.500000, 20
2020/05/14 11:49, 139.500000, 139.500000, 139.500000, 139.500000, 5
2020/05/14 11:50, 139.500000, 139.500000, 139.500000, 139.500000, 2
2020/05/14 11:51, 139.500000, 139.500000, 139.500000, 139.500000, 2
2020/05/14 11:52, 139.500000, 139.500000, 139.500000, 139.500000, 4
2020/05/14 11:53, 139.000000, 139.000000, 139.000000, 139.000000, 4
2020/05/14 11:54, 139.000000, 139.500000, 139.000000, 139.000000, 12
2020/05/14 11:55, 139.500000, 139.500000, 139.000000, 139.000000, 2
2020/05/14 11:56, 140.000000, 140.000000, 139.500000, 139.500000, 5
2020/05/14 11:57, 139.500000, 139.500000, 139.500000, 139.500000, 2
2020/05/14 11:58, 139.500000, 139.500000, 139.500000, 139.500000, 1
2020/05/14 11:59, 139.500000, 139.500000, 139.500000, 139.500000, 3
2020/05/14 12:00, 139.500000, 139.500000, 139.500000, 139.500000, 0
2020/05/14 12:01, 139.500000, 139.500000, 139.500000, 139.500000, 5
2020/05/14 12:02, 139.500000, 139.500000, 139.500000, 139.500000, 0
2020/05/14 12:03, 139.500000, 139.500000, 139.500000, 139.500000, 1
2020/05/14 12:04, 139.500000, 139.500000, 139.500000, 139.500000, 0
2020/05/14 12:05, 139.500000, 139.500000, 139.500000, 139.500000, 10
2020/05/14 12:06, 139.500000, 139.500000, 139.500000, 139.500000, 0
2020/05/14 12:07, 139.500000, 139.500000, 139.500000, 139.500000, 2
2020/05/14 12:08, 139.500000, 139.500000, 139.500000, 139.500000, 1
2020/05/14 12:09, 139.500000, 139.500000, 139.500000, 139.500000, 6
2020/05/14 12:10, 139.500000, 139.500000, 139.000000, 139.000000, 32
2020/05/14 12:11, 139.000000, 139.000000, 139.000000, 139.000000, 2
2020/05/14 12:12, 139.000000, 139.000000, 139.000000, 139.000000, 15
2020/05/14 12:13, 139.000000, 139.000000, 139.000000, 139.000000, 10
2020/05/14 12:14, 139.000000, 139.000000, 138.500000, 139.000000, 22
2020/05/14 12:15, 138.500000, 139.000000, 138.500000, 139.000000, 7
2020/05/14 12:16, 139.000000, 139.000000, 139.000000, 139.000000, 2
2020/05/14 12:17, 139.000000, 139.000000, 139.000000, 139.000000, 0
2020/05/14 12:18, 139.000000, 139.000000, 139.000000, 139.000000, 1
2020/05/14 12:19, 139.000000, 139.000000, 139.000000, 139.000000, 6
2020/05/14 12:20, 139.000000, 139.000000, 139.000000, 139.000000, 8
2020/05/14 12:21, 139.000000, 139.000000, 139.000000, 139.000000, 4
2020/05/14 12:22, 139.000000, 139.000000, 139.000000, 139.000000, 6
2020/05/14 12:23, 139.000000, 139.000000, 139.000000, 139.000000, 2
2020/05/14 12:24, 139.000000, 139.000000, 139.000000, 139.000000, 10
2020/05/14 12:25, 139.000000, 139.000000, 139.000000, 139.000000, 7
2020/05/14 12:26, 139.000000, 139.000000, 139.000000, 139.000000, 9
2020/05/14 12:27, 139.000000, 139.000000, 139.000000, 139.000000, 1
2020/05/14 12:28, 139.000000, 139.000000, 139.000000, 139.000000, 2
2020/05/14 12:29, 139.000000, 139.000000, 139.000000, 139.000000, 0
2020/05/14 12:30, 139.000000, 139.000000, 139.000000, 139.000000, 3
2020/05/14 12:31, 139.000000, 139.000000, 139.000000, 139.000000, 2
2020/05/14 12:32, 139.000000, 139.000000, 139.000000, 139.000000, 5
2020/05/14 12:33, 139.000000, 139.000000, 139.000000, 139.000000, 4
2020/05/14 12:34, 138.500000, 138.500000, 138.500000, 138.500000, 4
2020/05/14 12:35, 138.500000, 138.500000, 138.000000, 138.500000, 87
2020/05/14 12:36, 138.500000, 138.500000, 138.500000, 138.500000, 4
2020/05/14 12:37, 138.000000, 138.500000, 138.000000, 138.500000, 17
2020/05/14 12:38, 138.000000, 138.500000, 138.000000, 138.000000, 49
2020/05/14 12:39, 138.000000, 138.500000, 138.000000, 138.000000, 21
2020/05/14 12:40, 138.000000, 138.000000, 137.500000, 138.000000, 60
2020/05/14 12:41, 137.500000, 138.000000, 137.500000, 138.000000, 21
2020/05/14 12:42, 137.500000, 138.000000, 137.500000, 138.000000, 11
2020/05/14 12:43, 138.000000, 138.000000, 138.000000, 138.000000, 5
2020/05/14 12:44, 138.000000, 138.000000, 137.500000, 137.500000, 15
2020/05/14 12:45, 137.500000, 138.000000, 137.500000, 137.500000, 34
2020/05/14 12:46, 137.500000, 137.500000, 137.000000, 137.500000, 29
2020/05/14 12:47, 137.500000, 137.500000, 137.000000, 137.500000, 22
2020/05/14 12:48, 137.500000, 137.500000, 137.500000, 137.500000, 7
2020/05/14 12:49, 137.500000, 137.500000, 137.000000, 137.500000, 15
2020/05/14 12:50, 137.500000, 138.000000, 137.500000, 137.500000, 10
2020/05/14 12:51, 137.500000, 137.500000, 137.500000, 137.500000, 19
2020/05/14 12:52, 137.500000, 138.000000, 137.500000, 137.500000, 3
2020/05/14 12:53, 137.500000, 137.500000, 137.500000, 137.500000, 1
2020/05/14 12:54, 137.500000, 137.500000, 137.500000, 137.500000, 12
2020/05/14 12:55, 137.500000, 137.500000, 137.500000, 137.500000, 23
2020/05/14 12:56, 137.500000, 138.000000, 137.500000, 137.500000, 22
2020/05/14 12:57, 137.500000, 137.500000, 137.500000, 137.500000, 0
2020/05/14 12:58, 137.500000, 137.500000, 137.500000, 137.500000, 0
2020/05/14 12:59, 137.500000, 137.500000, 137.500000, 137.500000, 1
2020/05/14 13:00, 137.500000, 137.500000, 137.500000, 137.500000, 2
2020/05/14 13:01, 137.500000, 137.500000, 137.500000, 137.500000, 12
2020/05/14 13:02, 137.500000, 138.000000, 137.500000, 137.500000, 31
2020/05/14 13:03, 137.000000, 137.500000, 137.000000, 137.000000, 81
2020/05/14 13:04, 137.000000, 137.000000, 136.000000, 136.000000, 64
2020/05/14 13:05, 136.500000, 136.500000, 135.000000, 135.500000, 153
2020/05/14 13:06, 135.500000, 135.500000, 134.000000, 135.000000, 79
2020/05/14 13:07, 135.000000, 135.000000, 134.500000, 134.500000, 46
2020/05/14 13:08, 134.500000, 135.000000, 134.000000, 134.000000, 66
2020/05/14 13:09, 134.500000, 135.000000, 134.500000, 135.000000, 33
2020/05/14 13:10, 135.000000, 135.000000, 134.500000, 135.000000, 26
2020/05/14 13:11, 135.000000, 135.500000, 135.000000, 135.500000, 17
2020/05/14 13:12, 135.500000, 135.500000, 135.000000, 135.500000, 29
2020/05/14 13:13, 135.500000, 135.500000, 135.000000, 135.500000, 31
2020/05/14 13:14, 135.500000, 136.000000, 135.000000, 135.000000, 11
2020/05/14 13:15, 135.500000, 135.500000, 135.500000, 135.500000, 6
2020/05/14 13:16, 135.500000, 135.500000, 135.500000, 135.500000, 16
2020/05/14 13:17, 136.000000, 136.000000, 135.500000, 135.500000, 6
2020/05/14 13:18, 135.500000, 136.000000, 135.000000, 135.000000, 9
2020/05/14 13:19, 135.500000, 135.500000, 135.500000, 135.500000, 8
2020/05/14 13:20, 135.500000, 135.500000, 135.500000, 135.500000, 9
2020/05/14 13:21, 135.500000, 136.000000, 135.500000, 135.500000, 12
2020/05/14 13:22, 135.500000, 135.500000, 135.000000, 135.500000, 29
2020/05/14 13:23, 135.500000, 135.500000, 135.000000, 135.500000, 35
2020/05/14 13:24, 135.500000, 135.500000, 135.000000, 135.500000, 21
2020/05/14 13:25, 135.500000, 135.500000, 135.000000, 135.500000, 21
2020/05/14 13:26, 135.500000, 135.500000, 135.500000, 135.500000, 0
2020/05/14 13:27, 135.500000, 135.500000, 135.500000, 135.500000, 0
2020/05/14 13:28, 135.500000, 135.500000, 135.500000, 135.500000, 0
2020/05/14 13:29, 135.500000, 135.500000, 135.500000, 135.500000, 0
2020/05/14 13:30, 135.000000, 135.000000, 135.000000, 135.000000, 252
2020/05/15 09:01, 136.500000, 137.500000, 136.500000, 137.500000, 88
2020/05/15 09:02, 137.500000, 138.000000, 137.000000, 137.500000, 26
2020/05/15 09:03, 137.500000, 138.000000, 137.500000, 137.500000, 19
2020/05/15 09:04, 137.500000, 137.500000, 137.000000, 137.500000, 21
2020/05/15 09:05, 137.500000, 137.500000, 137.000000, 137.500000, 17
2020/05/15 09:06, 137.000000, 137.000000, 136.500000, 137.000000, 49
2020/05/15 09:07, 136.500000, 136.500000, 136.500000, 136.500000, 40
2020/05/15 09:08, 136.500000, 136.500000, 136.500000, 136.500000, 16
2020/05/15 09:09, 136.500000, 137.000000, 136.500000, 136.500000, 16
2020/05/15 09:10, 136.500000, 136.500000, 136.500000, 136.500000, 11
2020/05/15 09:11, 136.500000, 137.000000, 136.500000, 137.000000, 41
2020/05/15 09:12, 137.000000, 138.000000, 137.000000, 137.500000, 16
2020/05/15 09:13, 138.000000, 138.000000, 137.500000, 137.500000, 10
2020/05/15 09:14, 137.500000, 137.500000, 137.000000, 137.000000, 25
2020/05/15 09:15, 137.000000, 137.000000, 136.500000, 136.500000, 40
2020/05/15 09:16, 136.500000, 136.500000, 136.500000, 136.500000, 10
2020/05/15 09:17, 136.500000, 136.500000, 136.500000, 136.500000, 4
2020/05/15 09:18, 136.500000, 136.500000, 136.500000, 136.500000, 10
2020/05/15 09:19, 137.000000, 137.000000, 137.000000, 137.000000, 9
2020/05/15 09:20, 137.000000, 137.000000, 137.000000, 137.000000, 12
2020/05/15 09:21, 137.000000, 137.000000, 137.000000, 137.000000, 9
2020/05/15 09:22, 137.000000, 137.000000, 136.500000, 136.500000, 10
2020/05/15 09:23, 136.500000, 137.000000, 136.500000, 137.000000, 2
2020/05/15 09:24, 137.000000, 137.000000, 137.000000, 137.000000, 0
2020/05/15 09:25, 137.000000, 137.000000, 137.000000, 137.000000, 0
2020/05/15 09:26, 136.500000, 136.500000, 136.500000, 136.500000, 1
2020/05/15 09:27, 136.500000, 136.500000, 136.500000, 136.500000, 12
2020/05/15 09:28, 136.500000, 136.500000, 136.500000, 136.500000, 12
2020/05/15 09:29, 136.500000, 137.000000, 136.500000, 137.000000, 9
2020/05/15 09:30, 137.000000, 137.000000, 137.000000, 137.000000, 1
2020/05/15 09:31, 137.000000, 137.000000, 137.000000, 137.000000, 2
2020/05/15 09:32, 137.000000, 137.000000, 137.000000, 137.000000, 0
2020/05/15 09:33, 137.000000, 137.000000, 137.000000, 137.000000, 42
2020/05/15 09:34, 137.000000, 137.000000, 137.000000, 137.000000, 2
2020/05/15 09:35, 137.000000, 137.000000, 137.000000, 137.000000, 6
2020/05/15 09:36, 137.000000, 137.000000, 136.500000, 136.500000, 8
2020/05/15 09:37, 137.000000, 137.000000, 136.500000, 136.500000, 4
2020/05/15 09:38, 136.500000, 136.500000, 136.500000, 136.500000, 13
2020/05/15 09:39, 136.500000, 136.500000, 136.500000, 136.500000, 2
2020/05/15 09:40, 136.500000, 136.500000, 136.500000, 136.500000, 4
2020/05/15 09:41, 136.500000, 136.500000, 136.500000, 136.500000, 2
2020/05/15 09:42, 136.500000, 136.500000, 136.500000, 136.500000, 1
2020/05/15 09:43, 136.000000, 136.000000, 136.000000, 136.000000, 63
2020/05/15 09:44, 135.500000, 136.000000, 135.500000, 136.000000, 14
2020/05/15 09:45, 135.500000, 135.500000, 135.500000, 135.500000, 7
2020/05/15 09:46, 135.500000, 136.000000, 135.500000, 135.500000, 6
2020/05/15 09:47, 135.500000, 135.500000, 135.500000, 135.500000, 7
2020/05/15 09:48, 135.500000, 135.500000, 135.500000, 135.500000, 16
2020/05/15 09:49, 135.500000, 135.500000, 135.500000, 135.500000, 4
2020/05/15 09:50, 135.500000, 135.500000, 135.500000, 135.500000, 7
2020/05/15 09:51, 135.500000, 135.500000, 135.500000, 135.500000, 5
2020/05/15 09:52, 135.500000, 135.500000, 135.500000, 135.500000, 7
2020/05/15 09:53, 135.500000, 135.500000, 135.500000, 135.500000, 14
2020/05/15 09:54, 135.500000, 135.500000, 135.500000, 135.500000, 1
2020/05/15 09:55, 136.000000, 136.500000, 136.000000, 136.500000, 22
2020/05/15 09:56, 136.000000, 136.000000, 136.000000, 136.000000, 1
2020/05/15 09:57, 136.000000, 136.000000, 136.000000, 136.000000, 7
2020/05/15 09:58, 136.000000, 136.000000, 136.000000, 136.000000, 1
2020/05/15 09:59, 136.000000, 136.500000, 136.000000, 136.500000, 5
2020/05/15 10:00, 136.500000, 136.500000, 136.500000, 136.500000, 0
2020/05/15 10:01, 136.500000, 136.500000, 136.000000, 136.000000, 7
2020/05/15 10:02, 136.000000, 136.000000, 135.500000, 135.500000, 16
2020/05/15 10:03, 136.000000, 136.000000, 135.500000, 135.500000, 5
2020/05/15 10:04, 136.000000, 136.000000, 135.500000, 135.500000, 12
2020/05/15 10:05, 135.500000, 136.000000, 135.500000, 136.000000, 7
2020/05/15 10:06, 136.000000, 136.000000, 135.500000, 135.500000, 12
2020/05/15 10:07, 135.500000, 136.000000, 135.500000, 135.500000, 12
2020/05/15 10:08, 135.500000, 135.500000, 135.500000, 135.500000, 1
2020/05/15 10:09, 135.500000, 135.500000, 135.500000, 135.500000, 1
2020/05/15 10:10, 135.500000, 136.000000, 135.500000, 135.500000, 24
2020/05/15 10:11, 135.500000, 135.500000, 135.000000, 135.000000, 10
2020/05/15 10:12, 135.500000, 135.500000, 135.000000, 135.000000, 15
2020/05/15 10:13, 135.000000, 135.000000, 134.500000, 134.500000, 72
2020/05/15 10:14, 134.500000, 134.500000, 134.000000, 134.000000, 32
2020/05/15 10:15, 134.000000, 134.000000, 134.000000, 134.000000, 40
2020/05/15 10:16, 134.000000, 134.500000, 134.000000, 134.500000, 40
2020/05/15 10:17, 134.500000, 134.500000, 134.500000, 134.500000, 4
2020/05/15 10:18, 134.500000, 134.500000, 134.500000, 134.500000, 0
2020/05/15 10:19, 135.000000, 135.500000, 135.000000, 135.500000, 24
2020/05/15 10:20, 135.500000, 135.500000, 135.500000, 135.500000, 1
2020/05/15 10:21, 135.000000, 135.000000, 135.000000, 135.000000, 16
2020/05/15 10:22, 135.000000, 135.000000, 135.000000, 135.000000, 15
2020/05/15 10:23, 135.500000, 135.500000, 135.500000, 135.500000, 21
2020/05/15 10:24, 135.500000, 135.500000, 135.000000, 135.500000, 8
2020/05/15 10:25, 135.500000, 135.500000, 135.500000, 135.500000, 0
2020/05/15 10:26, 135.500000, 135.500000, 135.500000, 135.500000, 4
2020/05/15 10:27, 135.500000, 135.500000, 135.500000, 135.500000, 5
2020/05/15 10:28, 135.500000, 135.500000, 135.500000, 135.500000, 0
2020/05/15 10:29, 135.500000, 135.500000, 135.500000, 135.500000, 12
2020/05/15 10:30, 135.500000, 135.500000, 135.500000, 135.500000, 0
2020/05/15 10:31, 136.000000, 136.000000, 136.000000, 136.000000, 22
2020/05/15 10:32, 136.500000, 136.500000, 136.000000, 136.500000, 16
2020/05/15 10:33, 136.500000, 136.500000, 136.500000, 136.500000, 2
2020/05/15 10:34, 136.500000, 136.500000, 136.500000, 136.500000, 8
2020/05/15 10:35, 136.500000, 136.500000, 136.500000, 136.500000, 1
2020/05/15 10:36, 136.500000, 136.500000, 136.500000, 136.500000, 0
2020/05/15 10:37, 136.500000, 136.500000, 136.500000, 136.500000, 3
2020/05/15 10:38, 136.500000, 136.500000, 136.500000, 136.500000, 17
2020/05/15 10:39, 136.500000, 137.000000, 136.500000, 137.000000, 3
2020/05/15 10:40, 137.000000, 137.500000, 137.000000, 137.500000, 46
2020/05/15 10:41, 137.500000, 137.500000, 137.500000, 137.500000, 17
2020/05/15 10:42, 137.500000, 137.500000, 137.500000, 137.500000, 15
2020/05/15 10:43, 137.500000, 137.500000, 137.000000, 137.000000, 39
2020/05/15 10:44, 137.000000, 137.000000, 137.000000, 137.000000, 0
2020/05/15 10:45, 137.000000, 137.000000, 137.000000, 137.000000, 9
2020/05/15 10:46, 137.000000, 137.000000, 137.000000, 137.000000, 1
2020/05/15 10:47, 137.000000, 137.000000, 137.000000, 137.000000, 0
2020/05/15 10:48, 137.000000, 137.000000, 137.000000, 137.000000, 3
2020/05/15 10:49, 137.000000, 137.000000, 137.000000, 137.000000, 10
2020/05/15 10:50, 137.000000, 137.000000, 137.000000, 137.000000, 0
2020/05/15 10:51, 136.500000, 136.500000, 136.500000, 136.500000, 1
2020/05/15 10:52, 136.500000, 136.500000, 136.500000, 136.500000, 0
2020/05/15 10:53, 136.500000, 136.500000, 136.500000, 136.500000, 8
2020/05/15 10:54, 136.500000, 136.500000, 136.500000, 136.500000, 1
2020/05/15 10:55, 136.500000, 136.500000, 136.500000, 136.500000, 0
2020/05/15 10:56, 136.500000, 136.500000, 136.500000, 136.500000, 1
2020/05/15 10:57, 136.500000, 136.500000, 136.500000, 136.500000, 2
2020/05/15 10:58, 136.000000, 136.000000, 136.000000, 136.000000, 3
2020/05/15 10:59, 136.000000, 136.000000, 136.000000, 136.000000, 0
2020/05/15 11:00, 136.500000, 136.500000, 136.500000, 136.500000, 2
2020/05/15 11:01, 136.000000, 136.000000, 136.000000, 136.000000, 1
2020/05/15 11:02, 136.000000, 136.000000, 136.000000, 136.000000, 0
2020/05/15 11:03, 136.000000, 136.000000, 136.000000, 136.000000, 0
2020/05/15 11:04, 136.000000, 136.000000, 136.000000, 136.000000, 0
2020/05/15 11:05, 136.000000, 136.000000, 136.000000, 136.000000, 0
2020/05/15 11:06, 136.000000, 136.000000, 136.000000, 136.000000, 0
2020/05/15 11:07, 137.000000, 137.000000, 137.000000, 137.000000, 27
2020/05/15 11:08, 137.000000, 137.000000, 137.000000, 137.000000, 2
2020/05/15 11:09, 137.000000, 137.000000, 137.000000, 137.000000, 0
2020/05/15 11:10, 137.500000, 137.500000, 137.500000, 137.500000, 4
2020/05/15 11:11, 137.500000, 137.500000, 137.500000, 137.500000, 1
2020/05/15 11:12, 137.500000, 137.500000, 137.500000, 137.500000, 1
2020/05/15 11:13, 137.500000, 137.500000, 137.500000, 137.500000, 0
2020/05/15 11:14, 137.500000, 137.500000, 137.500000, 137.500000, 0
2020/05/15 11:15, 137.500000, 137.500000, 137.000000, 137.000000, 5
2020/05/15 11:16, 137.000000, 137.000000, 137.000000, 137.000000, 13
2020/05/15 11:17, 136.500000, 136.500000, 136.500000, 136.500000, 39
2020/05/15 11:18, 136.500000, 136.500000, 136.500000, 136.500000, 0
2020/05/15 11:19, 136.500000, 136.500000, 136.500000, 136.500000, 2
2020/05/15 11:20, 136.500000, 136.500000, 136.500000, 136.500000, 0
2020/05/15 11:21, 136.500000, 136.500000, 136.500000, 136.500000, 0
2020/05/15 11:22, 136.500000, 136.500000, 136.500000, 136.500000, 0
2020/05/15 11:23, 136.500000, 136.500000, 136.500000, 136.500000, 0
2020/05/15 11:24, 136.500000, 136.500000, 136.500000, 136.500000, 0
2020/05/15 11:25, 136.500000, 136.500000, 136.500000, 136.500000, 0
2020/05/15 11:26, 137.000000, 137.000000, 137.000000, 137.000000, 17
2020/05/15 11:27, 137.000000, 137.000000, 137.000000, 137.000000, 1
2020/05/15 11:28, 137.500000, 137.500000, 137.500000, 137.500000, 58
2020/05/15 11:29, 137.500000, 137.500000, 137.500000, 137.500000, 1
2020/05/15 11:30, 137.500000, 137.500000, 137.500000, 137.500000, 0
2020/05/15 11:31, 137.500000, 137.500000, 137.500000, 137.500000, 2
2020/05/15 11:32, 137.500000, 137.500000, 137.000000, 137.000000, 3
2020/05/15 11:33, 137.000000, 137.000000, 137.000000, 137.000000, 0
2020/05/15 11:34, 137.000000, 137.000000, 137.000000, 137.000000, 0
2020/05/15 11:35, 137.000000, 137.000000, 137.000000, 137.000000, 0
2020/05/15 11:36, 137.000000, 137.500000, 137.000000, 137.500000, 9
2020/05/15 11:37, 137.500000, 137.500000, 137.500000, 137.500000, 3
2020/05/15 11:38, 137.500000, 137.500000, 137.500000, 137.500000, 5
2020/05/15 11:39, 137.500000, 137.500000, 137.500000, 137.500000, 8
2020/05/15 11:40, 137.500000, 138.000000, 137.500000, 138.000000, 3
2020/05/15 11:41, 138.000000, 138.500000, 138.000000, 138.500000, 127
2020/05/15 11:42, 138.500000, 139.500000, 138.500000, 139.500000, 140
2020/05/15 11:43, 139.500000, 139.500000, 138.500000, 139.000000, 118
2020/05/15 11:44, 139.500000, 139.500000, 139.000000, 139.000000, 15
2020/05/15 11:45, 139.000000, 139.000000, 139.000000, 139.000000, 25
2020/05/15 11:46, 139.000000, 139.000000, 138.500000, 138.500000, 9
2020/05/15 11:47, 139.000000, 139.000000, 139.000000, 139.000000, 7
2020/05/15 11:48, 139.000000, 139.000000, 138.500000, 138.500000, 6
2020/05/15 11:49, 139.000000, 139.000000, 139.000000, 139.000000, 2
2020/05/15 11:50, 139.000000, 139.000000, 139.000000, 139.000000, 4
2020/05/15 11:51, 139.000000, 139.000000, 139.000000, 139.000000, 1
2020/05/15 11:52, 138.500000, 138.500000, 138.500000, 138.500000, 5
2020/05/15 11:53, 138.500000, 139.000000, 138.500000, 139.000000, 2
2020/05/15 11:54, 138.500000, 138.500000, 138.500000, 138.500000, 3
2020/05/15 11:55, 139.000000, 139.000000, 138.500000, 138.500000, 4
2020/05/15 11:56, 138.500000, 138.500000, 138.500000, 138.500000, 14
2020/05/15 11:57, 138.500000, 138.500000, 138.500000, 138.500000, 4
2020/05/15 11:58, 138.500000, 138.500000, 138.500000, 138.500000, 2
2020/05/15 11:59, 138.500000, 139.000000, 138.500000, 139.000000, 17
2020/05/15 12:00, 139.000000, 139.000000, 139.000000, 139.000000, 1
2020/05/15 12:01, 139.000000, 139.000000, 139.000000, 139.000000, 1
2020/05/15 12:02, 138.500000, 138.500000, 138.500000, 138.500000, 9
2020/05/15 12:03, 138.500000, 138.500000, 138.500000, 138.500000, 5
2020/05/15 12:04, 138.500000, 138.500000, 138.500000, 138.500000, 3
2020/05/15 12:05, 138.500000, 138.500000, 138.500000, 138.500000, 0
2020/05/15 12:06, 139.000000, 139.000000, 139.000000, 139.000000, 2
2020/05/15 12:07, 139.000000, 139.000000, 139.000000, 139.000000, 4
2020/05/15 12:08, 138.500000, 138.500000, 138.500000, 138.500000, 2
2020/05/15 12:09, 138.500000, 138.500000, 138.500000, 138.500000, 3
2020/05/15 12:10, 138.500000, 138.500000, 138.500000, 138.500000, 8
2020/05/15 12:11, 138.500000, 138.500000, 138.000000, 138.000000, 8
2020/05/15 12:12, 138.000000, 138.000000, 138.000000, 138.000000, 1
2020/05/15 12:13, 138.500000, 138.500000, 138.500000, 138.500000, 2
2020/05/15 12:14, 138.500000, 138.500000, 138.500000, 138.500000, 4
2020/05/15 12:15, 138.500000, 138.500000, 138.000000, 138.000000, 13
2020/05/15 12:16, 138.000000, 138.000000, 138.000000, 138.000000, 2
2020/05/15 12:17, 138.500000, 138.500000, 138.000000, 138.000000, 6
2020/05/15 12:18, 138.000000, 138.000000, 138.000000, 138.000000, 5
2020/05/15 12:19, 138.000000, 138.000000, 138.000000, 138.000000, 2
2020/05/15 12:20, 138.000000, 138.000000, 138.000000, 138.000000, 0
2020/05/15 12:21, 138.000000, 138.000000, 138.000000, 138.000000, 0
2020/05/15 12:22, 138.000000, 138.000000, 138.000000, 138.000000, 4
2020/05/15 12:23, 138.000000, 138.000000, 138.000000, 138.000000, 2
2020/05/15 12:24, 138.000000, 138.000000, 138.000000, 138.000000, 0
2020/05/15 12:25, 138.000000, 138.000000, 138.000000, 138.000000, 0
2020/05/15 12:26, 138.000000, 138.000000, 138.000000, 138.000000, 0
2020/05/15 12:27, 138.000000, 138.000000, 138.000000, 138.000000, 31
2020/05/15 12:28, 138.000000, 138.000000, 138.000000, 138.000000, 2
2020/05/15 12:29, 138.000000, 138.000000, 138.000000, 138.000000, 2
2020/05/15 12:30, 138.000000, 138.500000, 138.000000, 138.500000, 5
2020/05/15 12:31, 138.500000, 138.500000, 138.500000, 138.500000, 0
2020/05/15 12:32, 138.000000, 138.000000, 138.000000, 138.000000, 1
2020/05/15 12:33, 138.000000, 138.000000, 138.000000, 138.000000, 3
2020/05/15 12:34, 138.000000, 138.000000, 138.000000, 138.000000, 1
2020/05/15 12:35, 138.000000, 138.000000, 138.000000, 138.000000, 7
2020/05/15 12:36, 138.000000, 138.000000, 138.000000, 138.000000, 4
2020/05/15 12:37, 138.000000, 138.000000, 138.000000, 138.000000, 1
2020/05/15 12:38, 138.500000, 140.000000, 138.500000, 140.000000, 186
2020/05/15 12:39, 140.000000, 140.000000, 139.500000, 140.000000, 13
2020/05/15 12:40, 140.000000, 140.000000, 140.000000, 140.000000, 8
2020/05/15 12:41, 140.000000, 140.000000, 139.500000, 139.500000, 2
2020/05/15 12:42, 140.000000, 140.000000, 139.500000, 139.500000, 26
2020/05/15 12:43, 139.500000, 139.500000, 139.500000, 139.500000, 5
2020/05/15 12:44, 139.500000, 139.500000, 139.500000, 139.500000, 12
2020/05/15 12:45, 139.500000, 139.500000, 139.000000, 139.500000, 16
2020/05/15 12:46, 139.500000, 139.500000, 139.500000, 139.500000, 11
2020/05/15 12:47, 139.500000, 139.500000, 139.500000, 139.500000, 15
2020/05/15 12:48, 139.500000, 139.500000, 139.500000, 139.500000, 3
2020/05/15 12:49, 139.500000, 139.500000, 139.000000, 139.000000, 8
2020/05/15 12:50, 139.500000, 139.500000, 139.500000, 139.500000, 41
2020/05/15 12:51, 139.500000, 140.000000, 139.500000, 140.000000, 8
2020/05/15 12:52, 140.000000, 140.000000, 139.500000, 139.500000, 3
2020/05/15 12:53, 140.000000, 140.000000, 139.500000, 139.500000, 24
2020/05/15 12:54, 139.500000, 139.500000, 139.500000, 139.500000, 0
2020/05/15 12:55, 139.500000, 139.500000, 139.500000, 139.500000, 2
2020/05/15 12:56, 139.500000, 139.500000, 139.500000, 139.500000, 1
2020/05/15 12:57, 139.500000, 139.500000, 139.500000, 139.500000, 13
2020/05/15 12:58, 139.500000, 139.500000, 139.500000, 139.500000, 1
2020/05/15 12:59, 139.500000, 139.500000, 139.500000, 139.500000, 12
2020/05/15 13:00, 139.500000, 139.500000, 139.000000, 139.500000, 6
2020/05/15 13:01, 139.500000, 139.500000, 139.500000, 139.500000, 14
2020/05/15 13:02, 139.500000, 139.500000, 139.500000, 139.500000, 2
2020/05/15 13:03, 139.500000, 139.500000, 139.500000, 139.500000, 14
2020/05/15 13:04, 139.500000, 139.500000, 139.500000, 139.500000, 11
2020/05/15 13:05, 139.500000, 139.500000, 139.000000, 139.000000, 5
2020/05/15 13:06, 139.500000, 140.000000, 139.500000, 140.000000, 11
2020/05/15 13:07, 139.500000, 139.500000, 139.500000, 139.500000, 13
2020/05/15 13:08, 139.500000, 139.500000, 139.500000, 139.500000, 4
2020/05/15 13:09, 139.500000, 139.500000, 139.500000, 139.500000, 17
2020/05/15 13:10, 139.500000, 140.000000, 139.500000, 140.000000, 12
2020/05/15 13:11, 140.000000, 140.000000, 140.000000, 140.000000, 0
2020/05/15 13:12, 140.000000, 140.000000, 139.500000, 140.000000, 7
2020/05/15 13:13, 140.000000, 140.000000, 139.500000, 139.500000, 14
2020/05/15 13:14, 139.500000, 140.000000, 139.500000, 139.500000, 16
2020/05/15 13:15, 139.500000, 140.000000, 139.000000, 139.500000, 8
2020/05/15 13:16, 139.500000, 139.500000, 139.500000, 139.500000, 6
2020/05/15 13:17, 140.000000, 140.000000, 139.500000, 140.000000, 5
2020/05/15 13:18, 139.500000, 140.000000, 139.500000, 139.500000, 7
2020/05/15 13:19, 139.500000, 140.000000, 139.000000, 139.000000, 21
2020/05/15 13:20, 139.500000, 140.000000, 139.500000, 140.000000, 10
2020/05/15 13:21, 140.000000, 140.000000, 139.500000, 140.000000, 90
2020/05/15 13:22, 140.000000, 140.000000, 139.500000, 140.000000, 62
2020/05/15 13:23, 140.000000, 140.000000, 139.500000, 139.500000, 11
2020/05/15 13:24, 139.500000, 140.000000, 139.500000, 139.500000, 26
2020/05/15 13:25, 139.500000, 139.500000, 139.000000, 139.000000, 14
2020/05/15 13:26, 139.000000, 139.000000, 139.000000, 139.000000, 0
2020/05/15 13:27, 139.000000, 139.000000, 139.000000, 139.000000, 0
2020/05/15 13:28, 139.000000, 139.000000, 139.000000, 139.000000, 0
2020/05/15 13:29, 139.000000, 139.000000, 139.000000, 139.000000, 0
2020/05/15 13:30, 139.000000, 139.000000, 139.000000, 139.000000, 183
2020/05/18 09:01, 140.000000, 140.000000, 139.000000, 139.000000, 161
2020/05/18 09:02, 139.000000, 139.500000, 139.000000, 139.000000, 32
2020/05/18 09:03, 139.500000, 140.000000, 139.000000, 139.500000, 62
2020/05/18 09:04, 139.500000, 140.000000, 139.000000, 139.500000, 30
2020/05/18 09:05, 139.500000, 140.000000, 139.500000, 140.000000, 24
2020/05/18 09:06, 140.000000, 140.000000, 139.500000, 139.500000, 22
2020/05/18 09:07, 139.500000, 139.500000, 139.500000, 139.500000, 1
2020/05/18 09:08, 139.500000, 140.000000, 139.500000, 140.000000, 40
2020/05/18 09:09, 140.000000, 140.500000, 140.000000, 140.000000, 10
2020/05/18 09:10, 140.000000, 140.000000, 140.000000, 140.000000, 17
2020/05/18 09:11, 140.000000, 140.000000, 139.500000, 140.000000, 35
2020/05/18 09:12, 140.000000, 140.000000, 139.500000, 140.000000, 3
2020/05/18 09:13, 140.000000, 140.000000, 140.000000, 140.000000, 18
2020/05/18 09:14, 140.000000, 140.000000, 140.000000, 140.000000, 9
2020/05/18 09:15, 140.000000, 140.000000, 140.000000, 140.000000, 6
2020/05/18 09:16, 140.000000, 140.000000, 140.000000, 140.000000, 2
2020/05/18 09:17, 140.000000, 141.500000, 140.000000, 141.500000, 69
2020/05/18 09:18, 141.500000, 142.000000, 140.500000, 141.500000, 116
2020/05/18 09:19, 141.500000, 142.000000, 141.500000, 141.500000, 35
2020/05/18 09:20, 142.000000, 142.000000, 141.500000, 141.500000, 57
2020/05/18 09:21, 141.500000, 142.000000, 141.500000, 142.000000, 29
2020/05/18 09:22, 142.000000, 142.500000, 141.500000, 142.500000, 95
2020/05/18 09:23, 142.500000, 142.500000, 140.500000, 140.500000, 129
2020/05/18 09:24, 140.500000, 140.500000, 140.000000, 140.000000, 23
2020/05/18 09:25, 141.000000, 141.000000, 140.000000, 140.500000, 30
2020/05/18 09:26, 140.500000, 141.000000, 140.500000, 140.500000, 8
2020/05/18 09:27, 140.500000, 141.000000, 140.500000, 141.000000, 32
2020/05/18 09:28, 141.000000, 141.500000, 141.000000, 141.500000, 13
2020/05/18 09:29, 141.500000, 141.500000, 141.000000, 141.500000, 14
2020/05/18 09:30, 141.000000, 141.000000, 141.000000, 141.000000, 19
2020/05/18 09:31, 141.500000, 142.000000, 141.000000, 142.000000, 29
2020/05/18 09:32, 142.000000, 142.500000, 142.000000, 142.000000, 105
2020/05/18 09:33, 142.000000, 143.000000, 142.000000, 143.000000, 77
2020/05/18 09:34, 143.000000, 143.500000, 142.500000, 143.000000, 137
2020/05/18 09:35, 143.000000, 144.000000, 143.000000, 144.000000, 142
2020/05/18 09:36, 143.500000, 144.000000, 143.500000, 143.500000, 99
2020/05/18 09:37, 143.500000, 143.500000, 143.000000, 143.000000, 28
2020/05/18 09:38, 143.500000, 143.500000, 142.500000, 143.000000, 34
2020/05/18 09:39, 142.500000, 143.000000, 142.500000, 142.500000, 37
2020/05/18 09:40, 142.000000, 143.000000, 142.000000, 142.500000, 19
2020/05/18 09:41, 142.500000, 143.000000, 142.500000, 142.500000, 12
2020/05/18 09:42, 142.500000, 143.000000, 142.500000, 143.000000, 39
2020/05/18 09:43, 143.000000, 143.000000, 143.000000, 143.000000, 12
2020/05/18 09:44, 143.000000, 143.000000, 143.000000, 143.000000, 18
2020/05/18 09:45, 143.000000, 143.500000, 143.000000, 143.000000, 9
2020/05/18 09:46, 143.000000, 143.000000, 143.000000, 143.000000, 8
2020/05/18 09:47, 143.000000, 143.500000, 142.500000, 143.000000, 35
2020/05/18 09:48, 143.000000, 143.000000, 142.500000, 143.000000, 8
2020/05/18 09:49, 143.000000, 143.000000, 142.500000, 143.000000, 25
2020/05/18 09:50, 143.000000, 143.000000, 143.000000, 143.000000, 8
2020/05/18 09:51, 143.000000, 143.000000, 143.000000, 143.000000, 9
2020/05/18 09:52, 143.000000, 143.000000, 142.500000, 143.000000, 7
2020/05/18 09:53, 143.000000, 143.000000, 143.000000, 143.000000, 6
2020/05/18 09:54, 142.500000, 142.500000, 142.500000, 142.500000, 35
2020/05/18 09:55, 142.500000, 142.500000, 142.500000, 142.500000, 6
2020/05/18 09:56, 142.500000, 142.500000, 142.000000, 142.000000, 7
2020/05/18 09:57, 142.000000, 142.500000, 142.000000, 142.000000, 5
2020/05/18 09:58, 142.000000, 143.000000, 142.000000, 143.000000, 17
2020/05/18 09:59, 143.000000, 143.000000, 142.500000, 142.500000, 5
2020/05/18 10:00, 142.500000, 142.500000, 142.000000, 142.000000, 12
2020/05/18 10:01, 142.500000, 142.500000, 142.500000, 142.500000, 2
2020/05/18 10:02, 142.500000, 142.500000, 142.500000, 142.500000, 11
2020/05/18 10:03, 142.500000, 142.500000, 142.000000, 142.500000, 7
2020/05/18 10:04, 143.000000, 143.000000, 142.500000, 142.500000, 15
2020/05/18 10:05, 142.500000, 142.500000, 142.500000, 142.500000, 4
2020/05/18 10:06, 142.500000, 143.000000, 142.500000, 143.000000, 13
2020/05/18 10:07, 143.000000, 143.000000, 143.000000, 143.000000, 1
2020/05/18 10:08, 142.500000, 142.500000, 142.500000, 142.500000, 2
2020/05/18 10:09, 142.500000, 142.500000, 142.500000, 142.500000, 3
2020/05/18 10:10, 142.500000, 143.000000, 142.500000, 142.500000, 15
2020/05/18 10:11, 142.500000, 143.000000, 142.500000, 143.000000, 11
2020/05/18 10:12, 143.000000, 143.500000, 143.000000, 143.000000, 139
2020/05/18 10:13, 143.500000, 144.000000, 143.000000, 143.500000, 73
2020/05/18 10:14, 144.000000, 144.500000, 143.500000, 144.500000, 290
2020/05/18 10:15, 144.500000, 144.500000, 144.000000, 144.500000, 85
2020/05/18 10:16, 144.500000, 144.500000, 144.000000, 144.000000, 35
2020/05/18 10:17, 144.000000, 144.000000, 143.500000, 143.500000, 19
2020/05/18 10:18, 143.500000, 144.000000, 143.500000, 144.000000, 45
2020/05/18 10:19, 144.000000, 144.000000, 143.500000, 144.000000, 40
2020/05/18 10:20, 144.000000, 144.500000, 144.000000, 144.500000, 74
2020/05/18 10:21, 144.500000, 145.000000, 144.000000, 144.500000, 110
2020/05/18 10:22, 145.000000, 145.000000, 144.000000, 144.000000, 35
2020/05/18 10:23, 144.500000, 145.500000, 144.000000, 145.000000, 380
2020/05/18 10:24, 144.500000, 145.500000, 144.500000, 144.500000, 104
2020/05/18 10:25, 144.500000, 144.500000, 143.500000, 144.000000, 87
2020/05/18 10:26, 143.500000, 143.500000, 143.500000, 143.500000, 5
2020/05/18 10:27, 144.000000, 144.500000, 143.500000, 144.000000, 71
2020/05/18 10:28, 144.000000, 144.500000, 144.000000, 144.000000, 54
2020/05/18 10:29, 144.000000, 144.500000, 144.000000, 144.500000, 54
2020/05/18 10:30, 144.500000, 145.000000, 144.500000, 144.500000, 89
2020/05/18 10:31, 145.000000, 145.000000, 144.500000, 145.000000, 152
2020/05/18 10:32, 145.000000, 145.000000, 144.500000, 145.000000, 247
2020/05/18 10:33, 145.000000, 145.000000, 144.000000, 144.000000, 77
2020/05/18 10:34, 143.500000, 144.000000, 143.500000, 144.000000, 13
2020/05/18 10:35, 144.000000, 144.000000, 143.000000, 143.000000, 81
2020/05/18 10:36, 143.000000, 143.000000, 142.500000, 142.500000, 102
2020/05/18 10:37, 142.500000, 143.000000, 142.500000, 143.000000, 35
2020/05/18 10:38, 143.000000, 143.500000, 143.000000, 143.500000, 15
2020/05/18 10:39, 143.500000, 143.500000, 143.500000, 143.500000, 23
2020/05/18 10:40, 143.500000, 143.500000, 143.000000, 143.500000, 34
2020/05/18 10:41, 143.000000, 143.000000, 143.000000, 143.000000, 39
2020/05/18 10:42, 143.000000, 143.000000, 143.000000, 143.000000, 1
2020/05/18 10:43, 143.000000, 143.000000, 143.000000, 143.000000, 19
2020/05/18 10:44, 143.000000, 143.000000, 141.500000, 141.500000, 167
2020/05/18 10:45, 141.500000, 142.000000, 141.500000, 141.500000, 23
2020/05/18 10:46, 141.500000, 142.000000, 141.500000, 142.000000, 54
2020/05/18 10:47, 142.000000, 142.000000, 141.500000, 142.000000, 34
2020/05/18 10:48, 142.000000, 142.000000, 141.500000, 142.000000, 114
2020/05/18 10:49, 142.000000, 142.000000, 141.000000, 141.500000, 31
2020/05/18 10:50, 141.500000, 141.500000, 141.000000, 141.500000, 15
2020/05/18 10:51, 141.500000, 141.500000, 141.500000, 141.500000, 13
2020/05/18 10:52, 141.500000, 141.500000, 141.500000, 141.500000, 20
2020/05/18 10:53, 141.500000, 141.500000, 141.500000, 141.500000, 12
2020/05/18 10:54, 141.500000, 142.000000, 141.500000, 142.000000, 4
2020/05/18 10:55, 141.500000, 142.000000, 141.500000, 141.500000, 40
2020/05/18 10:56, 141.500000, 141.500000, 141.500000, 141.500000, 16
2020/05/18 10:57, 141.500000, 141.500000, 141.000000, 141.500000, 19
2020/05/18 10:58, 142.000000, 142.000000, 141.500000, 141.500000, 6
2020/05/18 10:59, 141.500000, 142.000000, 141.500000, 141.500000, 18
2020/05/18 11:00, 141.500000, 142.000000, 141.500000, 142.000000, 14
2020/05/18 11:01, 142.000000, 142.000000, 142.000000, 142.000000, 20
2020/05/18 11:02, 142.000000, 142.000000, 142.000000, 142.000000, 0
2020/05/18 11:03, 142.000000, 142.500000, 142.000000, 142.000000, 6
2020/05/18 11:04, 141.500000, 142.000000, 141.500000, 141.500000, 21
2020/05/18 11:05, 141.500000, 141.500000, 141.500000, 141.500000, 9
2020/05/18 11:06, 141.500000, 141.500000, 141.500000, 141.500000, 5
2020/05/18 11:07, 141.500000, 141.500000, 141.500000, 141.500000, 16
2020/05/18 11:08, 141.500000, 141.500000, 141.500000, 141.500000, 3
2020/05/18 11:09, 142.000000, 142.000000, 141.500000, 142.000000, 5
2020/05/18 11:10, 142.000000, 142.000000, 142.000000, 142.000000, 6
2020/05/18 11:11, 142.000000, 142.000000, 142.000000, 142.000000, 16
2020/05/18 11:12, 142.000000, 142.000000, 142.000000, 142.000000, 15
2020/05/18 11:13, 142.000000, 142.000000, 142.000000, 142.000000, 8
2020/05/18 11:14, 142.000000, 142.000000, 142.000000, 142.000000, 2
2020/05/18 11:15, 142.000000, 142.000000, 141.500000, 141.500000, 53
2020/05/18 11:16, 141.000000, 141.500000, 141.000000, 141.500000, 18
2020/05/18 11:17, 141.500000, 141.500000, 141.500000, 141.500000, 4
2020/05/18 11:18, 141.500000, 141.500000, 141.000000, 141.500000, 28
2020/05/18 11:19, 141.500000, 141.500000, 141.500000, 141.500000, 0
2020/05/18 11:20, 141.500000, 141.500000, 141.500000, 141.500000, 0
2020/05/18 11:21, 141.500000, 141.500000, 141.500000, 141.500000, 7
2020/05/18 11:22, 141.500000, 141.500000, 141.000000, 141.500000, 25
2020/05/18 11:23, 141.500000, 141.500000, 141.500000, 141.500000, 11
2020/05/18 11:24, 141.500000, 141.500000, 140.500000, 140.500000, 79
2020/05/18 11:25, 140.500000, 141.000000, 140.500000, 141.000000, 16
2020/05/18 11:26, 141.000000, 141.000000, 141.000000, 141.000000, 15
2020/05/18 11:27, 141.000000, 141.000000, 141.000000, 141.000000, 8
2020/05/18 11:28, 141.500000, 141.500000, 141.500000, 141.500000, 1
2020/05/18 11:29, 141.500000, 141.500000, 141.500000, 141.500000, 5
2020/05/18 11:30, 141.500000, 141.500000, 141.500000, 141.500000, 1
2020/05/18 11:31, 141.500000, 141.500000, 141.500000, 141.500000, 16
2020/05/18 11:32, 141.500000, 141.500000, 141.500000, 141.500000, 8
2020/05/18 11:33, 141.500000, 141.500000, 141.500000, 141.500000, 4
2020/05/18 11:34, 141.500000, 141.500000, 141.500000, 141.500000, 5
2020/05/18 11:35, 141.500000, 141.500000, 141.500000, 141.500000, 2
2020/05/18 11:36, 141.500000, 141.500000, 141.500000, 141.500000, 1
2020/05/18 11:37, 141.000000, 141.000000, 140.500000, 140.500000, 41
2020/05/18 11:38, 140.500000, 140.500000, 140.500000, 140.500000, 3
2020/05/18 11:39, 141.000000, 141.000000, 141.000000, 141.000000, 11
2020/05/18 11:40, 141.000000, 141.000000, 141.000000, 141.000000, 2
2020/05/18 11:41, 141.000000, 141.000000, 141.000000, 141.000000, 0
2020/05/18 11:42, 141.000000, 141.000000, 141.000000, 141.000000, 1
2020/05/18 11:43, 141.000000, 141.000000, 141.000000, 141.000000, 0
2020/05/18 11:44, 141.500000, 141.500000, 141.500000, 141.500000, 2
2020/05/18 11:45, 141.500000, 141.500000, 141.500000, 141.500000, 0
2020/05/18 11:46, 141.500000, 141.500000, 141.500000, 141.500000, 2
2020/05/18 11:47, 141.500000, 141.500000, 141.500000, 141.500000, 3
2020/05/18 11:48, 141.500000, 141.500000, 141.500000, 141.500000, 2
2020/05/18 11:49, 141.500000, 141.500000, 141.500000, 141.500000, 3
2020/05/18 11:50, 141.500000, 141.500000, 141.500000, 141.500000, 1
2020/05/18 11:51, 141.500000, 141.500000, 141.500000, 141.500000, 3
2020/05/18 11:52, 141.500000, 141.500000, 141.500000, 141.500000, 0
2020/05/18 11:53, 141.000000, 141.000000, 141.000000, 141.000000, 1
2020/05/18 11:54, 141.000000, 141.000000, 141.000000, 141.000000, 5
2020/05/18 11:55, 141.000000, 141.000000, 140.500000, 140.500000, 98
2020/05/18 11:56, 140.500000, 140.500000, 140.500000, 140.500000, 21
2020/05/18 11:57, 140.500000, 140.500000, 140.500000, 140.500000, 0
2020/05/18 11:58, 140.500000, 140.500000, 140.500000, 140.500000, 15
2020/05/18 11:59, 140.500000, 140.500000, 140.000000, 140.500000, 17
2020/05/18 12:00, 140.500000, 140.500000, 140.500000, 140.500000, 6
2020/05/18 12:01, 140.500000, 141.000000, 140.500000, 140.500000, 15
2020/05/18 12:02, 140.500000, 140.500000, 140.500000, 140.500000, 3
2020/05/18 12:03, 140.500000, 140.500000, 140.000000, 140.000000, 5
2020/05/18 12:04, 140.000000, 140.500000, 140.000000, 140.500000, 10
2020/05/18 12:05, 141.000000, 141.000000, 140.500000, 140.500000, 3
2020/05/18 12:06, 140.500000, 140.500000, 140.500000, 140.500000, 2
2020/05/18 12:07, 140.500000, 140.500000, 140.500000, 140.500000, 3
2020/05/18 12:08, 140.500000, 140.500000, 140.500000, 140.500000, 8
2020/05/18 12:09, 140.500000, 141.000000, 140.500000, 141.000000, 15
2020/05/18 12:10, 141.000000, 141.000000, 141.000000, 141.000000, 1
2020/05/18 12:11, 141.000000, 141.000000, 141.000000, 141.000000, 12
2020/05/18 12:12, 141.000000, 141.000000, 141.000000, 141.000000, 0
2020/05/18 12:13, 140.500000, 140.500000, 140.500000, 140.500000, 1
2020/05/18 12:14, 140.500000, 140.500000, 140.500000, 140.500000, 22
2020/05/18 12:15, 140.500000, 140.500000, 140.500000, 140.500000, 2
2020/05/18 12:16, 141.000000, 141.500000, 141.000000, 141.500000, 23
2020/05/18 12:17, 141.500000, 141.500000, 141.500000, 141.500000, 7
2020/05/18 12:18, 141.500000, 141.500000, 141.500000, 141.500000, 0
2020/05/18 12:19, 141.500000, 141.500000, 141.500000, 141.500000, 8
2020/05/18 12:20, 141.500000, 141.500000, 141.000000, 141.500000, 11
2020/05/18 12:21, 141.000000, 141.000000, 141.000000, 141.000000, 1
2020/05/18 12:22, 141.000000, 141.000000, 141.000000, 141.000000, 1
2020/05/18 12:23, 141.000000, 141.500000, 141.000000, 141.500000, 4
2020/05/18 12:24, 141.500000, 141.500000, 141.500000, 141.500000, 0
2020/05/18 12:25, 141.500000, 141.500000, 141.500000, 141.500000, 2
2020/05/18 12:26, 141.000000, 141.000000, 141.000000, 141.000000, 1
2020/05/18 12:27, 141.000000, 141.000000, 141.000000, 141.000000, 14
2020/05/18 12:28, 141.000000, 141.000000, 141.000000, 141.000000, 0
2020/05/18 12:29, 141.000000, 141.000000, 141.000000, 141.000000, 0
2020/05/18 12:30, 141.000000, 141.000000, 141.000000, 141.000000, 13
2020/05/18 12:31, 141.000000, 141.000000, 141.000000, 141.000000, 1
2020/05/18 12:32, 141.000000, 141.000000, 141.000000, 141.000000, 3
2020/05/18 12:33, 141.000000, 141.000000, 140.500000, 140.500000, 4
2020/05/18 12:34, 140.500000, 140.500000, 140.500000, 140.500000, 0
2020/05/18 12:35, 141.000000, 141.000000, 140.500000, 140.500000, 11
2020/05/18 12:36, 140.500000, 140.500000, 140.500000, 140.500000, 0
2020/05/18 12:37, 141.000000, 141.000000, 141.000000, 141.000000, 3
2020/05/18 12:38, 141.000000, 141.000000, 141.000000, 141.000000, 5
2020/05/18 12:39, 141.500000, 141.500000, 141.500000, 141.500000, 2
2020/05/18 12:40, 141.500000, 141.500000, 141.500000, 141.500000, 2
2020/05/18 12:41, 141.500000, 141.500000, 141.500000, 141.500000, 0
2020/05/18 12:42, 141.000000, 141.000000, 141.000000, 141.000000, 10
2020/05/18 12:43, 141.000000, 141.000000, 141.000000, 141.000000, 0
2020/05/18 12:44, 141.000000, 141.000000, 141.000000, 141.000000, 1
2020/05/18 12:45, 141.000000, 141.000000, 140.500000, 141.000000, 3
2020/05/18 12:46, 140.500000, 140.500000, 140.500000, 140.500000, 3
2020/05/18 12:47, 140.500000, 140.500000, 140.500000, 140.500000, 0
2020/05/18 12:48, 140.500000, 140.500000, 140.500000, 140.500000, 0
2020/05/18 12:49, 140.500000, 140.500000, 140.500000, 140.500000, 0
2020/05/18 12:50, 141.000000, 141.000000, 140.500000, 141.000000, 9
2020/05/18 12:51, 141.000000, 141.000000, 141.000000, 141.000000, 3
2020/05/18 12:52, 141.000000, 141.000000, 140.500000, 140.500000, 4
2020/05/18 12:53, 140.500000, 140.500000, 140.500000, 140.500000, 0
2020/05/18 12:54, 140.500000, 141.000000, 140.500000, 141.000000, 8
2020/05/18 12:55, 141.000000, 141.000000, 140.500000, 141.000000, 6
2020/05/18 12:56, 141.000000, 141.000000, 141.000000, 141.000000, 1
2020/05/18 12:57, 141.000000, 141.000000, 141.000000, 141.000000, 3
2020/05/18 12:58, 141.000000, 141.000000, 141.000000, 141.000000, 11
2020/05/18 12:59, 141.000000, 141.000000, 141.000000, 141.000000, 7
2020/05/18 13:00, 141.000000, 141.000000, 141.000000, 141.000000, 0
2020/05/18 13:01, 141.000000, 141.000000, 141.000000, 141.000000, 1
2020/05/18 13:02, 141.000000, 141.000000, 140.500000, 140.500000, 5
2020/05/18 13:03, 140.500000, 140.500000, 140.500000, 140.500000, 1
2020/05/18 13:04, 141.000000, 141.000000, 141.000000, 141.000000, 4
2020/05/18 13:05, 141.000000, 141.000000, 140.500000, 141.000000, 4
2020/05/18 13:06, 140.500000, 141.000000, 140.500000, 140.500000, 4
2020/05/18 13:07, 140.500000, 141.000000, 140.000000, 140.000000, 97
2020/05/18 13:08, 140.500000, 140.500000, 140.000000, 140.000000, 7
2020/05/18 13:09, 140.000000, 140.500000, 140.000000, 140.000000, 21
2020/05/18 13:10, 140.000000, 140.000000, 140.000000, 140.000000, 2
2020/05/18 13:11, 140.000000, 140.500000, 140.000000, 140.500000, 3
2020/05/18 13:12, 140.000000, 140.500000, 140.000000, 140.500000, 9
2020/05/18 13:13, 140.000000, 140.000000, 140.000000, 140.000000, 4
2020/05/18 13:14, 140.000000, 140.000000, 140.000000, 140.000000, 13
2020/05/18 13:15, 140.000000, 140.000000, 140.000000, 140.000000, 34
2020/05/18 13:16, 140.000000, 140.000000, 139.500000, 140.000000, 102
2020/05/18 13:17, 139.500000, 140.000000, 139.500000, 139.500000, 40
2020/05/18 13:18, 139.500000, 139.500000, 139.500000, 139.500000, 14
2020/05/18 13:19, 139.500000, 139.500000, 139.500000, 139.500000, 12
2020/05/18 13:20, 139.500000, 140.500000, 139.500000, 140.000000, 33
2020/05/18 13:21, 140.000000, 140.000000, 140.000000, 140.000000, 8
2020/05/18 13:22, 140.000000, 140.000000, 139.500000, 140.000000, 17
2020/05/18 13:23, 140.000000, 140.500000, 140.000000, 140.000000, 23
2020/05/18 13:24, 140.500000, 141.000000, 140.500000, 140.500000, 27
2020/05/18 13:25, 140.500000, 140.500000, 140.000000, 140.000000, 36
2020/05/18 13:26, 140.000000, 140.000000, 140.000000, 140.000000, 0
2020/05/18 13:27, 140.000000, 140.000000, 140.000000, 140.000000, 0
2020/05/18 13:28, 140.000000, 140.000000, 140.000000, 140.000000, 0
2020/05/18 13:29, 140.000000, 140.000000, 140.000000, 140.000000, 0
2020/05/18 13:30, 141.000000, 141.000000, 141.000000, 141.000000, 238
2020/05/19 09:01, 143.500000, 144.000000, 143.000000, 143.000000, 242
2020/05/19 09:02, 143.000000, 143.500000, 142.500000, 142.500000, 105
2020/05/19 09:03, 142.500000, 143.500000, 142.000000, 142.000000, 81
2020/05/19 09:04, 142.000000, 142.500000, 142.000000, 142.500000, 88
2020/05/19 09:05, 142.500000, 143.000000, 142.000000, 142.500000, 33
2020/05/19 09:06, 142.500000, 143.000000, 142.000000, 142.500000, 49
2020/05/19 09:07, 142.500000, 143.000000, 142.000000, 142.500000, 36
2020/05/19 09:08, 142.000000, 142.000000, 141.500000, 142.000000, 66
2020/05/19 09:09, 142.000000, 142.000000, 141.500000, 142.000000, 21
2020/05/19 09:10, 141.500000, 141.500000, 141.000000, 141.500000, 92
2020/05/19 09:11, 141.000000, 141.500000, 140.500000, 141.000000, 47
2020/05/19 09:12, 140.500000, 141.500000, 140.500000, 141.000000, 33
2020/05/19 09:13, 141.000000, 142.000000, 141.000000, 142.000000, 14
2020/05/19 09:14, 142.000000, 142.000000, 141.000000, 141.000000, 32
2020/05/19 09:15, 141.500000, 142.000000, 141.000000, 141.000000, 44
2020/05/19 09:16, 141.500000, 141.500000, 141.500000, 141.500000, 8
2020/05/19 09:17, 141.500000, 141.500000, 141.000000, 141.500000, 22
2020/05/19 09:18, 141.500000, 141.500000, 141.500000, 141.500000, 18
2020/05/19 09:19, 141.500000, 141.500000, 141.500000, 141.500000, 9
2020/05/19 09:20, 141.500000, 141.500000, 141.000000, 141.000000, 86
2020/05/19 09:21, 140.500000, 141.000000, 140.500000, 140.500000, 42
2020/05/19 09:22, 140.500000, 140.500000, 140.000000, 140.000000, 79
2020/05/19 09:23, 140.000000, 140.500000, 140.000000, 140.000000, 95
2020/05/19 09:24, 140.500000, 140.500000, 140.000000, 140.000000, 29
2020/05/19 09:25, 139.500000, 140.000000, 139.500000, 140.000000, 43
2020/05/19 09:26, 140.000000, 140.000000, 139.500000, 140.000000, 26
2020/05/19 09:27, 140.000000, 140.000000, 140.000000, 140.000000, 22
2020/05/19 09:28, 140.000000, 140.000000, 140.000000, 140.000000, 22
2020/05/19 09:29, 140.000000, 140.000000, 140.000000, 140.000000, 21
2020/05/19 09:30, 140.000000, 140.000000, 140.000000, 140.000000, 14
2020/05/19 09:31, 140.000000, 140.000000, 140.000000, 140.000000, 16
2020/05/19 09:32, 139.500000, 139.500000, 139.500000, 139.500000, 2
2020/05/19 09:33, 139.500000, 140.000000, 139.500000, 140.000000, 12
2020/05/19 09:34, 140.000000, 140.000000, 140.000000, 140.000000, 1
2020/05/19 09:35, 140.000000, 140.000000, 140.000000, 140.000000, 7
2020/05/19 09:36, 140.000000, 140.000000, 140.000000, 140.000000, 3
2020/05/19 09:37, 140.000000, 140.000000, 140.000000, 140.000000, 7
2020/05/19 09:38, 140.000000, 140.000000, 139.500000, 139.500000, 4
2020/05/19 09:39, 140.000000, 140.000000, 139.500000, 140.000000, 14
2020/05/19 09:40, 140.000000, 140.000000, 139.500000, 139.500000, 8
2020/05/19 09:41, 139.500000, 139.500000, 139.500000, 139.500000, 5
2020/05/19 09:42, 139.500000, 139.500000, 139.500000, 139.500000, 25
2020/05/19 09:43, 139.500000, 139.500000, 139.000000, 139.500000, 40
2020/05/19 09:44, 139.500000, 139.500000, 139.500000, 139.500000, 12
2020/05/19 09:45, 139.500000, 139.500000, 139.000000, 139.500000, 16
2020/05/19 09:46, 139.500000, 139.500000, 139.500000, 139.500000, 11
2020/05/19 09:47, 139.000000, 139.000000, 139.000000, 139.000000, 51
2020/05/19 09:48, 139.000000, 139.000000, 138.500000, 139.000000, 46
2020/05/19 09:49, 138.500000, 139.000000, 138.500000, 138.500000, 17
2020/05/19 09:50, 138.500000, 138.500000, 138.500000, 138.500000, 56
2020/05/19 09:51, 138.500000, 138.500000, 138.500000, 138.500000, 16
2020/05/19 09:52, 139.000000, 139.000000, 138.500000, 139.000000, 12
2020/05/19 09:53, 139.000000, 139.000000, 138.500000, 139.000000, 10
2020/05/19 09:54, 138.500000, 139.000000, 138.500000, 139.000000, 4
2020/05/19 09:55, 139.000000, 139.000000, 139.000000, 139.000000, 4
2020/05/19 09:56, 139.000000, 139.000000, 139.000000, 139.000000, 0
2020/05/19 09:57, 139.500000, 139.500000, 139.500000, 139.500000, 3
2020/05/19 09:58, 139.500000, 139.500000, 139.500000, 139.500000, 20
2020/05/19 09:59, 139.500000, 139.500000, 139.500000, 139.500000, 7
2020/05/19 10:00, 139.500000, 139.500000, 139.500000, 139.500000, 1
2020/05/19 10:01, 139.500000, 139.500000, 139.500000, 139.500000, 1
2020/05/19 10:02, 139.500000, 139.500000, 139.000000, 139.500000, 15
2020/05/19 10:03, 139.500000, 139.500000, 139.000000, 139.000000, 2
2020/05/19 10:04, 139.500000, 139.500000, 139.000000, 139.000000, 4
2020/05/19 10:05, 139.000000, 139.500000, 139.000000, 139.500000, 6
2020/05/19 10:06, 139.500000, 139.500000, 139.500000, 139.500000, 4
2020/05/19 10:07, 139.500000, 139.500000, 139.500000, 139.500000, 2
2020/05/19 10:08, 139.500000, 139.500000, 139.500000, 139.500000, 5
2020/05/19 10:09, 139.500000, 139.500000, 139.500000, 139.500000, 1
2020/05/19 10:10, 139.500000, 139.500000, 139.500000, 139.500000, 2
2020/05/19 10:11, 139.500000, 139.500000, 139.500000, 139.500000, 18
2020/05/19 10:12, 139.000000, 140.000000, 139.000000, 139.500000, 9
2020/05/19 10:13, 139.500000, 139.500000, 139.500000, 139.500000, 2
2020/05/19 10:14, 139.500000, 139.500000, 139.500000, 139.500000, 10
2020/05/19 10:15, 139.000000, 139.000000, 139.000000, 139.000000, 1
2020/05/19 10:16, 139.500000, 139.500000, 139.500000, 139.500000, 3
2020/05/19 10:17, 139.500000, 139.500000, 139.500000, 139.500000, 1
2020/05/19 10:18, 139.500000, 139.500000, 139.500000, 139.500000, 0
2020/05/19 10:19, 139.500000, 139.500000, 139.500000, 139.500000, 1
2020/05/19 10:20, 139.000000, 139.000000, 139.000000, 139.000000, 11
2020/05/19 10:21, 139.500000, 139.500000, 139.500000, 139.500000, 1
2020/05/19 10:22, 139.500000, 139.500000, 139.500000, 139.500000, 8
2020/05/19 10:23, 139.500000, 139.500000, 139.500000, 139.500000, 22
2020/05/19 10:24, 139.500000, 139.500000, 139.500000, 139.500000, 1
2020/05/19 10:25, 140.000000, 140.000000, 140.000000, 140.000000, 3
2020/05/19 10:26, 140.000000, 140.000000, 140.000000, 140.000000, 1
2020/05/19 10:27, 139.500000, 139.500000, 139.500000, 139.500000, 1
2020/05/19 10:28, 139.500000, 139.500000, 139.500000, 139.500000, 1
2020/05/19 10:29, 139.500000, 139.500000, 139.500000, 139.500000, 0
2020/05/19 10:30, 139.500000, 139.500000, 139.500000, 139.500000, 0
2020/05/19 10:31, 139.500000, 139.500000, 139.500000, 139.500000, 0
2020/05/19 10:32, 139.500000, 139.500000, 139.500000, 139.500000, 0
2020/05/19 10:33, 139.500000, 139.500000, 139.500000, 139.500000, 0
2020/05/19 10:34, 139.500000, 139.500000, 139.500000, 139.500000, 0
2020/05/19 10:35, 139.500000, 139.500000, 139.500000, 139.500000, 0
2020/05/19 10:36, 140.000000, 140.000000, 140.000000, 140.000000, 1
2020/05/19 10:37, 139.500000, 139.500000, 139.500000, 139.500000, 2
2020/05/19 10:38, 139.500000, 139.500000, 139.500000, 139.500000, 1
2020/05/19 10:39, 140.000000, 140.000000, 140.000000, 140.000000, 6
2020/05/19 10:40, 140.000000, 140.000000, 140.000000, 140.000000, 4
2020/05/19 10:41, 140.000000, 140.000000, 140.000000, 140.000000, 0
2020/05/19 10:42, 140.000000, 140.000000, 140.000000, 140.000000, 0
2020/05/19 10:43, 140.000000, 140.000000, 140.000000, 140.000000, 4
2020/05/19 10:44, 140.000000, 140.000000, 140.000000, 140.000000, 37
2020/05/19 10:45, 140.500000, 140.500000, 140.500000, 140.500000, 2
2020/05/19 10:46, 140.500000, 140.500000, 140.500000, 140.500000, 7
2020/05/19 10:47, 140.500000, 140.500000, 140.000000, 140.000000, 2
2020/05/19 10:48, 140.000000, 140.000000, 140.000000, 140.000000, 27
2020/05/19 10:49, 140.000000, 140.000000, 140.000000, 140.000000, 15
2020/05/19 10:50, 140.000000, 140.000000, 140.000000, 140.000000, 4
2020/05/19 10:51, 140.000000, 140.000000, 140.000000, 140.000000, 5
2020/05/19 10:52, 140.000000, 140.000000, 140.000000, 140.000000, 3
2020/05/19 10:53, 140.000000, 140.000000, 140.000000, 140.000000, 4
2020/05/19 10:54, 140.000000, 140.000000, 140.000000, 140.000000, 1
2020/05/19 10:55, 140.000000, 140.000000, 140.000000, 140.000000, 5
2020/05/19 10:56, 140.000000, 140.000000, 140.000000, 140.000000, 1
2020/05/19 10:57, 140.000000, 140.000000, 140.000000, 140.000000, 0
2020/05/19 10:58, 140.000000, 140.000000, 140.000000, 140.000000, 0
2020/05/19 10:59, 140.000000, 140.000000, 139.500000, 140.000000, 7
2020/05/19 11:00, 140.000000, 140.500000, 140.000000, 140.500000, 3
2020/05/19 11:01, 140.000000, 140.000000, 140.000000, 140.000000, 2
2020/05/19 11:02, 140.000000, 140.000000, 140.000000, 140.000000, 1
2020/05/19 11:03, 140.000000, 140.000000, 140.000000, 140.000000, 0
2020/05/19 11:04, 140.000000, 140.000000, 140.000000, 140.000000, 0
2020/05/19 11:05, 140.000000, 140.000000, 140.000000, 140.000000, 0
2020/05/19 11:06, 140.000000, 140.000000, 140.000000, 140.000000, 7
2020/05/19 11:07, 140.000000, 140.000000, 140.000000, 140.000000, 22
2020/05/19 11:08, 140.000000, 140.000000, 140.000000, 140.000000, 4
2020/05/19 11:09, 140.000000, 140.000000, 140.000000, 140.000000, 1
2020/05/19 11:10, 140.000000, 140.000000, 140.000000, 140.000000, 11
2020/05/19 11:11, 140.000000, 140.000000, 140.000000, 140.000000, 1
2020/05/19 11:12, 140.000000, 140.000000, 140.000000, 140.000000, 21
2020/05/19 11:13, 140.000000, 140.000000, 140.000000, 140.000000, 0
2020/05/19 11:14, 140.000000, 140.000000, 140.000000, 140.000000, 1
2020/05/19 11:15, 140.000000, 140.000000, 140.000000, 140.000000, 1
2020/05/19 11:16, 140.000000, 140.000000, 140.000000, 140.000000, 1
2020/05/19 11:17, 140.000000, 140.000000, 140.000000, 140.000000, 7
2020/05/19 11:18, 140.000000, 140.000000, 140.000000, 140.000000, 0
2020/05/19 11:19, 140.000000, 140.000000, 140.000000, 140.000000, 1
2020/05/19 11:20, 140.000000, 140.000000, 140.000000, 140.000000, 0
2020/05/19 11:21, 140.000000, 140.000000, 140.000000, 140.000000, 0
2020/05/19 11:22, 140.000000, 140.000000, 140.000000, 140.000000, 4
2020/05/19 11:23, 140.000000, 140.000000, 140.000000, 140.000000, 0
2020/05/19 11:24, 140.000000, 140.000000, 140.000000, 140.000000, 2
2020/05/19 11:25, 140.000000, 140.000000, 140.000000, 140.000000, 0
2020/05/19 11:26, 140.000000, 140.000000, 140.000000, 140.000000, 2
2020/05/19 11:27, 140.000000, 140.000000, 140.000000, 140.000000, 5
2020/05/19 11:28, 140.000000, 140.000000, 140.000000, 140.000000, 4
2020/05/19 11:29, 140.000000, 140.000000, 140.000000, 140.000000, 2
2020/05/19 11:30, 140.000000, 140.000000, 140.000000, 140.000000, 0
2020/05/19 11:31, 140.000000, 140.000000, 140.000000, 140.000000, 0
2020/05/19 11:32, 140.000000, 140.000000, 140.000000, 140.000000, 3
2020/05/19 11:33, 140.000000, 140.000000, 140.000000, 140.000000, 2
2020/05/19 11:34, 140.000000, 140.000000, 140.000000, 140.000000, 0
2020/05/19 11:35, 140.000000, 140.000000, 140.000000, 140.000000, 1
2020/05/19 11:36, 140.000000, 140.000000, 140.000000, 140.000000, 1
2020/05/19 11:37, 140.000000, 140.000000, 140.000000, 140.000000, 0
2020/05/19 11:38, 140.000000, 140.000000, 140.000000, 140.000000, 2
2020/05/19 11:39, 140.000000, 140.000000, 140.000000, 140.000000, 2
2020/05/19 11:40, 139.500000, 140.000000, 139.500000, 140.000000, 4
2020/05/19 11:41, 140.000000, 140.000000, 140.000000, 140.000000, 1
2020/05/19 11:42, 139.500000, 139.500000, 139.500000, 139.500000, 3
2020/05/19 11:43, 139.500000, 140.000000, 139.500000, 140.000000, 16
2020/05/19 11:44, 139.500000, 139.500000, 139.500000, 139.500000, 1
2020/05/19 11:45, 139.500000, 139.500000, 139.500000, 139.500000, 0
2020/05/19 11:46, 139.500000, 139.500000, 139.500000, 139.500000, 0
2020/05/19 11:47, 139.500000, 139.500000, 139.500000, 139.500000, 0
2020/05/19 11:48, 139.500000, 139.500000, 139.000000, 139.500000, 39
2020/05/19 11:49, 139.000000, 139.500000, 139.000000, 139.500000, 2
2020/05/19 11:50, 139.500000, 139.500000, 139.500000, 139.500000, 0
2020/05/19 11:51, 139.500000, 139.500000, 139.500000, 139.500000, 0
2020/05/19 11:52, 139.500000, 139.500000, 139.500000, 139.500000, 0
2020/05/19 11:53, 139.500000, 139.500000, 139.500000, 139.500000, 0
2020/05/19 11:54, 139.000000, 139.000000, 139.000000, 139.000000, 1
2020/05/19 11:55, 139.000000, 139.000000, 139.000000, 139.000000, 5
2020/05/19 11:56, 139.000000, 139.000000, 139.000000, 139.000000, 10
2020/05/19 11:57, 139.500000, 139.500000, 139.000000, 139.000000, 5
2020/05/19 11:58, 139.000000, 139.000000, 139.000000, 139.000000, 1
2020/05/19 11:59, 139.500000, 139.500000, 139.000000, 139.000000, 2
2020/05/19 12:00, 139.000000, 139.000000, 139.000000, 139.000000, 2
2020/05/19 12:01, 139.500000, 139.500000, 139.500000, 139.500000, 2
2020/05/19 12:02, 139.500000, 139.500000, 139.500000, 139.500000, 1
2020/05/19 12:03, 139.000000, 139.500000, 139.000000, 139.500000, 2
2020/05/19 12:04, 139.500000, 139.500000, 139.500000, 139.500000, 0
2020/05/19 12:05, 139.500000, 139.500000, 139.500000, 139.500000, 8
2020/05/19 12:06, 139.500000, 139.500000, 139.500000, 139.500000, 1
2020/05/19 12:07, 139.500000, 139.500000, 139.500000, 139.500000, 2
2020/05/19 12:08, 139.500000, 139.500000, 139.500000, 139.500000, 1
2020/05/19 12:09, 139.500000, 139.500000, 139.500000, 139.500000, 0
2020/05/19 12:10, 139.500000, 139.500000, 139.500000, 139.500000, 0
2020/05/19 12:11, 139.500000, 139.500000, 139.500000, 139.500000, 0
2020/05/19 12:12, 139.500000, 139.500000, 139.500000, 139.500000, 1
2020/05/19 12:13, 139.500000, 139.500000, 139.500000, 139.500000, 2
2020/05/19 12:14, 139.500000, 139.500000, 139.500000, 139.500000, 4
2020/05/19 12:15, 139.500000, 139.500000, 139.500000, 139.500000, 29
2020/05/19 12:16, 139.500000, 139.500000, 139.500000, 139.500000, 2
2020/05/19 12:17, 139.500000, 139.500000, 139.500000, 139.500000, 1
2020/05/19 12:18, 139.500000, 139.500000, 139.500000, 139.500000, 6
2020/05/19 12:19, 139.500000, 139.500000, 139.500000, 139.500000, 6
2020/05/19 12:20, 139.500000, 139.500000, 139.500000, 139.500000, 1
2020/05/19 12:21, 139.500000, 139.500000, 139.500000, 139.500000, 1
2020/05/19 12:22, 139.000000, 139.500000, 138.500000, 138.500000, 77
2020/05/19 12:23, 139.000000, 139.000000, 139.000000, 139.000000, 3
2020/05/19 12:24, 139.000000, 139.000000, 138.500000, 138.500000, 10
2020/05/19 12:25, 139.000000, 139.000000, 139.000000, 139.000000, 1
2020/05/19 12:26, 139.000000, 139.000000, 139.000000, 139.000000, 1
2020/05/19 12:27, 139.000000, 139.000000, 139.000000, 139.000000, 0
2020/05/19 12:28, 138.500000, 138.500000, 138.500000, 138.500000, 3
2020/05/19 12:29, 138.500000, 138.500000, 138.500000, 138.500000, 2
2020/05/19 12:30, 139.000000, 139.000000, 138.500000, 138.500000, 3
2020/05/19 12:31, 138.500000, 138.500000, 138.500000, 138.500000, 0
2020/05/19 12:32, 138.500000, 138.500000, 138.500000, 138.500000, 1
2020/05/19 12:33, 138.500000, 138.500000, 138.500000, 138.500000, 1
2020/05/19 12:34, 138.500000, 138.500000, 138.500000, 138.500000, 3
2020/05/19 12:35, 138.500000, 139.000000, 138.500000, 138.500000, 5
2020/05/19 12:36, 138.500000, 139.000000, 138.500000, 139.000000, 3
2020/05/19 12:37, 138.500000, 139.000000, 138.500000, 138.500000, 6
2020/05/19 12:38, 138.500000, 138.500000, 138.500000, 138.500000, 2
2020/05/19 12:39, 139.000000, 139.000000, 138.500000, 138.500000, 2
2020/05/19 12:40, 138.500000, 138.500000, 138.500000, 138.500000, 6
2020/05/19 12:41, 138.500000, 139.000000, 138.500000, 139.000000, 8
2020/05/19 12:42, 139.000000, 139.000000, 139.000000, 139.000000, 7
2020/05/19 12:43, 139.000000, 139.000000, 139.000000, 139.000000, 0
2020/05/19 12:44, 139.000000, 139.000000, 139.000000, 139.000000, 27
2020/05/19 12:45, 139.000000, 139.000000, 139.000000, 139.000000, 0
2020/05/19 12:46, 139.000000, 139.000000, 139.000000, 139.000000, 5
2020/05/19 12:47, 139.000000, 139.000000, 139.000000, 139.000000, 2
2020/05/19 12:48, 139.000000, 139.000000, 139.000000, 139.000000, 27
2020/05/19 12:49, 139.000000, 139.000000, 139.000000, 139.000000, 3
2020/05/19 12:50, 139.000000, 139.000000, 139.000000, 139.000000, 5
2020/05/19 12:51, 139.000000, 139.000000, 139.000000, 139.000000, 8
2020/05/19 12:52, 139.000000, 139.000000, 139.000000, 139.000000, 0
2020/05/19 12:53, 139.000000, 139.000000, 139.000000, 139.000000, 7
2020/05/19 12:54, 139.000000, 139.000000, 139.000000, 139.000000, 0
2020/05/19 12:55, 139.500000, 139.500000, 139.500000, 139.500000, 1
2020/05/19 12:56, 139.500000, 139.500000, 139.500000, 139.500000, 2
2020/05/19 12:57, 139.500000, 139.500000, 139.500000, 139.500000, 6
2020/05/19 12:58, 139.500000, 139.500000, 139.500000, 139.500000, 3
2020/05/19 12:59, 139.500000, 139.500000, 139.000000, 139.000000, 2
2020/05/19 13:00, 139.500000, 139.500000, 139.500000, 139.500000, 1
2020/05/19 13:01, 139.500000, 139.500000, 139.500000, 139.500000, 2
2020/05/19 13:02, 139.500000, 139.500000, 139.500000, 139.500000, 5
2020/05/19 13:03, 139.000000, 139.000000, 139.000000, 139.000000, 6
2020/05/19 13:04, 139.000000, 139.000000, 139.000000, 139.000000, 3
2020/05/19 13:05, 139.000000, 139.000000, 139.000000, 139.000000, 4
2020/05/19 13:06, 139.000000, 139.000000, 139.000000, 139.000000, 8
2020/05/19 13:07, 139.000000, 139.000000, 139.000000, 139.000000, 2
2020/05/19 13:08, 139.500000, 139.500000, 139.500000, 139.500000, 41
2020/05/19 13:09, 139.500000, 140.000000, 139.000000, 139.500000, 10
2020/05/19 13:10, 139.500000, 139.500000, 139.500000, 139.500000, 7
2020/05/19 13:11, 139.000000, 139.500000, 139.000000, 139.000000, 4
2020/05/19 13:12, 139.000000, 139.500000, 139.000000, 139.500000, 5
2020/05/19 13:13, 139.000000, 139.000000, 139.000000, 139.000000, 8
2020/05/19 13:14, 139.000000, 139.000000, 139.000000, 139.000000, 15
2020/05/19 13:15, 139.000000, 139.000000, 139.000000, 139.000000, 33
2020/05/19 13:16, 139.000000, 139.000000, 139.000000, 139.000000, 6
2020/05/19 13:17, 139.500000, 139.500000, 139.000000, 139.000000, 6
2020/05/19 13:18, 139.500000, 139.500000, 139.500000, 139.500000, 1
2020/05/19 13:19, 139.500000, 139.500000, 139.000000, 139.000000, 4
2020/05/19 13:20, 139.500000, 139.500000, 139.000000, 139.500000, 9
2020/05/19 13:21, 139.500000, 139.500000, 139.000000, 139.000000, 9
2020/05/19 13:22, 139.500000, 139.500000, 139.000000, 139.000000, 14
2020/05/19 13:23, 139.500000, 139.500000, 139.000000, 139.000000, 16
2020/05/19 13:24, 139.500000, 139.500000, 139.000000, 139.500000, 8
2020/05/19 13:25, 139.500000, 139.500000, 139.000000, 139.000000, 28
2020/05/19 13:26, 139.000000, 139.000000, 139.000000, 139.000000, 0
2020/05/19 13:27, 139.000000, 139.000000, 139.000000, 139.000000, 0
2020/05/19 13:28, 139.000000, 139.000000, 139.000000, 139.000000, 0
2020/05/19 13:29, 139.000000, 139.000000, 139.000000, 139.000000, 0
2020/05/19 13:30, 138.500000, 138.500000, 138.500000, 138.500000, 257
2020/05/20 09:01, 139.000000, 139.500000, 138.500000, 139.000000, 65
2020/05/20 09:02, 139.000000, 139.500000, 138.500000, 138.500000, 52
2020/05/20 09:03, 139.000000, 139.500000, 139.000000, 139.500000, 17
2020/05/20 09:04, 139.000000, 139.000000, 139.000000, 139.000000, 12
2020/05/20 09:05, 139.000000, 139.000000, 138.500000, 139.000000, 14
2020/05/20 09:06, 139.000000, 139.000000, 138.500000, 138.500000, 2
2020/05/20 09:07, 138.500000, 138.500000, 138.000000, 138.000000, 36
2020/05/20 09:08, 138.000000, 138.000000, 138.000000, 138.000000, 21
2020/05/20 09:09, 138.000000, 138.500000, 138.000000, 138.500000, 6
2020/05/20 09:10, 139.000000, 139.000000, 139.000000, 139.000000, 1
2020/05/20 09:11, 139.000000, 139.000000, 139.000000, 139.000000, 17
2020/05/20 09:12, 139.000000, 139.000000, 139.000000, 139.000000, 1
2020/05/20 09:13, 139.000000, 139.000000, 139.000000, 139.000000, 11
2020/05/20 09:14, 139.000000, 139.500000, 139.000000, 139.000000, 7
2020/05/20 09:15, 139.000000, 139.000000, 139.000000, 139.000000, 2
2020/05/20 09:16, 139.500000, 140.500000, 139.500000, 140.000000, 64
2020/05/20 09:17, 140.000000, 140.500000, 140.000000, 140.500000, 16
2020/05/20 09:18, 140.000000, 140.500000, 140.000000, 140.000000, 34
2020/05/20 09:19, 140.000000, 140.000000, 140.000000, 140.000000, 11
2020/05/20 09:20, 140.000000, 140.000000, 140.000000, 140.000000, 8
2020/05/20 09:21, 139.500000, 139.500000, 139.500000, 139.500000, 21
2020/05/20 09:22, 139.500000, 139.500000, 139.000000, 139.500000, 8
2020/05/20 09:23, 139.500000, 139.500000, 139.000000, 139.000000, 14
2020/05/20 09:24, 139.000000, 139.000000, 139.000000, 139.000000, 0
2020/05/20 09:25, 139.000000, 139.000000, 139.000000, 139.000000, 1
2020/05/20 09:26, 139.500000, 139.500000, 139.500000, 139.500000, 5
2020/05/20 09:27, 139.500000, 139.500000, 139.500000, 139.500000, 2
2020/05/20 09:28, 139.500000, 139.500000, 139.000000, 139.000000, 5
2020/05/20 09:29, 139.000000, 139.000000, 139.000000, 139.000000, 1
2020/05/20 09:30, 139.000000, 139.000000, 139.000000, 139.000000, 1
2020/05/20 09:31, 139.000000, 139.000000, 139.000000, 139.000000, 3
2020/05/20 09:32, 139.000000, 139.000000, 139.000000, 139.000000, 1
2020/05/20 09:33, 139.000000, 139.000000, 139.000000, 139.000000, 19
2020/05/20 09:34, 139.000000, 139.000000, 138.500000, 138.500000, 17
2020/05/20 09:35, 138.500000, 139.000000, 138.500000, 139.000000, 11
2020/05/20 09:36, 139.000000, 139.000000, 139.000000, 139.000000, 2
2020/05/20 09:37, 139.000000, 139.000000, 139.000000, 139.000000, 1
2020/05/20 09:38, 139.500000, 139.500000, 139.500000, 139.500000, 10
2020/05/20 09:39, 139.500000, 139.500000, 139.500000, 139.500000, 8
2020/05/20 09:40, 139.500000, 140.000000, 139.500000, 140.000000, 7
2020/05/20 09:41, 140.000000, 140.000000, 140.000000, 140.000000, 0
2020/05/20 09:42, 140.000000, 140.000000, 140.000000, 140.000000, 26
2020/05/20 09:43, 140.500000, 140.500000, 140.000000, 140.000000, 4
2020/05/20 09:44, 140.500000, 140.500000, 140.000000, 140.000000, 5
2020/05/20 09:45, 140.000000, 140.000000, 140.000000, 140.000000, 12
2020/05/20 09:46, 140.000000, 140.000000, 140.000000, 140.000000, 3
2020/05/20 09:47, 140.000000, 140.000000, 140.000000, 140.000000, 2
2020/05/20 09:48, 140.000000, 140.000000, 140.000000, 140.000000, 1
2020/05/20 09:49, 140.000000, 140.000000, 140.000000, 140.000000, 2
2020/05/20 09:50, 140.000000, 140.000000, 140.000000, 140.000000, 14
2020/05/20 09:51, 140.500000, 141.000000, 140.500000, 140.500000, 51
2020/05/20 09:52, 140.500000, 141.000000, 140.500000, 140.500000, 7
2020/05/20 09:53, 140.500000, 140.500000, 140.500000, 140.500000, 5
2020/05/20 09:54, 140.500000, 140.500000, 140.500000, 140.500000, 3
2020/05/20 09:55, 140.500000, 140.500000, 140.500000, 140.500000, 0
2020/05/20 09:56, 140.500000, 140.500000, 140.500000, 140.500000, 1
2020/05/20 09:57, 140.500000, 140.500000, 140.500000, 140.500000, 0
2020/05/20 09:58, 140.000000, 140.000000, 140.000000, 140.000000, 1
2020/05/20 09:59, 140.000000, 140.500000, 140.000000, 140.500000, 2
2020/05/20 10:00, 140.000000, 140.500000, 140.000000, 140.500000, 5
2020/05/20 10:01, 140.500000, 140.500000, 140.000000, 140.000000, 7
2020/05/20 10:02, 140.000000, 140.000000, 140.000000, 140.000000, 0
2020/05/20 10:03, 140.000000, 140.000000, 140.000000, 140.000000, 10
2020/05/20 10:04, 140.000000, 140.000000, 140.000000, 140.000000, 7
2020/05/20 10:05, 140.000000, 140.500000, 140.000000, 140.500000, 37
2020/05/20 10:06, 140.500000, 141.000000, 140.500000, 141.000000, 21
2020/05/20 10:07, 140.500000, 140.500000, 140.500000, 140.500000, 9
2020/05/20 10:08, 140.500000, 140.500000, 140.500000, 140.500000, 1
2020/05/20 10:09, 140.000000, 140.500000, 140.000000, 140.500000, 4
2020/05/20 10:10, 140.500000, 140.500000, 140.500000, 140.500000, 1
2020/05/20 10:11, 140.500000, 140.500000, 140.500000, 140.500000, 0
2020/05/20 10:12, 140.500000, 140.500000, 140.500000, 140.500000, 1
2020/05/20 10:13, 140.500000, 140.500000, 140.500000, 140.500000, 0
2020/05/20 10:14, 140.000000, 140.000000, 140.000000, 140.000000, 2
2020/05/20 10:15, 140.000000, 140.000000, 140.000000, 140.000000, 15
2020/05/20 10:16, 140.000000, 140.000000, 140.000000, 140.000000, 0
2020/05/20 10:17, 140.000000, 140.000000, 140.000000, 140.000000, 0
2020/05/20 10:18, 140.000000, 140.000000, 140.000000, 140.000000, 0
2020/05/20 10:19, 140.000000, 140.000000, 140.000000, 140.000000, 0
2020/05/20 10:20, 140.000000, 140.000000, 140.000000, 140.000000, 0
2020/05/20 10:21, 140.000000, 140.000000, 140.000000, 140.000000, 0
2020/05/20 10:22, 139.500000, 139.500000, 139.500000, 139.500000, 2
2020/05/20 10:23, 139.500000, 139.500000, 139.500000, 139.500000, 15
2020/05/20 10:24, 139.500000, 139.500000, 139.000000, 139.500000, 13
2020/05/20 10:25, 139.500000, 139.500000, 139.500000, 139.500000, 2
2020/05/20 10:26, 139.500000, 139.500000, 139.500000, 139.500000, 0
2020/05/20 10:27, 139.500000, 139.500000, 139.500000, 139.500000, 0
2020/05/20 10:28, 139.500000, 139.500000, 139.500000, 139.500000, 0
2020/05/20 10:29, 139.500000, 139.500000, 139.500000, 139.500000, 0
2020/05/20 10:30, 140.000000, 140.000000, 140.000000, 140.000000, 40
2020/05/20 10:31, 139.500000, 139.500000, 139.500000, 139.500000, 2
2020/05/20 10:32, 140.000000, 140.000000, 140.000000, 140.000000, 1
2020/05/20 10:33, 140.000000, 140.000000, 140.000000, 140.000000, 1
2020/05/20 10:34, 140.000000, 140.000000, 140.000000, 140.000000, 2
2020/05/20 10:35, 140.000000, 140.000000, 139.500000, 139.500000, 4
2020/05/20 10:36, 140.000000, 140.000000, 140.000000, 140.000000, 2
2020/05/20 10:37, 139.500000, 139.500000, 139.500000, 139.500000, 1
2020/05/20 10:38, 140.000000, 140.000000, 140.000000, 140.000000, 1
2020/05/20 10:39, 140.000000, 140.000000, 140.000000, 140.000000, 0
2020/05/20 10:40, 140.000000, 140.000000, 140.000000, 140.000000, 0
2020/05/20 10:41, 140.000000, 140.000000, 140.000000, 140.000000, 1
2020/05/20 10:42, 139.500000, 139.500000, 139.500000, 139.500000, 1
2020/05/20 10:43, 139.500000, 139.500000, 139.500000, 139.500000, 1
2020/05/20 10:44, 139.500000, 139.500000, 139.500000, 139.500000, 28
2020/05/20 10:45, 139.500000, 139.500000, 139.500000, 139.500000, 0
2020/05/20 10:46, 139.500000, 139.500000, 139.500000, 139.500000, 3
2020/05/20 10:47, 139.500000, 139.500000, 139.500000, 139.500000, 0
2020/05/20 10:48, 139.500000, 139.500000, 139.500000, 139.500000, 12
2020/05/20 10:49, 139.500000, 139.500000, 139.500000, 139.500000, 4
2020/05/20 10:50, 139.500000, 139.500000, 139.500000, 139.500000, 6
2020/05/20 10:51, 139.500000, 139.500000, 139.500000, 139.500000, 1
2020/05/20 10:52, 139.500000, 139.500000, 139.500000, 139.500000, 3
2020/05/20 10:53, 139.500000, 139.500000, 139.500000, 139.500000, 3
2020/05/20 10:54, 139.500000, 139.500000, 139.500000, 139.500000, 0
2020/05/20 10:55, 139.500000, 139.500000, 139.500000, 139.500000, 2
2020/05/20 10:56, 139.500000, 139.500000, 139.500000, 139.500000, 0
2020/05/20 10:57, 139.500000, 139.500000, 139.500000, 139.500000, 0
2020/05/20 10:58, 139.500000, 139.500000, 139.500000, 139.500000, 0
2020/05/20 10:59, 139.000000, 139.000000, 139.000000, 139.000000, 33
2020/05/20 11:00, 138.500000, 139.000000, 138.500000, 139.000000, 44
2020/05/20 11:01, 138.500000, 138.500000, 138.000000, 138.000000, 23
2020/05/20 11:02, 138.000000, 138.000000, 138.000000, 138.000000, 8
2020/05/20 11:03, 138.000000, 138.000000, 138.000000, 138.000000, 4
2020/05/20 11:04, 138.000000, 138.000000, 138.000000, 138.000000, 29
2020/05/20 11:05, 138.000000, 138.000000, 138.000000, 138.000000, 6
2020/05/20 11:06, 138.000000, 138.000000, 137.500000, 137.500000, 14
2020/05/20 11:07, 138.000000, 138.000000, 138.000000, 138.000000, 13
2020/05/20 11:08, 138.500000, 138.500000, 138.500000, 138.500000, 1
2020/05/20 11:09, 138.500000, 139.000000, 138.500000, 139.000000, 8
2020/05/20 11:10, 139.000000, 139.000000, 139.000000, 139.000000, 0
2020/05/20 11:11, 139.000000, 139.000000, 139.000000, 139.000000, 5
2020/05/20 11:12, 139.000000, 139.000000, 139.000000, 139.000000, 4
2020/05/20 11:13, 139.000000, 139.000000, 139.000000, 139.000000, 1
2020/05/20 11:14, 139.000000, 139.000000, 139.000000, 139.000000, 0
2020/05/20 11:15, 139.000000, 139.000000, 139.000000, 139.000000, 0
2020/05/20 11:16, 139.000000, 139.000000, 139.000000, 139.000000, 0
2020/05/20 11:17, 139.000000, 139.000000, 139.000000, 139.000000, 4
2020/05/20 11:18, 139.000000, 139.000000, 139.000000, 139.000000, 0
2020/05/20 11:19, 139.000000, 139.000000, 139.000000, 139.000000, 1
2020/05/20 11:20, 139.000000, 139.000000, 139.000000, 139.000000, 0
2020/05/20 11:21, 139.000000, 139.000000, 139.000000, 139.000000, 0
2020/05/20 11:22, 139.000000, 139.000000, 139.000000, 139.000000, 15
2020/05/20 11:23, 139.000000, 139.000000, 139.000000, 139.000000, 0
2020/05/20 11:24, 138.500000, 139.000000, 138.500000, 139.000000, 5
2020/05/20 11:25, 139.000000, 139.000000, 139.000000, 139.000000, 0
2020/05/20 11:26, 138.500000, 138.500000, 138.500000, 138.500000, 1
2020/05/20 11:27, 138.500000, 138.500000, 138.500000, 138.500000, 1
2020/05/20 11:28, 138.500000, 138.500000, 138.500000, 138.500000, 5
2020/05/20 11:29, 138.500000, 138.500000, 138.500000, 138.500000, 0
2020/05/20 11:30, 138.500000, 138.500000, 138.500000, 138.500000, 0
2020/05/20 11:31, 138.500000, 138.500000, 138.500000, 138.500000, 0
2020/05/20 11:32, 139.000000, 139.000000, 139.000000, 139.000000, 9
2020/05/20 11:33, 139.000000, 139.000000, 139.000000, 139.000000, 0
2020/05/20 11:34, 139.500000, 139.500000, 139.500000, 139.500000, 1
2020/05/20 11:35, 139.000000, 139.000000, 139.000000, 139.000000, 1
2020/05/20 11:36, 139.000000, 139.000000, 139.000000, 139.000000, 1
2020/05/20 11:37, 139.000000, 139.000000, 139.000000, 139.000000, 0
2020/05/20 11:38, 139.000000, 139.000000, 139.000000, 139.000000, 1
2020/05/20 11:39, 139.000000, 139.000000, 139.000000, 139.000000, 4
2020/05/20 11:40, 139.000000, 139.000000, 139.000000, 139.000000, 1
2020/05/20 11:41, 139.000000, 139.000000, 139.000000, 139.000000, 1
2020/05/20 11:42, 139.000000, 139.000000, 139.000000, 139.000000, 0
2020/05/20 11:43, 139.000000, 139.000000, 139.000000, 139.000000, 3
2020/05/20 11:44, 139.500000, 139.500000, 139.000000, 139.000000, 4
2020/05/20 11:45, 138.500000, 139.500000, 138.500000, 139.500000, 6
2020/05/20 11:46, 139.500000, 139.500000, 139.500000, 139.500000, 0
2020/05/20 11:47, 139.500000, 139.500000, 139.500000, 139.500000, 0
2020/05/20 11:48, 138.500000, 138.500000, 138.500000, 138.500000, 1
2020/05/20 11:49, 138.500000, 138.500000, 138.500000, 138.500000, 0
2020/05/20 11:50, 139.000000, 139.500000, 139.000000, 139.500000, 27
2020/05/20 11:51, 139.500000, 139.500000, 139.500000, 139.500000, 0
2020/05/20 11:52, 139.500000, 139.500000, 139.500000, 139.500000, 0
2020/05/20 11:53, 139.500000, 139.500000, 139.500000, 139.500000, 0
2020/05/20 11:54, 139.500000, 139.500000, 139.000000, 139.000000, 2
2020/05/20 11:55, 139.000000, 139.000000, 139.000000, 139.000000, 0
2020/05/20 11:56, 139.000000, 139.000000, 139.000000, 139.000000, 0
2020/05/20 11:57, 139.000000, 139.000000, 139.000000, 139.000000, 0
2020/05/20 11:58, 139.000000, 139.000000, 139.000000, 139.000000, 1
2020/05/20 11:59, 139.000000, 139.000000, 139.000000, 139.000000, 0
2020/05/20 12:00, 139.500000, 139.500000, 139.500000, 139.500000, 1
2020/05/20 12:01, 139.500000, 139.500000, 139.500000, 139.500000, 0
2020/05/20 12:02, 139.500000, 139.500000, 139.000000, 139.500000, 8
2020/05/20 12:03, 139.500000, 139.500000, 139.500000, 139.500000, 0
2020/05/20 12:04, 139.500000, 140.000000, 139.500000, 140.000000, 33
2020/05/20 12:05, 139.500000, 139.500000, 139.500000, 139.500000, 1
2020/05/20 12:06, 139.500000, 139.500000, 139.500000, 139.500000, 5
2020/05/20 12:07, 139.500000, 139.500000, 139.500000, 139.500000, 3
2020/05/20 12:08, 139.500000, 139.500000, 139.500000, 139.500000, 1
2020/05/20 12:09, 139.500000, 139.500000, 139.500000, 139.500000, 0
2020/05/20 12:10, 139.500000, 139.500000, 139.500000, 139.500000, 0
2020/05/20 12:11, 139.500000, 139.500000, 139.000000, 139.000000, 3
2020/05/20 12:12, 139.000000, 139.000000, 139.000000, 139.000000, 0
2020/05/20 12:13, 139.500000, 139.500000, 139.500000, 139.500000, 3
2020/05/20 12:14, 139.500000, 139.500000, 139.500000, 139.500000, 0
2020/05/20 12:15, 139.500000, 139.500000, 139.500000, 139.500000, 0
2020/05/20 12:16, 139.500000, 139.500000, 139.500000, 139.500000, 0
2020/05/20 12:17, 139.500000, 139.500000, 139.500000, 139.500000, 0
2020/05/20 12:18, 139.000000, 139.000000, 139.000000, 139.000000, 15
2020/05/20 12:19, 139.000000, 139.000000, 139.000000, 139.000000, 10
2020/05/20 12:20, 139.000000, 139.000000, 139.000000, 139.000000, 1
2020/05/20 12:21, 138.500000, 138.500000, 138.500000, 138.500000, 3
2020/05/20 12:22, 139.000000, 139.000000, 139.000000, 139.000000, 2
2020/05/20 12:23, 139.000000, 139.000000, 139.000000, 139.000000, 2
2020/05/20 12:24, 139.000000, 139.000000, 139.000000, 139.000000, 0
2020/05/20 12:25, 139.000000, 139.000000, 139.000000, 139.000000, 0
2020/05/20 12:26, 139.000000, 139.000000, 139.000000, 139.000000, 1
2020/05/20 12:27, 139.000000, 139.000000, 139.000000, 139.000000, 0
2020/05/20 12:28, 139.000000, 139.000000, 139.000000, 139.000000, 1
2020/05/20 12:29, 138.500000, 138.500000, 138.500000, 138.500000, 1
2020/05/20 12:30, 138.500000, 138.500000, 138.500000, 138.500000, 0
2020/05/20 12:31, 138.500000, 138.500000, 138.500000, 138.500000, 0
2020/05/20 12:32, 138.500000, 138.500000, 138.500000, 138.500000, 21
2020/05/20 12:33, 138.500000, 138.500000, 138.500000, 138.500000, 8
2020/05/20 12:34, 138.500000, 138.500000, 138.500000, 138.500000, 4
2020/05/20 12:35, 138.500000, 138.500000, 138.500000, 138.500000, 1
2020/05/20 12:36, 138.500000, 138.500000, 138.500000, 138.500000, 2
2020/05/20 12:37, 138.500000, 138.500000, 138.000000, 138.500000, 12
2020/05/20 12:38, 138.500000, 138.500000, 138.500000, 138.500000, 5
2020/05/20 12:39, 138.000000, 138.000000, 138.000000, 138.000000, 2
2020/05/20 12:40, 138.500000, 138.500000, 138.500000, 138.500000, 1
2020/05/20 12:41, 138.500000, 138.500000, 138.500000, 138.500000, 4
2020/05/20 12:42, 138.500000, 138.500000, 138.500000, 138.500000, 1
2020/05/20 12:43, 138.500000, 138.500000, 138.500000, 138.500000, 3
2020/05/20 12:44, 138.500000, 138.500000, 138.500000, 138.500000, 0
2020/05/20 12:45, 138.500000, 138.500000, 138.500000, 138.500000, 10
2020/05/20 12:46, 138.500000, 138.500000, 138.500000, 138.500000, 0
2020/05/20 12:47, 138.500000, 138.500000, 138.500000, 138.500000, 2
2020/05/20 12:48, 138.500000, 138.500000, 138.500000, 138.500000, 1
2020/05/20 12:49, 139.000000, 139.000000, 139.000000, 139.000000, 1
2020/05/20 12:50, 139.000000, 139.000000, 139.000000, 139.000000, 0
2020/05/20 12:51, 139.000000, 139.000000, 139.000000, 139.000000, 0
2020/05/20 12:52, 139.000000, 139.000000, 139.000000, 139.000000, 1
2020/05/20 12:53, 139.000000, 139.000000, 139.000000, 139.000000, 4
2020/05/20 12:54, 139.000000, 139.000000, 139.000000, 139.000000, 0
2020/05/20 12:55, 138.500000, 139.000000, 138.500000, 138.500000, 15
2020/05/20 12:56, 138.500000, 138.500000, 138.500000, 138.500000, 1
2020/05/20 12:57, 138.500000, 138.500000, 138.500000, 138.500000, 1
2020/05/20 12:58, 138.500000, 138.500000, 138.500000, 138.500000, 7
2020/05/20 12:59, 138.500000, 138.500000, 138.500000, 138.500000, 8
2020/05/20 13:00, 138.500000, 138.500000, 138.500000, 138.500000, 3
2020/05/20 13:01, 139.000000, 139.000000, 139.000000, 139.000000, 1
2020/05/20 13:02, 139.000000, 139.000000, 139.000000, 139.000000, 0
2020/05/20 13:03, 139.000000, 139.000000, 139.000000, 139.000000, 0
2020/05/20 13:04, 139.000000, 139.000000, 138.000000, 138.500000, 19
2020/05/20 13:05, 138.500000, 138.500000, 138.500000, 138.500000, 6
2020/05/20 13:06, 138.500000, 138.500000, 138.500000, 138.500000, 4
2020/05/20 13:07, 138.500000, 138.500000, 138.500000, 138.500000, 13
2020/05/20 13:08, 138.500000, 138.500000, 138.500000, 138.500000, 18
2020/05/20 13:09, 138.500000, 138.500000, 138.500000, 138.500000, 0
2020/05/20 13:10, 138.500000, 138.500000, 138.500000, 138.500000, 0
2020/05/20 13:11, 138.500000, 138.500000, 138.500000, 138.500000, 4
2020/05/20 13:12, 138.500000, 138.500000, 138.500000, 138.500000, 6
2020/05/20 13:13, 138.500000, 138.500000, 138.500000, 138.500000, 4
2020/05/20 13:14, 138.500000, 138.500000, 138.500000, 138.500000, 4
2020/05/20 13:15, 138.500000, 138.500000, 138.500000, 138.500000, 1
2020/05/20 13:16, 138.500000, 139.000000, 138.500000, 138.500000, 14
2020/05/20 13:17, 138.500000, 138.500000, 138.500000, 138.500000, 5
2020/05/20 13:18, 138.500000, 138.500000, 138.500000, 138.500000, 17
2020/05/20 13:19, 139.000000, 139.000000, 138.500000, 138.500000, 5
2020/05/20 13:20, 138.500000, 138.500000, 138.000000, 138.500000, 7
2020/05/20 13:21, 138.500000, 138.500000, 138.500000, 138.500000, 11
2020/05/20 13:22, 138.500000, 138.500000, 138.500000, 138.500000, 0
2020/05/20 13:23, 138.500000, 139.000000, 138.500000, 139.000000, 5
2020/05/20 13:24, 138.500000, 138.500000, 138.500000, 138.500000, 1
2020/05/20 13:25, 138.500000, 139.000000, 138.500000, 139.000000, 7
2020/05/20 13:26, 139.000000, 139.000000, 139.000000, 139.000000, 0
2020/05/20 13:27, 139.000000, 139.000000, 139.000000, 139.000000, 0
2020/05/20 13:28, 139.000000, 139.000000, 139.000000, 139.000000, 0
2020/05/20 13:29, 139.000000, 139.000000, 139.000000, 139.000000, 0
2020/05/20 13:30, 139.000000, 139.000000, 139.000000, 139.000000, 135
2020/05/21 09:01, 143.000000, 143.500000, 143.000000, 143.000000, 324
2020/05/21 09:02, 143.000000, 144.000000, 142.500000, 144.000000, 215
2020/05/21 09:03, 144.000000, 144.500000, 143.500000, 144.000000, 225
2020/05/21 09:04, 144.000000, 144.000000, 143.500000, 144.000000, 111
2020/05/21 09:05, 144.000000, 144.000000, 143.500000, 144.000000, 96
2020/05/21 09:06, 143.500000, 144.000000, 143.000000, 143.500000, 39
2020/05/21 09:07, 143.500000, 143.500000, 143.000000, 143.000000, 36
2020/05/21 09:08, 143.500000, 143.500000, 143.000000, 143.500000, 58
2020/05/21 09:09, 143.500000, 144.000000, 143.500000, 143.500000, 29
2020/05/21 09:10, 143.500000, 144.000000, 143.000000, 143.500000, 56
2020/05/21 09:11, 143.500000, 143.500000, 143.500000, 143.500000, 27
2020/05/21 09:12, 143.000000, 143.500000, 143.000000, 143.500000, 20
2020/05/21 09:13, 143.500000, 143.500000, 143.000000, 143.500000, 7
2020/05/21 09:14, 143.500000, 143.500000, 143.000000, 143.500000, 22
2020/05/21 09:15, 143.000000, 143.500000, 143.000000, 143.000000, 12
2020/05/21 09:16, 143.000000, 143.000000, 143.000000, 143.000000, 67
2020/05/21 09:17, 143.000000, 143.000000, 142.000000, 142.500000, 132
2020/05/21 09:18, 142.500000, 142.500000, 142.000000, 142.000000, 33
2020/05/21 09:19, 142.500000, 143.000000, 142.000000, 142.500000, 53
2020/05/21 09:20, 142.000000, 142.500000, 142.000000, 142.500000, 51
2020/05/21 09:21, 142.000000, 142.500000, 142.000000, 142.000000, 86
2020/05/21 09:22, 142.000000, 142.500000, 141.500000, 141.500000, 50
2020/05/21 09:23, 142.000000, 142.500000, 141.500000, 142.000000, 71
2020/05/21 09:24, 142.500000, 142.500000, 142.000000, 142.000000, 24
2020/05/21 09:25, 142.000000, 142.000000, 142.000000, 142.000000, 14
2020/05/21 09:26, 142.000000, 142.000000, 142.000000, 142.000000, 27
2020/05/21 09:27, 141.500000, 142.000000, 141.500000, 142.000000, 15
2020/05/21 09:28, 142.000000, 142.000000, 141.500000, 142.000000, 34
2020/05/21 09:29, 142.000000, 142.000000, 142.000000, 142.000000, 26
2020/05/21 09:30, 142.000000, 142.000000, 142.000000, 142.000000, 5
2020/05/21 09:31, 142.000000, 142.000000, 142.000000, 142.000000, 10
2020/05/21 09:32, 142.000000, 142.000000, 141.500000, 142.000000, 22
2020/05/21 09:33, 142.000000, 142.000000, 142.000000, 142.000000, 4
2020/05/21 09:34, 142.000000, 142.000000, 142.000000, 142.000000, 10
2020/05/21 09:35, 142.000000, 142.000000, 142.000000, 142.000000, 0
2020/05/21 09:36, 141.500000, 141.500000, 141.500000, 141.500000, 74
2020/05/21 09:37, 141.500000, 142.000000, 141.000000, 141.000000, 16
2020/05/21 09:38, 141.000000, 141.500000, 141.000000, 141.500000, 20
2020/05/21 09:39, 142.000000, 142.000000, 141.500000, 141.500000, 5
2020/05/21 09:40, 142.000000, 142.000000, 142.000000, 142.000000, 3
2020/05/21 09:41, 142.000000, 142.000000, 141.500000, 141.500000, 20
2020/05/21 09:42, 142.000000, 142.000000, 142.000000, 142.000000, 5
2020/05/21 09:43, 142.000000, 142.000000, 142.000000, 142.000000, 3
2020/05/21 09:44, 142.000000, 142.000000, 142.000000, 142.000000, 2
2020/05/21 09:45, 142.000000, 142.000000, 142.000000, 142.000000, 7
2020/05/21 09:46, 142.000000, 142.000000, 142.000000, 142.000000, 15
2020/05/21 09:47, 142.500000, 142.500000, 142.000000, 142.000000, 3
2020/05/21 09:48, 142.000000, 142.000000, 142.000000, 142.000000, 11
2020/05/21 09:49, 142.000000, 142.000000, 142.000000, 142.000000, 10
2020/05/21 09:50, 142.000000, 142.000000, 141.500000, 141.500000, 4
2020/05/21 09:51, 142.000000, 142.000000, 141.500000, 142.000000, 4
2020/05/21 09:52, 141.500000, 141.500000, 141.500000, 141.500000, 1
2020/05/21 09:53, 142.000000, 142.000000, 142.000000, 142.000000, 4
2020/05/21 09:54, 142.000000, 142.000000, 141.500000, 141.500000, 17
2020/05/21 09:55, 142.000000, 142.000000, 142.000000, 142.000000, 2
2020/05/21 09:56, 142.000000, 142.000000, 141.500000, 141.500000, 6
2020/05/21 09:57, 141.500000, 141.500000, 141.500000, 141.500000, 23
2020/05/21 09:58, 141.500000, 142.000000, 141.500000, 142.000000, 8
2020/05/21 09:59, 142.000000, 142.000000, 142.000000, 142.000000, 8
2020/05/21 10:00, 142.000000, 142.000000, 141.500000, 142.000000, 7
2020/05/21 10:01, 142.000000, 142.000000, 142.000000, 142.000000, 5
2020/05/21 10:02, 142.000000, 142.000000, 142.000000, 142.000000, 1
2020/05/21 10:03, 142.000000, 142.000000, 141.500000, 141.500000, 4
2020/05/21 10:04, 141.500000, 141.500000, 141.500000, 141.500000, 39
2020/05/21 10:05, 141.500000, 141.500000, 141.500000, 141.500000, 4
2020/05/21 10:06, 141.500000, 141.500000, 141.500000, 141.500000, 17
2020/05/21 10:07, 141.500000, 141.500000, 141.500000, 141.500000, 2
2020/05/21 10:08, 141.500000, 141.500000, 141.500000, 141.500000, 2
2020/05/21 10:09, 141.500000, 141.500000, 141.000000, 141.500000, 7
2020/05/21 10:10, 141.500000, 141.500000, 141.500000, 141.500000, 1
2020/05/21 10:11, 141.500000, 141.500000, 141.500000, 141.500000, 16
2020/05/21 10:12, 141.500000, 141.500000, 141.500000, 141.500000, 10
2020/05/21 10:13, 141.500000, 141.500000, 141.000000, 141.000000, 6
2020/05/21 10:14, 142.000000, 142.000000, 141.500000, 141.500000, 2
2020/05/21 10:15, 141.000000, 141.500000, 141.000000, 141.500000, 3
2020/05/21 10:16, 141.500000, 141.500000, 141.500000, 141.500000, 5
2020/05/21 10:17, 141.500000, 141.500000, 141.500000, 141.500000, 3
2020/05/21 10:18, 142.000000, 142.000000, 142.000000, 142.000000, 14
2020/05/21 10:19, 142.000000, 142.000000, 142.000000, 142.000000, 37
2020/05/21 10:20, 142.500000, 142.500000, 142.000000, 142.500000, 31
2020/05/21 10:21, 142.500000, 143.500000, 142.500000, 143.500000, 211
2020/05/21 10:22, 143.500000, 143.500000, 143.000000, 143.500000, 58
2020/05/21 10:23, 143.500000, 143.500000, 143.000000, 143.500000, 32
2020/05/21 10:24, 143.500000, 143.500000, 143.500000, 143.500000, 46
2020/05/21 10:25, 143.500000, 144.000000, 143.500000, 144.000000, 62
2020/05/21 10:26, 143.500000, 144.000000, 143.500000, 144.000000, 45
2020/05/21 10:27, 144.000000, 144.000000, 143.500000, 144.000000, 23
2020/05/21 10:28, 143.500000, 144.000000, 143.000000, 143.500000, 36
2020/05/21 10:29, 143.500000, 143.500000, 143.500000, 143.500000, 19
2020/05/21 10:30, 143.500000, 143.500000, 143.000000, 143.500000, 29
2020/05/21 10:31, 143.500000, 143.500000, 143.500000, 143.500000, 23
2020/05/21 10:32, 143.500000, 144.000000, 143.500000, 144.000000, 49
2020/05/21 10:33, 143.500000, 144.000000, 143.500000, 144.000000, 50
2020/05/21 10:34, 144.000000, 145.000000, 144.000000, 144.500000, 459
2020/05/21 10:35, 144.500000, 145.000000, 144.500000, 144.500000, 84
2020/05/21 10:36, 144.500000, 144.500000, 144.500000, 144.500000, 38
2020/05/21 10:37, 144.500000, 145.000000, 144.500000, 145.000000, 30
2020/05/21 10:38, 144.500000, 145.000000, 144.000000, 145.000000, 135
2020/05/21 10:39, 145.000000, 145.000000, 144.500000, 145.000000, 74
2020/05/21 10:40, 145.000000, 145.500000, 145.000000, 145.000000, 202
2020/05/21 10:41, 145.000000, 145.500000, 145.000000, 145.500000, 51
2020/05/21 10:42, 145.000000, 145.000000, 144.500000, 145.000000, 136
2020/05/21 10:43, 145.000000, 145.000000, 144.500000, 145.000000, 57
2020/05/21 10:44, 145.000000, 145.000000, 145.000000, 145.000000, 37
2020/05/21 10:45, 145.000000, 145.000000, 144.500000, 144.500000, 21
2020/05/21 10:46, 144.500000, 145.000000, 144.000000, 144.000000, 76
2020/05/21 10:47, 144.000000, 144.500000, 144.000000, 144.500000, 15
2020/05/21 10:48, 144.500000, 144.500000, 144.000000, 144.000000, 5
2020/05/21 10:49, 144.500000, 144.500000, 144.500000, 144.500000, 5
2020/05/21 10:50, 144.500000, 144.500000, 144.000000, 144.000000, 5
2020/05/21 10:51, 144.500000, 144.500000, 144.000000, 144.000000, 2
2020/05/21 10:52, 144.000000, 144.500000, 144.000000, 144.000000, 16
2020/05/21 10:53, 144.500000, 144.500000, 144.000000, 144.000000, 9
2020/05/21 10:54, 144.000000, 144.500000, 144.000000, 144.000000, 10
2020/05/21 10:55, 144.000000, 144.500000, 144.000000, 144.000000, 44
2020/05/21 10:56, 144.000000, 144.000000, 143.500000, 144.000000, 13
2020/05/21 10:57, 144.000000, 144.000000, 143.500000, 144.000000, 10
2020/05/21 10:58, 144.000000, 144.000000, 144.000000, 144.000000, 21
2020/05/21 10:59, 144.500000, 144.500000, 144.000000, 144.500000, 5
2020/05/21 11:00, 144.000000, 144.500000, 144.000000, 144.000000, 29
2020/05/21 11:01, 144.000000, 144.000000, 144.000000, 144.000000, 12
2020/05/21 11:02, 144.000000, 144.000000, 144.000000, 144.000000, 31
2020/05/21 11:03, 144.000000, 144.500000, 143.500000, 144.000000, 21
2020/05/21 11:04, 144.000000, 144.500000, 144.000000, 144.000000, 18
2020/05/21 11:05, 144.000000, 144.500000, 144.000000, 144.000000, 4
2020/05/21 11:06, 144.000000, 145.000000, 144.000000, 145.000000, 85
2020/05/21 11:07, 145.000000, 145.000000, 144.500000, 144.500000, 20
2020/05/21 11:08, 145.000000, 145.000000, 144.500000, 145.000000, 142
2020/05/21 11:09, 145.000000, 145.500000, 145.000000, 145.500000, 58
2020/05/21 11:10, 145.000000, 145.500000, 145.000000, 145.000000, 14
2020/05/21 11:11, 145.000000, 145.000000, 145.000000, 145.000000, 59
2020/05/21 11:12, 145.000000, 145.000000, 145.000000, 145.000000, 13
2020/05/21 11:13, 145.000000, 145.500000, 145.000000, 145.500000, 41
2020/05/21 11:14, 145.500000, 146.500000, 145.500000, 146.500000, 435
2020/05/21 11:15, 146.000000, 146.500000, 146.000000, 146.000000, 56
2020/05/21 11:16, 146.000000, 146.000000, 145.500000, 146.000000, 43
2020/05/21 11:17, 145.500000, 146.500000, 145.500000, 146.000000, 59
2020/05/21 11:18, 146.500000, 147.000000, 146.000000, 146.500000, 161
2020/05/21 11:19, 146.500000, 146.500000, 146.000000, 146.500000, 38
2020/05/21 11:20, 146.500000, 146.500000, 146.000000, 146.500000, 36
2020/05/21 11:21, 146.000000, 146.500000, 146.000000, 146.500000, 12
2020/05/21 11:22, 146.000000, 146.500000, 145.500000, 145.500000, 79
2020/05/21 11:23, 145.500000, 145.500000, 145.000000, 145.500000, 46
2020/05/21 11:24, 145.000000, 145.500000, 145.000000, 145.500000, 11
2020/05/21 11:25, 145.500000, 145.500000, 145.500000, 145.500000, 5
2020/05/21 11:26, 145.500000, 145.500000, 145.500000, 145.500000, 4
2020/05/21 11:27, 145.500000, 146.000000, 145.500000, 146.000000, 19
2020/05/21 11:28, 145.500000, 146.500000, 145.500000, 146.000000, 55
2020/05/21 11:29, 146.000000, 146.500000, 146.000000, 146.500000, 16
2020/05/21 11:30, 146.500000, 146.500000, 146.000000, 146.000000, 22
2020/05/21 11:31, 146.000000, 146.000000, 146.000000, 146.000000, 1
2020/05/21 11:32, 145.500000, 146.500000, 145.500000, 146.500000, 31
2020/05/21 11:33, 146.500000, 146.500000, 146.000000, 146.500000, 17
2020/05/21 11:34, 146.500000, 146.500000, 146.000000, 146.000000, 12
2020/05/21 11:35, 146.000000, 146.500000, 146.000000, 146.000000, 39
2020/05/21 11:36, 146.500000, 147.000000, 146.500000, 147.000000, 221
2020/05/21 11:37, 146.500000, 148.000000, 146.500000, 147.500000, 321
2020/05/21 11:38, 148.000000, 148.000000, 147.000000, 147.500000, 78
2020/05/21 11:39, 147.500000, 147.500000, 147.000000, 147.000000, 18
2020/05/21 11:40, 147.000000, 147.500000, 147.000000, 147.000000, 31
2020/05/21 11:41, 147.000000, 147.500000, 147.000000, 147.500000, 97
2020/05/21 11:42, 147.500000, 148.000000, 147.500000, 147.500000, 32
2020/05/21 11:43, 148.000000, 148.500000, 147.500000, 148.500000, 495
2020/05/21 11:44, 148.500000, 149.000000, 148.000000, 149.000000, 273
2020/05/21 11:45, 149.000000, 149.000000, 147.500000, 148.000000, 179
2020/05/21 11:46, 148.000000, 148.000000, 147.500000, 148.000000, 88
2020/05/21 11:47, 148.000000, 148.000000, 148.000000, 148.000000, 25
2020/05/21 11:48, 147.500000, 148.000000, 147.500000, 148.000000, 29
2020/05/21 11:49, 148.000000, 148.000000, 148.000000, 148.000000, 8
2020/05/21 11:50, 148.000000, 148.000000, 147.500000, 147.500000, 62
2020/05/21 11:51, 147.500000, 147.500000, 147.500000, 147.500000, 28
2020/05/21 11:52, 147.500000, 148.000000, 147.000000, 147.000000, 38
2020/05/21 11:53, 147.500000, 148.000000, 147.000000, 147.000000, 35
2020/05/21 11:54, 147.000000, 147.500000, 147.000000, 147.000000, 7
2020/05/21 11:55, 147.500000, 147.500000, 147.000000, 147.500000, 45
2020/05/21 11:56, 147.500000, 147.500000, 147.500000, 147.500000, 12
2020/05/21 11:57, 147.500000, 147.500000, 147.500000, 147.500000, 6
2020/05/21 11:58, 148.000000, 148.000000, 147.500000, 148.000000, 72
2020/05/21 11:59, 148.500000, 148.500000, 148.000000, 148.000000, 33
2020/05/21 12:00, 148.000000, 148.000000, 148.000000, 148.000000, 25
2020/05/21 12:01, 148.000000, 148.000000, 147.500000, 147.500000, 6
2020/05/21 12:02, 147.500000, 148.000000, 147.500000, 147.500000, 9
2020/05/21 12:03, 147.500000, 148.000000, 147.500000, 147.500000, 27
2020/05/21 12:04, 147.500000, 147.500000, 147.000000, 147.500000, 12
2020/05/21 12:05, 147.500000, 147.500000, 147.000000, 147.000000, 6
2020/05/21 12:06, 147.000000, 147.000000, 146.500000, 146.500000, 66
2020/05/21 12:07, 146.500000, 146.500000, 146.000000, 146.500000, 69
2020/05/21 12:08, 146.500000, 147.000000, 146.000000, 146.500000, 32
2020/05/21 12:09, 146.500000, 146.500000, 146.000000, 146.000000, 9
2020/05/21 12:10, 146.500000, 146.500000, 146.000000, 146.500000, 10
2020/05/21 12:11, 146.000000, 146.500000, 146.000000, 146.000000, 10
2020/05/21 12:12, 146.000000, 146.000000, 146.000000, 146.000000, 8
2020/05/21 12:13, 146.500000, 146.500000, 146.500000, 146.500000, 1
2020/05/21 12:14, 146.500000, 146.500000, 146.500000, 146.500000, 41
2020/05/21 12:15, 147.000000, 147.000000, 147.000000, 147.000000, 3
2020/05/21 12:16, 146.500000, 146.500000, 146.500000, 146.500000, 9
2020/05/21 12:17, 147.000000, 147.000000, 146.500000, 147.000000, 15
2020/05/21 12:18, 147.000000, 147.000000, 147.000000, 147.000000, 36
2020/05/21 12:19, 147.000000, 147.000000, 147.000000, 147.000000, 19
2020/05/21 12:20, 147.000000, 147.000000, 147.000000, 147.000000, 9
2020/05/21 12:21, 147.500000, 147.500000, 147.000000, 147.500000, 11
2020/05/21 12:22, 147.000000, 147.500000, 147.000000, 147.500000, 7
2020/05/21 12:23, 147.500000, 147.500000, 147.000000, 147.500000, 8
2020/05/21 12:24, 147.000000, 147.000000, 147.000000, 147.000000, 6
2020/05/21 12:25, 147.000000, 147.000000, 147.000000, 147.000000, 7
2020/05/21 12:26, 147.000000, 147.500000, 147.000000, 147.000000, 11
2020/05/21 12:27, 147.000000, 147.000000, 147.000000, 147.000000, 4
2020/05/21 12:28, 147.000000, 147.000000, 147.000000, 147.000000, 4
2020/05/21 12:29, 147.000000, 147.000000, 147.000000, 147.000000, 5
2020/05/21 12:30, 147.500000, 147.500000, 147.500000, 147.500000, 5
2020/05/21 12:31, 147.000000, 147.500000, 147.000000, 147.500000, 69
2020/05/21 12:32, 147.500000, 147.500000, 147.000000, 147.000000, 24
2020/05/21 12:33, 147.500000, 147.500000, 147.500000, 147.500000, 21
2020/05/21 12:34, 147.500000, 148.000000, 147.500000, 148.000000, 159
2020/05/21 12:35, 148.000000, 148.500000, 148.000000, 148.500000, 41
2020/05/21 12:36, 148.500000, 149.000000, 148.500000, 148.500000, 199
2020/05/21 12:37, 148.500000, 149.000000, 148.500000, 148.500000, 59
2020/05/21 12:38, 149.000000, 149.000000, 148.500000, 148.500000, 28
2020/05/21 12:39, 148.500000, 149.000000, 148.000000, 148.000000, 14
2020/05/21 12:40, 148.000000, 148.000000, 148.000000, 148.000000, 7
2020/05/21 12:41, 148.000000, 148.500000, 148.000000, 148.000000, 27
2020/05/21 12:42, 148.000000, 148.000000, 147.500000, 148.000000, 15
2020/05/21 12:43, 147.500000, 148.000000, 147.500000, 148.000000, 5
2020/05/21 12:44, 148.000000, 148.000000, 148.000000, 148.000000, 8
2020/05/21 12:45, 148.000000, 148.500000, 148.000000, 148.000000, 8
2020/05/21 12:46, 148.000000, 148.000000, 148.000000, 148.000000, 14
2020/05/21 12:47, 148.000000, 148.000000, 148.000000, 148.000000, 8
2020/05/21 12:48, 148.000000, 148.000000, 147.500000, 148.000000, 7
2020/05/21 12:49, 148.000000, 148.000000, 147.500000, 147.500000, 4
2020/05/21 12:50, 147.500000, 148.000000, 147.500000, 147.500000, 16
2020/05/21 12:51, 147.500000, 147.500000, 147.000000, 147.000000, 19
2020/05/21 12:52, 147.000000, 147.000000, 146.500000, 147.000000, 59
2020/05/21 12:53, 147.000000, 147.500000, 147.000000, 147.500000, 5
2020/05/21 12:54, 147.500000, 147.500000, 147.500000, 147.500000, 2
2020/05/21 12:55, 147.000000, 147.500000, 147.000000, 147.500000, 2
2020/05/21 12:56, 147.500000, 147.500000, 147.500000, 147.500000, 1
2020/05/21 12:57, 147.500000, 147.500000, 147.000000, 147.000000, 14
2020/05/21 12:58, 147.000000, 147.500000, 147.000000, 147.000000, 9
2020/05/21 12:59, 147.000000, 147.000000, 147.000000, 147.000000, 15
2020/05/21 13:00, 146.500000, 147.000000, 146.500000, 147.000000, 29
2020/05/21 13:01, 147.000000, 147.000000, 147.000000, 147.000000, 12
2020/05/21 13:02, 147.000000, 147.000000, 146.500000, 147.000000, 16
2020/05/21 13:03, 147.000000, 147.000000, 147.000000, 147.000000, 15
2020/05/21 13:04, 147.000000, 147.000000, 147.000000, 147.000000, 20
2020/05/21 13:05, 147.000000, 147.000000, 147.000000, 147.000000, 18
2020/05/21 13:06, 147.000000, 147.000000, 147.000000, 147.000000, 21
2020/05/21 13:07, 147.000000, 147.500000, 147.000000, 147.000000, 53
2020/05/21 13:08, 147.500000, 147.500000, 147.500000, 147.500000, 3
2020/05/21 13:09, 147.500000, 147.500000, 147.500000, 147.500000, 14
2020/05/21 13:10, 147.500000, 148.000000, 147.000000, 147.500000, 27
2020/05/21 13:11, 147.500000, 147.500000, 147.000000, 147.500000, 17
2020/05/21 13:12, 147.500000, 147.500000, 147.500000, 147.500000, 14
2020/05/21 13:13, 147.500000, 148.000000, 147.000000, 147.500000, 34
2020/05/21 13:14, 147.500000, 147.500000, 147.500000, 147.500000, 16
2020/05/21 13:15, 147.500000, 147.500000, 147.000000, 147.500000, 23
2020/05/21 13:16, 147.500000, 147.500000, 147.500000, 147.500000, 3
2020/05/21 13:17, 147.500000, 147.500000, 147.000000, 147.500000, 12
2020/05/21 13:18, 147.500000, 147.500000, 146.500000, 146.500000, 62
2020/05/21 13:19, 147.000000, 147.500000, 146.500000, 146.500000, 20
2020/05/21 13:20, 147.000000, 147.000000, 147.000000, 147.000000, 18
2020/05/21 13:21, 147.000000, 147.500000, 147.000000, 147.000000, 44
2020/05/21 13:22, 147.000000, 147.000000, 147.000000, 147.000000, 9
2020/05/21 13:23, 147.000000, 147.500000, 147.000000, 147.000000, 17
2020/05/21 13:24, 147.500000, 147.500000, 147.000000, 147.500000, 79
2020/05/21 13:25, 147.500000, 148.000000, 147.000000, 148.000000, 33
2020/05/21 13:26, 148.000000, 148.000000, 148.000000, 148.000000, 0
2020/05/21 13:27, 148.000000, 148.000000, 148.000000, 148.000000, 0
2020/05/21 13:28, 148.000000, 148.000000, 148.000000, 148.000000, 0
2020/05/21 13:29, 148.000000, 148.000000, 148.000000, 148.000000, 0
2020/05/21 13:30, 147.000000, 147.000000, 147.000000, 147.000000, 434
2020/05/22 09:01, 148.500000, 149.000000, 148.000000, 148.500000, 499
2020/05/22 09:02, 148.500000, 149.000000, 146.500000, 147.500000, 165
2020/05/22 09:03, 147.500000, 148.500000, 146.500000, 148.000000, 118
2020/05/22 09:04, 148.000000, 148.500000, 147.500000, 148.000000, 86
2020/05/22 09:05, 148.000000, 148.500000, 147.500000, 148.000000, 39
2020/05/22 09:06, 148.000000, 148.500000, 148.000000, 148.500000, 50
2020/05/22 09:07, 148.500000, 150.500000, 148.500000, 149.500000, 389
2020/05/22 09:08, 150.000000, 150.000000, 149.000000, 149.500000, 219
2020/05/22 09:09, 149.500000, 150.000000, 149.000000, 149.500000, 112
2020/05/22 09:10, 149.500000, 149.500000, 149.000000, 149.500000, 40
2020/05/22 09:11, 149.500000, 150.000000, 149.000000, 150.000000, 82
2020/05/22 09:12, 150.000000, 151.500000, 149.500000, 151.000000, 366
2020/05/22 09:13, 151.000000, 152.000000, 150.500000, 151.500000, 185
2020/05/22 09:14, 151.500000, 152.500000, 151.000000, 152.000000, 247
2020/05/22 09:15, 152.000000, 152.000000, 151.000000, 151.500000, 87
2020/05/22 09:16, 151.000000, 151.500000, 150.500000, 150.500000, 115
2020/05/22 09:17, 151.000000, 151.500000, 150.000000, 151.000000, 103
2020/05/22 09:18, 151.000000, 152.000000, 151.000000, 152.000000, 102
2020/05/22 09:19, 152.000000, 152.500000, 151.500000, 152.000000, 188
2020/05/22 09:20, 152.000000, 152.500000, 151.500000, 152.000000, 88
2020/05/22 09:21, 152.000000, 152.000000, 150.500000, 151.500000, 149
2020/05/22 09:22, 151.000000, 151.000000, 150.000000, 150.500000, 91
2020/05/22 09:23, 150.500000, 151.000000, 150.000000, 151.000000, 45
2020/05/22 09:24, 151.000000, 151.000000, 150.500000, 150.500000, 71
2020/05/22 09:25, 150.500000, 151.000000, 150.000000, 151.000000, 65
2020/05/22 09:26, 151.000000, 151.000000, 150.500000, 150.500000, 40
2020/05/22 09:27, 151.000000, 151.000000, 150.000000, 150.500000, 40
2020/05/22 09:28, 150.500000, 150.500000, 149.500000, 149.500000, 148
2020/05/22 09:29, 150.000000, 150.000000, 149.500000, 150.000000, 37
2020/05/22 09:30, 150.000000, 150.000000, 149.500000, 150.000000, 59
2020/05/22 09:31, 150.000000, 150.500000, 149.500000, 149.500000, 13
2020/05/22 09:32, 149.500000, 150.000000, 149.500000, 150.000000, 56
2020/05/22 09:33, 149.500000, 149.500000, 149.000000, 149.500000, 95
2020/05/22 09:34, 149.500000, 149.500000, 149.000000, 149.500000, 44
2020/05/22 09:35, 149.500000, 150.000000, 149.500000, 149.500000, 12
2020/05/22 09:36, 149.500000, 149.500000, 149.500000, 149.500000, 4
2020/05/22 09:37, 149.500000, 150.000000, 149.500000, 149.500000, 8
2020/05/22 09:38, 149.500000, 150.000000, 149.500000, 150.000000, 20
2020/05/22 09:39, 150.000000, 150.500000, 150.000000, 150.500000, 35
2020/05/22 09:40, 150.500000, 151.000000, 150.500000, 151.000000, 21
2020/05/22 09:41, 151.000000, 151.000000, 150.500000, 150.500000, 39
2020/05/22 09:42, 150.500000, 150.500000, 150.000000, 150.500000, 33
2020/05/22 09:43, 150.500000, 151.000000, 150.000000, 151.000000, 18
2020/05/22 09:44, 150.500000, 151.000000, 150.500000, 150.500000, 9
2020/05/22 09:45, 150.500000, 150.500000, 150.500000, 150.500000, 42
2020/05/22 09:46, 150.500000, 151.000000, 150.500000, 150.500000, 27
2020/05/22 09:47, 150.500000, 150.500000, 150.500000, 150.500000, 11
2020/05/22 09:48, 150.500000, 150.500000, 150.000000, 150.000000, 8
2020/05/22 09:49, 150.000000, 150.000000, 150.000000, 150.000000, 6
2020/05/22 09:50, 150.000000, 150.500000, 150.000000, 150.000000, 18
2020/05/22 09:51, 150.000000, 150.000000, 150.000000, 150.000000, 54
2020/05/22 09:52, 149.500000, 149.500000, 149.500000, 149.500000, 6
2020/05/22 09:53, 149.500000, 150.000000, 149.500000, 149.500000, 46
2020/05/22 09:54, 149.500000, 149.500000, 149.500000, 149.500000, 13
2020/05/22 09:55, 149.500000, 149.500000, 149.500000, 149.500000, 12
2020/05/22 09:56, 149.500000, 150.000000, 149.500000, 149.500000, 4
2020/05/22 09:57, 149.500000, 150.000000, 149.500000, 150.000000, 9
2020/05/22 09:58, 150.000000, 150.000000, 150.000000, 150.000000, 5
2020/05/22 09:59, 150.000000, 150.500000, 150.000000, 150.500000, 52
2020/05/22 10:00, 150.500000, 150.500000, 150.500000, 150.500000, 10
2020/05/22 10:01, 150.500000, 151.000000, 150.500000, 151.000000, 49
2020/05/22 10:02, 151.000000, 151.000000, 150.500000, 151.000000, 18
2020/05/22 10:03, 151.000000, 151.000000, 151.000000, 151.000000, 17
2020/05/22 10:04, 151.000000, 151.000000, 150.500000, 150.500000, 9
2020/05/22 10:05, 151.000000, 151.000000, 150.000000, 150.000000, 44
2020/05/22 10:06, 150.500000, 150.500000, 150.000000, 150.500000, 31
2020/05/22 10:07, 151.000000, 151.000000, 150.500000, 150.500000, 8
2020/05/22 10:08, 150.500000, 150.500000, 150.000000, 150.000000, 15
2020/05/22 10:09, 150.500000, 150.500000, 150.000000, 150.000000, 26
2020/05/22 10:10, 150.000000, 150.500000, 150.000000, 150.500000, 12
2020/05/22 10:11, 150.000000, 150.500000, 150.000000, 150.000000, 7
2020/05/22 10:12, 150.500000, 150.500000, 150.500000, 150.500000, 20
2020/05/22 10:13, 150.500000, 151.000000, 150.500000, 150.500000, 12
2020/05/22 10:14, 150.500000, 150.500000, 150.500000, 150.500000, 13
2020/05/22 10:15, 150.500000, 151.000000, 150.500000, 151.000000, 7
2020/05/22 10:16, 150.500000, 151.000000, 150.500000, 151.000000, 24
2020/05/22 10:17, 151.000000, 151.500000, 150.500000, 151.500000, 182
2020/05/22 10:18, 151.000000, 151.500000, 151.000000, 151.000000, 8
2020/05/22 10:19, 151.000000, 151.500000, 151.000000, 151.000000, 16
2020/05/22 10:20, 151.000000, 151.500000, 151.000000, 151.000000, 12
2020/05/22 10:21, 151.000000, 151.000000, 151.000000, 151.000000, 58
2020/05/22 10:22, 151.500000, 152.000000, 151.000000, 152.000000, 123
2020/05/22 10:23, 152.000000, 152.000000, 151.500000, 151.500000, 34
2020/05/22 10:24, 151.500000, 152.000000, 151.500000, 152.000000, 16
2020/05/22 10:25, 151.500000, 152.000000, 151.500000, 151.500000, 35
2020/05/22 10:26, 152.000000, 152.000000, 151.000000, 151.000000, 41
2020/05/22 10:27, 151.000000, 151.500000, 151.000000, 151.500000, 6
2020/05/22 10:28, 151.000000, 151.500000, 151.000000, 151.000000, 61
2020/05/22 10:29, 151.000000, 151.500000, 151.000000, 151.500000, 19
2020/05/22 10:30, 151.000000, 151.500000, 151.000000, 151.000000, 9
2020/05/22 10:31, 151.000000, 151.000000, 151.000000, 151.000000, 8
2020/05/22 10:32, 150.500000, 151.000000, 150.500000, 151.000000, 8
2020/05/22 10:33, 150.500000, 151.000000, 150.500000, 151.000000, 8
2020/05/22 10:34, 151.000000, 151.000000, 151.000000, 151.000000, 36
2020/05/22 10:35, 151.000000, 151.500000, 151.000000, 151.500000, 5
2020/05/22 10:36, 151.000000, 152.000000, 151.000000, 151.500000, 68
2020/05/22 10:37, 152.000000, 152.000000, 151.500000, 151.500000, 17
2020/05/22 10:38, 151.500000, 152.500000, 151.500000, 152.500000, 262
2020/05/22 10:39, 152.500000, 153.500000, 152.500000, 153.000000, 348
2020/05/22 10:40, 153.000000, 154.000000, 152.500000, 154.000000, 171
2020/05/22 10:41, 154.000000, 154.000000, 153.000000, 153.000000, 165
2020/05/22 10:42, 152.500000, 153.500000, 152.500000, 153.000000, 72
2020/05/22 10:43, 153.000000, 153.000000, 152.500000, 152.500000, 54
2020/05/22 10:44, 152.500000, 153.000000, 152.500000, 153.000000, 20
2020/05/22 10:45, 153.000000, 153.500000, 152.500000, 153.000000, 60
2020/05/22 10:46, 153.500000, 153.500000, 153.000000, 153.000000, 81
2020/05/22 10:47, 153.500000, 153.500000, 153.000000, 153.000000, 25
2020/05/22 10:48, 153.000000, 153.000000, 152.500000, 153.000000, 81
2020/05/22 10:49, 153.500000, 153.500000, 153.000000, 153.000000, 24
2020/05/22 10:50, 153.000000, 153.500000, 152.500000, 153.500000, 37
2020/05/22 10:51, 153.500000, 154.000000, 153.000000, 153.500000, 69
2020/05/22 10:52, 153.500000, 153.500000, 152.500000, 152.500000, 95
2020/05/22 10:53, 152.500000, 153.000000, 152.000000, 152.500000, 49
2020/05/22 10:54, 152.500000, 153.000000, 152.500000, 152.500000, 43
2020/05/22 10:55, 152.500000, 152.500000, 152.000000, 152.500000, 28
2020/05/22 10:56, 152.500000, 152.500000, 152.000000, 152.000000, 20
2020/05/22 10:57, 152.000000, 152.000000, 150.500000, 150.500000, 262
2020/05/22 10:58, 150.000000, 151.000000, 150.000000, 150.500000, 49
2020/05/22 10:59, 151.000000, 151.500000, 151.000000, 151.000000, 52
2020/05/22 11:00, 151.000000, 151.000000, 150.500000, 151.000000, 20
2020/05/22 11:01, 151.000000, 151.500000, 151.000000, 151.000000, 48
2020/05/22 11:02, 151.000000, 151.000000, 151.000000, 151.000000, 12
2020/05/22 11:03, 151.500000, 151.500000, 151.000000, 151.500000, 34
2020/05/22 11:04, 151.500000, 151.500000, 151.000000, 151.500000, 27
2020/05/22 11:05, 151.500000, 151.500000, 151.000000, 151.500000, 9
2020/05/22 11:06, 151.000000, 151.500000, 151.000000, 151.500000, 10
2020/05/22 11:07, 151.500000, 151.500000, 151.500000, 151.500000, 47
2020/05/22 11:08, 151.500000, 152.000000, 151.500000, 151.500000, 22
2020/05/22 11:09, 151.500000, 152.000000, 151.500000, 152.000000, 26
2020/05/22 11:10, 152.000000, 152.000000, 152.000000, 152.000000, 4
2020/05/22 11:11, 152.000000, 152.000000, 151.500000, 151.500000, 15
2020/05/22 11:12, 151.500000, 151.500000, 151.000000, 151.000000, 14
2020/05/22 11:13, 151.000000, 151.000000, 151.000000, 151.000000, 9
2020/05/22 11:14, 151.500000, 151.500000, 151.000000, 151.000000, 7
2020/05/22 11:15, 151.500000, 151.500000, 151.500000, 151.500000, 1
2020/05/22 11:16, 151.500000, 151.500000, 151.500000, 151.500000, 2
2020/05/22 11:17, 151.000000, 151.000000, 150.500000, 151.000000, 49
2020/05/22 11:18, 151.000000, 151.000000, 151.000000, 151.000000, 26
2020/05/22 11:19, 151.000000, 151.000000, 151.000000, 151.000000, 11
2020/05/22 11:20, 151.000000, 151.000000, 150.500000, 151.000000, 5
2020/05/22 11:21, 150.500000, 151.000000, 149.500000, 149.500000, 185
2020/05/22 11:22, 149.500000, 149.500000, 149.500000, 149.500000, 44
2020/05/22 11:23, 149.500000, 150.000000, 149.500000, 150.000000, 71
2020/05/22 11:24, 149.500000, 150.000000, 149.500000, 150.000000, 16
2020/05/22 11:25, 149.500000, 150.000000, 149.500000, 149.500000, 13
2020/05/22 11:26, 149.500000, 150.000000, 149.500000, 149.500000, 22
2020/05/22 11:27, 149.500000, 150.000000, 149.000000, 149.000000, 62
2020/05/22 11:28, 149.000000, 149.000000, 148.500000, 148.500000, 133
2020/05/22 11:29, 148.500000, 148.500000, 148.000000, 148.000000, 113
2020/05/22 11:30, 147.500000, 148.000000, 147.000000, 148.000000, 135
2020/05/22 11:31, 148.000000, 148.000000, 147.500000, 147.500000, 66
2020/05/22 11:32, 148.000000, 148.500000, 148.000000, 148.000000, 24
2020/05/22 11:33, 148.000000, 148.500000, 148.000000, 148.000000, 9
2020/05/22 11:34, 148.500000, 148.500000, 148.000000, 148.500000, 46
2020/05/22 11:35, 148.500000, 149.000000, 148.500000, 148.500000, 38
2020/05/22 11:36, 148.500000, 148.500000, 148.000000, 148.000000, 88
2020/05/22 11:37, 148.000000, 148.500000, 148.000000, 148.000000, 27
2020/05/22 11:38, 148.000000, 148.000000, 148.000000, 148.000000, 35
2020/05/22 11:39, 148.000000, 148.000000, 147.500000, 147.500000, 81
2020/05/22 11:40, 147.500000, 147.500000, 145.500000, 145.500000, 217
2020/05/22 11:41, 145.500000, 146.500000, 145.500000, 146.000000, 53
2020/05/22 11:42, 146.500000, 147.000000, 146.000000, 146.500000, 32
2020/05/22 11:43, 146.500000, 146.500000, 146.000000, 146.500000, 41
2020/05/22 11:44, 146.500000, 147.000000, 146.500000, 146.500000, 10
2020/05/22 11:45, 146.500000, 147.000000, 146.500000, 147.000000, 31
2020/05/22 11:46, 147.000000, 148.000000, 147.000000, 147.500000, 35
2020/05/22 11:47, 147.500000, 148.000000, 147.000000, 147.000000, 17
2020/05/22 11:48, 147.000000, 147.500000, 147.000000, 147.000000, 9
2020/05/22 11:49, 147.000000, 148.000000, 147.000000, 147.500000, 20
2020/05/22 11:50, 147.500000, 148.000000, 147.500000, 148.000000, 24
2020/05/22 11:51, 148.000000, 148.000000, 147.000000, 147.000000, 16
2020/05/22 11:52, 147.000000, 147.500000, 147.000000, 147.000000, 27
2020/05/22 11:53, 146.500000, 146.500000, 146.000000, 146.500000, 38
2020/05/22 11:54, 146.000000, 146.500000, 146.000000, 146.500000, 18
2020/05/22 11:55, 146.500000, 147.000000, 146.500000, 146.500000, 20
2020/05/22 11:56, 146.500000, 147.500000, 146.500000, 147.500000, 41
2020/05/22 11:57, 147.500000, 147.500000, 147.000000, 147.000000, 21
2020/05/22 11:58, 147.000000, 147.000000, 147.000000, 147.000000, 12
2020/05/22 11:59, 147.000000, 147.000000, 147.000000, 147.000000, 3
2020/05/22 12:00, 147.000000, 147.000000, 147.000000, 147.000000, 5
2020/05/22 12:01, 147.000000, 147.500000, 147.000000, 147.000000, 3
2020/05/22 12:02, 147.500000, 147.500000, 147.000000, 147.000000, 5
2020/05/22 12:03, 147.000000, 147.000000, 147.000000, 147.000000, 2
2020/05/22 12:04, 147.000000, 147.500000, 147.000000, 147.500000, 7
2020/05/22 12:05, 147.500000, 148.000000, 147.500000, 148.000000, 27
2020/05/22 12:06, 148.000000, 148.000000, 147.500000, 147.500000, 16
2020/05/22 12:07, 147.500000, 147.500000, 147.500000, 147.500000, 16
2020/05/22 12:08, 147.500000, 147.500000, 147.500000, 147.500000, 7
2020/05/22 12:09, 147.500000, 147.500000, 147.500000, 147.500000, 2
2020/05/22 12:10, 147.500000, 147.500000, 147.500000, 147.500000, 12
2020/05/22 12:11, 147.500000, 147.500000, 147.500000, 147.500000, 10
2020/05/22 12:12, 147.500000, 147.500000, 147.500000, 147.500000, 16
2020/05/22 12:13, 147.500000, 148.000000, 147.500000, 148.000000, 6
2020/05/22 12:14, 147.500000, 147.500000, 147.500000, 147.500000, 5
2020/05/22 12:15, 147.500000, 148.000000, 147.500000, 148.000000, 7
2020/05/22 12:16, 148.000000, 148.000000, 148.000000, 148.000000, 7
2020/05/22 12:17, 148.000000, 148.000000, 147.500000, 147.500000, 18
2020/05/22 12:18, 147.500000, 147.500000, 147.500000, 147.500000, 5
2020/05/22 12:19, 147.500000, 148.000000, 147.500000, 147.500000, 7
2020/05/22 12:20, 147.500000, 147.500000, 147.500000, 147.500000, 7
2020/05/22 12:21, 147.500000, 147.500000, 147.500000, 147.500000, 20
2020/05/22 12:22, 147.500000, 148.000000, 147.000000, 147.500000, 21
2020/05/22 12:23, 147.500000, 147.500000, 147.000000, 147.500000, 19
2020/05/22 12:24, 147.500000, 148.000000, 147.500000, 147.500000, 10
2020/05/22 12:25, 147.500000, 147.500000, 146.000000, 146.000000, 98
2020/05/22 12:26, 146.000000, 146.500000, 146.000000, 146.000000, 20
2020/05/22 12:27, 146.000000, 146.500000, 146.000000, 146.500000, 17
2020/05/22 12:28, 146.500000, 146.500000, 146.500000, 146.500000, 8
2020/05/22 12:29, 146.500000, 146.500000, 146.500000, 146.500000, 3
2020/05/22 12:30, 147.000000, 147.000000, 146.500000, 146.500000, 11
2020/05/22 12:31, 147.000000, 147.000000, 146.500000, 146.500000, 4
2020/05/22 12:32, 146.500000, 147.000000, 146.500000, 146.500000, 6
2020/05/22 12:33, 147.000000, 147.000000, 146.500000, 146.500000, 4
2020/05/22 12:34, 146.500000, 147.000000, 146.500000, 147.000000, 2
2020/05/22 12:35, 147.000000, 147.000000, 146.500000, 147.000000, 8
2020/05/22 12:36, 147.000000, 147.000000, 147.000000, 147.000000, 2
2020/05/22 12:37, 147.000000, 147.000000, 146.500000, 147.000000, 20
2020/05/22 12:38, 147.000000, 147.000000, 146.500000, 146.500000, 32
2020/05/22 12:39, 146.500000, 146.500000, 146.500000, 146.500000, 6
2020/05/22 12:40, 146.500000, 147.000000, 146.500000, 147.000000, 17
2020/05/22 12:41, 146.500000, 146.500000, 146.000000, 146.500000, 5
2020/05/22 12:42, 146.500000, 146.500000, 146.500000, 146.500000, 9
2020/05/22 12:43, 146.000000, 146.000000, 145.500000, 145.500000, 178
2020/05/22 12:44, 145.500000, 145.500000, 145.000000, 145.500000, 59
2020/05/22 12:45, 145.500000, 145.500000, 145.000000, 145.000000, 59
2020/05/22 12:46, 145.000000, 145.000000, 144.000000, 144.500000, 58
2020/05/22 12:47, 144.500000, 145.000000, 144.500000, 144.500000, 43
2020/05/22 12:48, 145.000000, 145.000000, 144.500000, 145.000000, 32
2020/05/22 12:49, 145.000000, 145.000000, 145.000000, 145.000000, 24
2020/05/22 12:50, 145.000000, 145.500000, 145.000000, 145.000000, 24
2020/05/22 12:51, 145.000000, 145.000000, 145.000000, 145.000000, 16
2020/05/22 12:52, 145.000000, 145.000000, 144.500000, 144.500000, 6
2020/05/22 12:53, 145.000000, 145.000000, 145.000000, 145.000000, 6
2020/05/22 12:54, 145.000000, 145.000000, 145.000000, 145.000000, 4
2020/05/22 12:55, 145.000000, 145.500000, 145.000000, 145.500000, 3
2020/05/22 12:56, 145.500000, 145.500000, 145.000000, 145.500000, 11
2020/05/22 12:57, 145.500000, 146.000000, 145.500000, 146.000000, 21
2020/05/22 12:58, 146.000000, 146.000000, 145.500000, 145.500000, 26
2020/05/22 12:59, 145.000000, 145.500000, 145.000000, 145.500000, 24
2020/05/22 13:00, 145.500000, 146.000000, 145.500000, 145.500000, 7
2020/05/22 13:01, 145.500000, 145.500000, 145.500000, 145.500000, 1
2020/05/22 13:02, 145.500000, 145.500000, 145.500000, 145.500000, 15
2020/05/22 13:03, 145.500000, 146.000000, 145.500000, 145.500000, 8
2020/05/22 13:04, 145.000000, 145.000000, 145.000000, 145.000000, 33
2020/05/22 13:05, 145.000000, 145.500000, 145.000000, 145.500000, 7
2020/05/22 13:06, 145.500000, 145.500000, 145.500000, 145.500000, 15
2020/05/22 13:07, 145.500000, 146.000000, 145.500000, 146.000000, 13
2020/05/22 13:08, 145.500000, 145.500000, 145.500000, 145.500000, 9
2020/05/22 13:09, 145.500000, 145.500000, 145.000000, 145.500000, 19
2020/05/22 13:10, 145.000000, 145.500000, 144.500000, 145.000000, 67
2020/05/22 13:11, 144.500000, 145.000000, 144.500000, 145.000000, 23
2020/05/22 13:12, 144.500000, 145.000000, 144.500000, 145.000000, 32
2020/05/22 13:13, 145.000000, 145.000000, 144.500000, 144.500000, 40
2020/05/22 13:14, 144.500000, 145.000000, 144.500000, 145.000000, 18
2020/05/22 13:15, 144.500000, 145.000000, 144.500000, 145.000000, 10
2020/05/22 13:16, 145.000000, 145.500000, 145.000000, 145.000000, 36
2020/05/22 13:17, 145.500000, 145.500000, 145.000000, 145.500000, 14
2020/05/22 13:18, 145.500000, 145.500000, 145.000000, 145.500000, 27
2020/05/22 13:19, 145.500000, 146.000000, 145.500000, 145.500000, 19
2020/05/22 13:20, 145.500000, 146.000000, 145.000000, 145.500000, 28
2020/05/22 13:21, 146.000000, 146.000000, 145.500000, 146.000000, 27
2020/05/22 13:22, 145.500000, 146.000000, 145.000000, 146.000000, 30
2020/05/22 13:23, 145.500000, 146.000000, 145.000000, 145.500000, 46
2020/05/22 13:24, 145.000000, 145.500000, 145.000000, 145.000000, 28
2020/05/22 13:25, 145.000000, 145.500000, 145.000000, 145.000000, 68
2020/05/22 13:26, 145.000000, 145.000000, 145.000000, 145.000000, 0
2020/05/22 13:27, 145.000000, 145.000000, 145.000000, 145.000000, 0
2020/05/22 13:28, 145.000000, 145.000000, 145.000000, 145.000000, 0
2020/05/22 13:29, 145.000000, 145.000000, 145.000000, 145.000000, 0
2020/05/22 13:30, 144.500000, 144.500000, 144.500000, 144.500000, 445
2020/05/25 09:01, 145.500000, 146.000000, 145.000000, 146.000000, 182
2020/05/25 09:02, 146.000000, 146.500000, 145.500000, 145.500000, 65
2020/05/25 09:03, 145.500000, 145.500000, 144.500000, 145.000000, 58
2020/05/25 09:04, 145.000000, 145.500000, 144.500000, 145.000000, 26
2020/05/25 09:05, 145.000000, 145.000000, 144.500000, 145.000000, 27
2020/05/25 09:06, 145.000000, 145.000000, 143.500000, 144.000000, 158
2020/05/25 09:07, 143.500000, 144.500000, 143.500000, 144.500000, 22
2020/05/25 09:08, 144.000000, 145.000000, 144.000000, 144.500000, 25
2020/05/25 09:09, 144.000000, 145.000000, 144.000000, 144.500000, 24
2020/05/25 09:10, 144.500000, 144.500000, 144.000000, 144.500000, 17
2020/05/25 09:11, 144.500000, 144.500000, 144.000000, 144.000000, 12
2020/05/25 09:12, 144.000000, 144.000000, 144.000000, 144.000000, 17
2020/05/25 09:13, 144.000000, 144.500000, 144.000000, 144.000000, 24
2020/05/25 09:14, 143.500000, 143.500000, 143.000000, 143.500000, 37
2020/05/25 09:15, 143.500000, 143.500000, 143.000000, 143.500000, 58
2020/05/25 09:16, 142.500000, 143.500000, 142.500000, 143.500000, 25
2020/05/25 09:17, 143.000000, 143.000000, 142.500000, 143.000000, 28
2020/05/25 09:18, 143.000000, 143.500000, 142.500000, 143.000000, 26
2020/05/25 09:19, 143.000000, 143.000000, 142.500000, 143.000000, 22
2020/05/25 09:20, 143.000000, 143.000000, 142.500000, 142.500000, 24
2020/05/25 09:21, 142.500000, 143.500000, 142.500000, 143.000000, 28
2020/05/25 09:22, 143.000000, 143.000000, 143.000000, 143.000000, 13
2020/05/25 09:23, 143.000000, 143.000000, 143.000000, 143.000000, 6
2020/05/25 09:24, 143.000000, 143.500000, 143.000000, 143.500000, 9
2020/05/25 09:25, 143.500000, 143.500000, 143.000000, 143.500000, 22
2020/05/25 09:26, 143.500000, 144.000000, 143.500000, 143.500000, 9
2020/05/25 09:27, 143.500000, 144.000000, 143.500000, 144.000000, 7
2020/05/25 09:28, 144.000000, 144.000000, 144.000000, 144.000000, 8
2020/05/25 09:29, 144.000000, 144.000000, 144.000000, 144.000000, 6
2020/05/25 09:30, 144.000000, 144.000000, 144.000000, 144.000000, 6
2020/05/25 09:31, 143.500000, 143.500000, 143.500000, 143.500000, 3
2020/05/25 09:32, 143.500000, 144.000000, 143.000000, 143.000000, 33
2020/05/25 09:33, 143.000000, 143.000000, 142.500000, 142.500000, 28
2020/05/25 09:34, 142.500000, 143.500000, 142.500000, 143.000000, 22
2020/05/25 09:35, 143.000000, 143.500000, 143.000000, 143.000000, 12
2020/05/25 09:36, 143.000000, 143.500000, 143.000000, 143.500000, 29
2020/05/25 09:37, 143.500000, 144.000000, 143.500000, 143.500000, 49
2020/05/25 09:38, 143.500000, 143.500000, 143.500000, 143.500000, 6
2020/05/25 09:39, 143.500000, 144.500000, 143.500000, 144.500000, 20
2020/05/25 09:40, 144.500000, 144.500000, 144.000000, 144.500000, 8
2020/05/25 09:41, 144.500000, 144.500000, 144.500000, 144.500000, 28
2020/05/25 09:42, 144.500000, 144.500000, 144.500000, 144.500000, 8
2020/05/25 09:43, 144.500000, 145.000000, 144.500000, 144.500000, 17
2020/05/25 09:44, 144.500000, 145.000000, 144.500000, 145.000000, 3
2020/05/25 09:45, 145.000000, 145.000000, 144.500000, 145.000000, 19
2020/05/25 09:46, 145.000000, 145.500000, 145.000000, 145.500000, 52
2020/05/25 09:47, 145.000000, 145.000000, 144.500000, 144.500000, 14
2020/05/25 09:48, 144.500000, 144.500000, 144.500000, 144.500000, 5
2020/05/25 09:49, 144.500000, 145.000000, 144.500000, 145.000000, 2
2020/05/25 09:50, 144.500000, 145.000000, 144.500000, 144.500000, 4
2020/05/25 09:51, 144.500000, 144.500000, 144.500000, 144.500000, 1
2020/05/25 09:52, 144.500000, 144.500000, 144.000000, 144.500000, 21
2020/05/25 09:53, 144.500000, 144.500000, 144.000000, 144.000000, 25
2020/05/25 09:54, 144.500000, 144.500000, 144.000000, 144.000000, 3
2020/05/25 09:55, 144.000000, 144.000000, 144.000000, 144.000000, 4
2020/05/25 09:56, 144.000000, 144.000000, 144.000000, 144.000000, 4
2020/05/25 09:57, 144.000000, 144.500000, 144.000000, 144.000000, 3
2020/05/25 09:58, 144.000000, 144.000000, 144.000000, 144.000000, 4
2020/05/25 09:59, 144.000000, 144.000000, 144.000000, 144.000000, 0
2020/05/25 10:00, 144.000000, 144.000000, 144.000000, 144.000000, 7
2020/05/25 10:01, 144.000000, 144.000000, 144.000000, 144.000000, 6
2020/05/25 10:02, 144.000000, 144.000000, 144.000000, 144.000000, 4
2020/05/25 10:03, 144.000000, 144.000000, 144.000000, 144.000000, 1
2020/05/25 10:04, 144.000000, 144.000000, 144.000000, 144.000000, 0
2020/05/25 10:05, 144.500000, 144.500000, 144.500000, 144.500000, 12
2020/05/25 10:06, 144.500000, 144.500000, 144.500000, 144.500000, 0
2020/05/25 10:07, 144.500000, 144.500000, 144.500000, 144.500000, 11
2020/05/25 10:08, 144.000000, 144.000000, 144.000000, 144.000000, 1
2020/05/25 10:09, 144.000000, 144.000000, 144.000000, 144.000000, 0
2020/05/25 10:10, 144.000000, 144.000000, 144.000000, 144.000000, 2
2020/05/25 10:11, 144.500000, 144.500000, 144.000000, 144.000000, 2
2020/05/25 10:12, 144.500000, 144.500000, 144.000000, 144.000000, 13
2020/05/25 10:13, 144.500000, 145.000000, 144.500000, 145.000000, 8
2020/05/25 10:14, 145.000000, 145.000000, 145.000000, 145.000000, 1
2020/05/25 10:15, 145.000000, 145.000000, 145.000000, 145.000000, 18
2020/05/25 10:16, 145.000000, 145.000000, 145.000000, 145.000000, 5
2020/05/25 10:17, 145.000000, 145.000000, 145.000000, 145.000000, 2
2020/05/25 10:18, 145.000000, 145.000000, 144.500000, 145.000000, 13
2020/05/25 10:19, 145.000000, 145.000000, 145.000000, 145.000000, 0
2020/05/25 10:20, 145.000000, 145.000000, 145.000000, 145.000000, 1
2020/05/25 10:21, 145.000000, 145.000000, 145.000000, 145.000000, 1
2020/05/25 10:22, 145.000000, 145.000000, 145.000000, 145.000000, 2
2020/05/25 10:23, 145.000000, 145.000000, 144.500000, 145.000000, 8
2020/05/25 10:24, 145.000000, 145.000000, 145.000000, 145.000000, 1
2020/05/25 10:25, 145.000000, 145.000000, 145.000000, 145.000000, 1
2020/05/25 10:26, 145.000000, 145.000000, 145.000000, 145.000000, 1
2020/05/25 10:27, 145.000000, 145.000000, 144.500000, 144.500000, 12
2020/05/25 10:28, 145.000000, 145.000000, 144.500000, 144.500000, 7
2020/05/25 10:29, 145.000000, 145.000000, 145.000000, 145.000000, 4
2020/05/25 10:30, 145.000000, 145.000000, 145.000000, 145.000000, 2
2020/05/25 10:31, 145.000000, 145.000000, 145.000000, 145.000000, 0
2020/05/25 10:32, 145.000000, 145.000000, 145.000000, 145.000000, 1
2020/05/25 10:33, 145.000000, 145.000000, 145.000000, 145.000000, 3
2020/05/25 10:34, 145.000000, 145.000000, 144.500000, 145.000000, 19
2020/05/25 10:35, 145.500000, 145.500000, 145.500000, 145.500000, 6
2020/05/25 10:36, 145.500000, 145.500000, 145.000000, 145.000000, 7
2020/05/25 10:37, 145.000000, 145.500000, 144.500000, 144.500000, 17
2020/05/25 10:38, 145.000000, 145.000000, 145.000000, 145.000000, 4
2020/05/25 10:39, 145.000000, 145.000000, 145.000000, 145.000000, 0
2020/05/25 10:40, 145.000000, 145.000000, 144.500000, 145.000000, 9
2020/05/25 10:41, 144.500000, 145.000000, 144.500000, 145.000000, 11
2020/05/25 10:42, 145.000000, 145.500000, 145.000000, 145.000000, 4
2020/05/25 10:43, 145.000000, 145.000000, 145.000000, 145.000000, 1
2020/05/25 10:44, 145.000000, 145.000000, 144.500000, 144.500000, 42
2020/05/25 10:45, 144.500000, 144.500000, 144.500000, 144.500000, 0
2020/05/25 10:46, 144.500000, 144.500000, 144.500000, 144.500000, 0
2020/05/25 10:47, 144.500000, 144.500000, 144.000000, 144.500000, 6
2020/05/25 10:48, 144.000000, 144.000000, 144.000000, 144.000000, 5
2020/05/25 10:49, 144.000000, 144.000000, 144.000000, 144.000000, 75
2020/05/25 10:50, 143.500000, 143.500000, 143.500000, 143.500000, 8
2020/05/25 10:51, 143.500000, 144.000000, 143.500000, 143.500000, 9
2020/05/25 10:52, 143.500000, 143.500000, 143.500000, 143.500000, 1
2020/05/25 10:53, 144.000000, 144.000000, 143.500000, 143.500000, 5
2020/05/25 10:54, 143.500000, 144.000000, 143.500000, 144.000000, 3
2020/05/25 10:55, 144.000000, 144.000000, 144.000000, 144.000000, 1
2020/05/25 10:56, 144.000000, 144.000000, 144.000000, 144.000000, 2
2020/05/25 10:57, 144.000000, 144.000000, 144.000000, 144.000000, 2
2020/05/25 10:58, 144.000000, 144.000000, 144.000000, 144.000000, 2
2020/05/25 10:59, 144.000000, 144.000000, 144.000000, 144.000000, 1
2020/05/25 11:00, 143.500000, 143.500000, 143.500000, 143.500000, 4
2020/05/25 11:01, 143.500000, 143.500000, 143.500000, 143.500000, 13
2020/05/25 11:02, 143.500000, 143.500000, 143.500000, 143.500000, 3
2020/05/25 11:03, 143.500000, 143.500000, 143.500000, 143.500000, 4
2020/05/25 11:04, 144.000000, 144.000000, 144.000000, 144.000000, 2
2020/05/25 11:05, 144.000000, 144.000000, 144.000000, 144.000000, 1
2020/05/25 11:06, 144.000000, 144.000000, 144.000000, 144.000000, 1
2020/05/25 11:07, 144.000000, 144.000000, 144.000000, 144.000000, 11
2020/05/25 11:08, 144.000000, 144.000000, 144.000000, 144.000000, 5
2020/05/25 11:09, 144.000000, 144.000000, 144.000000, 144.000000, 5
2020/05/25 11:10, 144.000000, 144.000000, 144.000000, 144.000000, 7
2020/05/25 11:11, 144.000000, 144.000000, 144.000000, 144.000000, 0
2020/05/25 11:12, 144.000000, 144.000000, 144.000000, 144.000000, 4
2020/05/25 11:13, 144.000000, 144.000000, 144.000000, 144.000000, 1
2020/05/25 11:14, 144.000000, 144.000000, 144.000000, 144.000000, 0
2020/05/25 11:15, 143.500000, 143.500000, 143.500000, 143.500000, 2
2020/05/25 11:16, 143.500000, 143.500000, 143.500000, 143.500000, 45
2020/05/25 11:17, 143.500000, 143.500000, 143.000000, 143.500000, 20
2020/05/25 11:18, 143.500000, 143.500000, 143.000000, 143.000000, 9
2020/05/25 11:19, 143.000000, 143.000000, 143.000000, 143.000000, 0
2020/05/25 11:20, 143.000000, 143.500000, 143.000000, 143.000000, 6
2020/05/25 11:21, 143.500000, 143.500000, 143.500000, 143.500000, 2
2020/05/25 11:22, 143.500000, 143.500000, 143.500000, 143.500000, 4
2020/05/25 11:23, 143.500000, 143.500000, 143.500000, 143.500000, 12
2020/05/25 11:24, 143.500000, 143.500000, 143.500000, 143.500000, 2
2020/05/25 11:25, 143.500000, 143.500000, 143.500000, 143.500000, 6
2020/05/25 11:26, 143.500000, 143.500000, 143.500000, 143.500000, 17
2020/05/25 11:27, 143.500000, 143.500000, 143.000000, 143.500000, 8
2020/05/25 11:28, 143.000000, 143.000000, 143.000000, 143.000000, 1
2020/05/25 11:29, 143.000000, 143.500000, 143.000000, 143.500000, 2
2020/05/25 11:30, 143.500000, 143.500000, 143.500000, 143.500000, 0
2020/05/25 11:31, 143.500000, 143.500000, 143.000000, 143.000000, 7
2020/05/25 11:32, 143.000000, 143.000000, 143.000000, 143.000000, 1
2020/05/25 11:33, 143.000000, 143.000000, 143.000000, 143.000000, 0
2020/05/25 11:34, 143.000000, 143.500000, 143.000000, 143.500000, 3
2020/05/25 11:35, 143.500000, 143.500000, 143.500000, 143.500000, 0
2020/05/25 11:36, 143.500000, 143.500000, 143.500000, 143.500000, 0
2020/05/25 11:37, 143.500000, 143.500000, 143.500000, 143.500000, 3
2020/05/25 11:38, 143.500000, 143.500000, 143.500000, 143.500000, 6
2020/05/25 11:39, 143.500000, 143.500000, 143.000000, 143.500000, 5
2020/05/25 11:40, 143.500000, 143.500000, 143.500000, 143.500000, 3
2020/05/25 11:41, 143.500000, 143.500000, 143.500000, 143.500000, 1
2020/05/25 11:42, 143.500000, 143.500000, 143.500000, 143.500000, 5
2020/05/25 11:43, 143.500000, 143.500000, 143.500000, 143.500000, 3
2020/05/25 11:44, 143.500000, 143.500000, 143.500000, 143.500000, 15
2020/05/25 11:45, 143.000000, 143.500000, 143.000000, 143.500000, 8
2020/05/25 11:46, 143.500000, 143.500000, 143.500000, 143.500000, 15
2020/05/25 11:47, 143.500000, 143.500000, 143.500000, 143.500000, 1
2020/05/25 11:48, 144.000000, 144.000000, 144.000000, 144.000000, 1
2020/05/25 11:49, 144.000000, 144.000000, 144.000000, 144.000000, 3
2020/05/25 11:50, 144.000000, 144.000000, 144.000000, 144.000000, 5
2020/05/25 11:51, 144.000000, 144.000000, 144.000000, 144.000000, 4
2020/05/25 11:52, 144.000000, 144.000000, 144.000000, 144.000000, 0
2020/05/25 11:53, 143.500000, 143.500000, 143.000000, 143.500000, 45
2020/05/25 11:54, 143.500000, 143.500000, 143.500000, 143.500000, 6
2020/05/25 11:55, 143.500000, 143.500000, 143.500000, 143.500000, 0
2020/05/25 11:56, 143.500000, 143.500000, 143.500000, 143.500000, 1
2020/05/25 11:57, 143.500000, 143.500000, 143.500000, 143.500000, 0
2020/05/25 11:58, 143.500000, 143.500000, 143.500000, 143.500000, 4
2020/05/25 11:59, 143.500000, 143.500000, 143.500000, 143.500000, 2
2020/05/25 12:00, 144.000000, 144.000000, 144.000000, 144.000000, 1
2020/05/25 12:01, 144.000000, 144.000000, 144.000000, 144.000000, 0
2020/05/25 12:02, 144.000000, 144.000000, 144.000000, 144.000000, 0
2020/05/25 12:03, 143.500000, 143.500000, 143.500000, 143.500000, 2
2020/05/25 12:04, 144.000000, 144.000000, 144.000000, 144.000000, 2
2020/05/25 12:05, 144.000000, 144.000000, 144.000000, 144.000000, 5
2020/05/25 12:06, 144.000000, 144.000000, 144.000000, 144.000000, 6
2020/05/25 12:07, 144.000000, 144.000000, 143.500000, 144.000000, 30
2020/05/25 12:08, 144.000000, 144.000000, 143.000000, 143.000000, 4
2020/05/25 12:09, 143.500000, 143.500000, 143.500000, 143.500000, 2
2020/05/25 12:10, 143.500000, 143.500000, 143.500000, 143.500000, 3
2020/05/25 12:11, 143.500000, 143.500000, 143.500000, 143.500000, 2
2020/05/25 12:12, 143.500000, 143.500000, 143.500000, 143.500000, 0
2020/05/25 12:13, 143.000000, 143.500000, 143.000000, 143.500000, 3
2020/05/25 12:14, 143.000000, 143.000000, 143.000000, 143.000000, 1
2020/05/25 12:15, 143.500000, 143.500000, 143.000000, 143.000000, 3
2020/05/25 12:16, 143.500000, 143.500000, 143.500000, 143.500000, 10
2020/05/25 12:17, 143.500000, 143.500000, 143.500000, 143.500000, 3
2020/05/25 12:18, 143.500000, 143.500000, 143.500000, 143.500000, 1
2020/05/25 12:19, 143.500000, 143.500000, 143.500000, 143.500000, 1
2020/05/25 12:20, 143.500000, 143.500000, 143.500000, 143.500000, 7
2020/05/25 12:21, 143.500000, 143.500000, 143.000000, 143.500000, 5
2020/05/25 12:22, 143.500000, 143.500000, 143.500000, 143.500000, 2
2020/05/25 12:23, 143.500000, 143.500000, 143.500000, 143.500000, 0
2020/05/25 12:24, 143.500000, 143.500000, 143.500000, 143.500000, 2
2020/05/25 12:25, 144.000000, 144.000000, 144.000000, 144.000000, 1
2020/05/25 12:26, 144.000000, 144.000000, 143.500000, 143.500000, 15
2020/05/25 12:27, 143.500000, 143.500000, 143.500000, 143.500000, 0
2020/05/25 12:28, 143.500000, 143.500000, 143.500000, 143.500000, 0
2020/05/25 12:29, 144.000000, 144.000000, 144.000000, 144.000000, 20
2020/05/25 12:30, 144.000000, 144.000000, 144.000000, 144.000000, 0
2020/05/25 12:31, 144.000000, 144.000000, 144.000000, 144.000000, 4
2020/05/25 12:32, 144.000000, 144.000000, 143.500000, 144.000000, 4
2020/05/25 12:33, 144.000000, 144.000000, 144.000000, 144.000000, 7
2020/05/25 12:34, 144.000000, 144.000000, 144.000000, 144.000000, 13
2020/05/25 12:35, 144.000000, 144.000000, 144.000000, 144.000000, 1
2020/05/25 12:36, 144.000000, 144.000000, 143.500000, 143.500000, 6
2020/05/25 12:37, 144.000000, 144.000000, 144.000000, 144.000000, 2
2020/05/25 12:38, 144.000000, 144.000000, 143.500000, 143.500000, 2
2020/05/25 12:39, 143.500000, 143.500000, 143.500000, 143.500000, 0
2020/05/25 12:40, 143.500000, 143.500000, 143.500000, 143.500000, 1
2020/05/25 12:41, 143.500000, 143.500000, 143.500000, 143.500000, 1
2020/05/25 12:42, 143.500000, 143.500000, 143.500000, 143.500000, 8
2020/05/25 12:43, 143.500000, 143.500000, 143.500000, 143.500000, 6
2020/05/25 12:44, 143.500000, 143.500000, 143.500000, 143.500000, 0
2020/05/25 12:45, 143.500000, 143.500000, 143.500000, 143.500000, 1
2020/05/25 12:46, 144.000000, 144.000000, 143.500000, 143.500000, 2
2020/05/25 12:47, 144.000000, 144.000000, 144.000000, 144.000000, 1
2020/05/25 12:48, 144.000000, 144.000000, 143.000000, 143.500000, 76
2020/05/25 12:49, 143.500000, 144.000000, 143.000000, 144.000000, 23
2020/05/25 12:50, 143.500000, 143.500000, 143.500000, 143.500000, 3
2020/05/25 12:51, 143.500000, 143.500000, 143.500000, 143.500000, 5
2020/05/25 12:52, 143.500000, 143.500000, 143.500000, 143.500000, 3
2020/05/25 12:53, 143.500000, 143.500000, 143.500000, 143.500000, 5
2020/05/25 12:54, 143.500000, 143.500000, 143.500000, 143.500000, 4
2020/05/25 12:55, 144.000000, 144.000000, 143.500000, 143.500000, 7
2020/05/25 12:56, 143.500000, 144.000000, 143.500000, 143.500000, 9
2020/05/25 12:57, 143.500000, 143.500000, 143.500000, 143.500000, 4
2020/05/25 12:58, 143.500000, 143.500000, 143.500000, 143.500000, 10
2020/05/25 12:59, 143.500000, 143.500000, 143.500000, 143.500000, 9
2020/05/25 13:00, 143.500000, 143.500000, 143.500000, 143.500000, 3
2020/05/25 13:01, 143.500000, 143.500000, 143.500000, 143.500000, 1
2020/05/25 13:02, 143.500000, 143.500000, 143.500000, 143.500000, 2
2020/05/25 13:03, 143.000000, 143.000000, 143.000000, 143.000000, 1
2020/05/25 13:04, 143.000000, 143.500000, 143.000000, 143.500000, 7
2020/05/25 13:05, 143.500000, 143.500000, 143.500000, 143.500000, 16
2020/05/25 13:06, 143.500000, 143.500000, 143.000000, 143.500000, 9
2020/05/25 13:07, 143.500000, 143.500000, 143.500000, 143.500000, 1
2020/05/25 13:08, 143.500000, 143.500000, 143.500000, 143.500000, 11
2020/05/25 13:09, 143.500000, 143.500000, 143.500000, 143.500000, 10
2020/05/25 13:10, 143.500000, 143.500000, 143.500000, 143.500000, 8
2020/05/25 13:11, 143.500000, 143.500000, 143.500000, 143.500000, 6
2020/05/25 13:12, 143.500000, 143.500000, 143.500000, 143.500000, 18
2020/05/25 13:13, 143.500000, 143.500000, 143.500000, 143.500000, 12
2020/05/25 13:14, 143.500000, 143.500000, 143.500000, 143.500000, 17
2020/05/25 13:15, 143.500000, 143.500000, 143.500000, 143.500000, 2
2020/05/25 13:16, 143.500000, 143.500000, 143.500000, 143.500000, 3
2020/05/25 13:17, 143.500000, 143.500000, 143.500000, 143.500000, 21
2020/05/25 13:18, 143.500000, 143.500000, 143.500000, 143.500000, 10
2020/05/25 13:19, 143.500000, 143.500000, 143.000000, 143.500000, 10
2020/05/25 13:20, 143.500000, 143.500000, 143.500000, 143.500000, 21
2020/05/25 13:21, 143.500000, 144.000000, 143.500000, 144.000000, 16
2020/05/25 13:22, 143.500000, 144.000000, 143.500000, 143.500000, 14
2020/05/25 13:23, 143.500000, 144.000000, 143.500000, 143.500000, 20
2020/05/25 13:24, 143.500000, 144.000000, 143.500000, 143.500000, 8
2020/05/25 13:25, 143.500000, 143.500000, 143.000000, 143.000000, 24
2020/05/25 13:26, 143.000000, 143.000000, 143.000000, 143.000000, 0
2020/05/25 13:27, 143.000000, 143.000000, 143.000000, 143.000000, 0
2020/05/25 13:28, 143.000000, 143.000000, 143.000000, 143.000000, 0
2020/05/25 13:29, 143.000000, 143.000000, 143.000000, 143.000000, 0
2020/05/25 13:30, 143.500000, 143.500000, 143.500000, 143.500000, 205
2020/05/26 09:01, 141.000000, 141.500000, 140.000000, 140.000000, 490
2020/05/26 09:02, 140.500000, 140.500000, 139.000000, 140.000000, 248
2020/05/26 09:03, 140.000000, 141.500000, 140.000000, 141.000000, 108
2020/05/26 09:04, 141.000000, 141.500000, 141.000000, 141.000000, 46
2020/05/26 09:05, 141.500000, 141.500000, 141.000000, 141.500000, 31
2020/05/26 09:06, 141.500000, 141.500000, 140.500000, 141.000000, 115
2020/05/26 09:07, 140.500000, 141.000000, 140.500000, 141.000000, 20
2020/05/26 09:08, 141.000000, 141.500000, 141.000000, 141.500000, 29
2020/05/26 09:09, 141.500000, 141.500000, 141.000000, 141.500000, 6
2020/05/26 09:10, 141.000000, 141.500000, 141.000000, 141.000000, 18
2020/05/26 09:11, 141.000000, 141.500000, 140.500000, 140.500000, 38
2020/05/26 09:12, 141.500000, 141.500000, 140.500000, 140.500000, 27
2020/05/26 09:13, 141.000000, 141.000000, 141.000000, 141.000000, 32
2020/05/26 09:14, 141.000000, 141.000000, 140.500000, 141.000000, 13
2020/05/26 09:15, 141.000000, 141.000000, 141.000000, 141.000000, 4
2020/05/26 09:16, 141.000000, 141.500000, 141.000000, 141.500000, 11
2020/05/26 09:17, 141.500000, 141.500000, 141.000000, 141.000000, 12
2020/05/26 09:18, 141.000000, 141.000000, 140.500000, 141.000000, 39
2020/05/26 09:19, 141.000000, 141.000000, 140.500000, 141.000000, 11
2020/05/26 09:20, 140.500000, 141.000000, 140.500000, 141.000000, 14
2020/05/26 09:21, 141.000000, 141.000000, 140.500000, 140.500000, 15
2020/05/26 09:22, 141.000000, 141.000000, 140.500000, 140.500000, 27
2020/05/26 09:23, 140.500000, 141.000000, 140.000000, 140.500000, 98
2020/05/26 09:24, 140.500000, 140.500000, 140.000000, 140.500000, 25
2020/05/26 09:25, 140.500000, 140.500000, 140.500000, 140.500000, 6
2020/05/26 09:26, 140.500000, 140.500000, 140.500000, 140.500000, 39
2020/05/26 09:27, 140.500000, 140.500000, 140.000000, 140.500000, 16
2020/05/26 09:28, 140.500000, 141.000000, 140.500000, 140.500000, 21
2020/05/26 09:29, 140.500000, 140.500000, 140.500000, 140.500000, 15
2020/05/26 09:30, 140.500000, 140.500000, 140.000000, 140.500000, 21
2020/05/26 09:31, 140.500000, 140.500000, 140.500000, 140.500000, 4
2020/05/26 09:32, 140.500000, 140.500000, 140.500000, 140.500000, 4
2020/05/26 09:33, 140.500000, 141.000000, 140.500000, 140.500000, 23
2020/05/26 09:34, 140.500000, 141.000000, 140.500000, 140.500000, 35
2020/05/26 09:35, 140.500000, 140.500000, 140.500000, 140.500000, 27
2020/05/26 09:36, 140.500000, 140.500000, 140.000000, 140.000000, 18
2020/05/26 09:37, 140.000000, 140.500000, 140.000000, 140.000000, 41
2020/05/26 09:38, 140.500000, 140.500000, 140.000000, 140.500000, 19
2020/05/26 09:39, 140.500000, 141.000000, 140.500000, 141.000000, 20
2020/05/26 09:40, 141.000000, 141.000000, 141.000000, 141.000000, 2
2020/05/26 09:41, 141.000000, 141.000000, 141.000000, 141.000000, 22
2020/05/26 09:42, 141.000000, 141.000000, 141.000000, 141.000000, 3
2020/05/26 09:43, 141.500000, 141.500000, 141.000000, 141.000000, 6
2020/05/26 09:44, 141.000000, 141.000000, 141.000000, 141.000000, 17
2020/05/26 09:45, 141.000000, 141.000000, 140.500000, 141.000000, 9
2020/05/26 09:46, 140.500000, 140.500000, 140.500000, 140.500000, 2
2020/05/26 09:47, 140.500000, 140.500000, 140.000000, 140.000000, 70
2020/05/26 09:48, 140.500000, 140.500000, 140.000000, 140.500000, 13
2020/05/26 09:49, 140.500000, 140.500000, 140.500000, 140.500000, 11
2020/05/26 09:50, 140.500000, 140.500000, 140.500000, 140.500000, 4
2020/05/26 09:51, 140.500000, 141.000000, 140.000000, 140.500000, 15
2020/05/26 09:52, 140.500000, 140.500000, 140.500000, 140.500000, 18
2020/05/26 09:53, 140.000000, 140.500000, 140.000000, 140.000000, 35
2020/05/26 09:54, 140.000000, 140.000000, 139.500000, 139.500000, 259
2020/05/26 09:55, 139.500000, 140.000000, 139.000000, 139.500000, 207
2020/05/26 09:56, 139.000000, 140.000000, 139.000000, 139.000000, 106
2020/05/26 09:57, 139.000000, 139.500000, 138.500000, 138.500000, 313
2020/05/26 09:58, 138.500000, 139.000000, 138.500000, 138.500000, 111
2020/05/26 09:59, 138.500000, 138.500000, 138.500000, 138.500000, 40
2020/05/26 10:00, 138.500000, 139.000000, 138.500000, 139.000000, 65
2020/05/26 10:01, 138.500000, 139.000000, 138.500000, 138.500000, 34
2020/05/26 10:02, 138.500000, 138.500000, 138.500000, 138.500000, 44
2020/05/26 10:03, 138.500000, 139.000000, 138.500000, 138.500000, 22
2020/05/26 10:04, 138.500000, 139.000000, 138.500000, 138.500000, 14
2020/05/26 10:05, 138.500000, 139.000000, 138.500000, 138.500000, 44
2020/05/26 10:06, 138.500000, 139.000000, 138.500000, 139.000000, 11
2020/05/26 10:07, 138.500000, 139.000000, 138.500000, 139.000000, 62
2020/05/26 10:08, 139.000000, 139.500000, 139.000000, 139.000000, 27
2020/05/26 10:09, 139.000000, 139.000000, 139.000000, 139.000000, 6
2020/05/26 10:10, 139.000000, 139.000000, 139.000000, 139.000000, 8
2020/05/26 10:11, 139.000000, 139.000000, 139.000000, 139.000000, 4
2020/05/26 10:12, 139.000000, 139.000000, 139.000000, 139.000000, 41
2020/05/26 10:13, 138.500000, 139.000000, 138.500000, 138.500000, 27
2020/05/26 10:14, 139.000000, 139.500000, 139.000000, 139.000000, 20
2020/05/26 10:15, 139.000000, 139.500000, 139.000000, 139.000000, 47
2020/05/26 10:16, 139.000000, 139.000000, 139.000000, 139.000000, 0
2020/05/26 10:17, 139.500000, 139.500000, 139.000000, 139.500000, 4
2020/05/26 10:18, 139.500000, 140.000000, 139.500000, 140.000000, 20
2020/05/26 10:19, 140.000000, 140.000000, 139.500000, 139.500000, 8
2020/05/26 10:20, 139.500000, 139.500000, 139.500000, 139.500000, 19
2020/05/26 10:21, 139.500000, 139.500000, 139.000000, 139.500000, 8
2020/05/26 10:22, 139.500000, 139.500000, 139.500000, 139.500000, 0
2020/05/26 10:23, 139.500000, 140.000000, 139.500000, 140.000000, 6
2020/05/26 10:24, 139.500000, 140.000000, 139.500000, 140.000000, 4
2020/05/26 10:25, 140.000000, 140.000000, 140.000000, 140.000000, 0
2020/05/26 10:26, 140.000000, 140.000000, 140.000000, 140.000000, 0
2020/05/26 10:27, 139.500000, 139.500000, 139.500000, 139.500000, 1
2020/05/26 10:28, 139.500000, 139.500000, 139.500000, 139.500000, 1
2020/05/26 10:29, 139.500000, 140.000000, 139.500000, 140.000000, 2
2020/05/26 10:30, 139.500000, 140.000000, 139.500000, 140.000000, 4
2020/05/26 10:31, 139.500000, 139.500000, 139.500000, 139.500000, 2
2020/05/26 10:32, 139.500000, 139.500000, 139.500000, 139.500000, 1
2020/05/26 10:33, 140.000000, 140.000000, 139.500000, 140.000000, 15
2020/05/26 10:34, 140.000000, 140.000000, 140.000000, 140.000000, 1
2020/05/26 10:35, 140.000000, 140.000000, 140.000000, 140.000000, 8
2020/05/26 10:36, 140.000000, 140.000000, 140.000000, 140.000000, 0
2020/05/26 10:37, 140.000000, 140.000000, 140.000000, 140.000000, 4
2020/05/26 10:38, 140.000000, 140.000000, 140.000000, 140.000000, 2
2020/05/26 10:39, 140.000000, 140.000000, 139.500000, 140.000000, 6
2020/05/26 10:40, 140.000000, 140.000000, 139.500000, 140.000000, 21
2020/05/26 10:41, 140.500000, 140.500000, 140.000000, 140.000000, 9
2020/05/26 10:42, 140.000000, 140.000000, 140.000000, 140.000000, 3
2020/05/26 10:43, 140.000000, 140.000000, 140.000000, 140.000000, 1
2020/05/26 10:44, 140.500000, 140.500000, 140.000000, 140.000000, 7
2020/05/26 10:45, 140.500000, 140.500000, 140.500000, 140.500000, 1
2020/05/26 10:46, 140.000000, 140.500000, 140.000000, 140.500000, 4
2020/05/26 10:47, 140.500000, 140.500000, 140.500000, 140.500000, 1
2020/05/26 10:48, 140.500000, 140.500000, 140.500000, 140.500000, 22
2020/05/26 10:49, 140.500000, 140.500000, 140.500000, 140.500000, 4
2020/05/26 10:50, 140.500000, 140.500000, 140.500000, 140.500000, 14
2020/05/26 10:51, 140.500000, 140.500000, 140.500000, 140.500000, 14
2020/05/26 10:52, 140.000000, 140.000000, 140.000000, 140.000000, 31
2020/05/26 10:53, 140.000000, 140.000000, 140.000000, 140.000000, 6
2020/05/26 10:54, 140.000000, 140.000000, 140.000000, 140.000000, 12
2020/05/26 10:55, 140.000000, 140.000000, 140.000000, 140.000000, 0
2020/05/26 10:56, 140.000000, 140.000000, 140.000000, 140.000000, 0
2020/05/26 10:57, 140.000000, 140.000000, 140.000000, 140.000000, 0
2020/05/26 10:58, 140.000000, 140.000000, 140.000000, 140.000000, 1
2020/05/26 10:59, 140.000000, 140.000000, 140.000000, 140.000000, 0
2020/05/26 11:00, 140.000000, 140.000000, 140.000000, 140.000000, 1
2020/05/26 11:01, 140.000000, 140.000000, 139.500000, 140.000000, 5
2020/05/26 11:02, 140.000000, 140.000000, 140.000000, 140.000000, 17
2020/05/26 11:03, 140.000000, 140.000000, 140.000000, 140.000000, 1
2020/05/26 11:04, 140.500000, 140.500000, 140.500000, 140.500000, 1
2020/05/26 11:05, 140.500000, 140.500000, 140.500000, 140.500000, 1
2020/05/26 11:06, 140.500000, 140.500000, 140.000000, 140.500000, 5
2020/05/26 11:07, 140.500000, 140.500000, 140.500000, 140.500000, 2
2020/05/26 11:08, 140.500000, 140.500000, 140.500000, 140.500000, 2
2020/05/26 11:09, 140.500000, 140.500000, 140.500000, 140.500000, 8
2020/05/26 11:10, 140.500000, 140.500000, 140.500000, 140.500000, 2
2020/05/26 11:11, 140.500000, 140.500000, 140.500000, 140.500000, 2
2020/05/26 11:12, 140.500000, 140.500000, 140.500000, 140.500000, 18
2020/05/26 11:13, 141.000000, 141.000000, 141.000000, 141.000000, 5
2020/05/26 11:14, 141.000000, 141.000000, 141.000000, 141.000000, 0
2020/05/26 11:15, 141.000000, 141.000000, 141.000000, 141.000000, 4
2020/05/26 11:16, 141.000000, 141.000000, 141.000000, 141.000000, 0
2020/05/26 11:17, 141.000000, 141.000000, 141.000000, 141.000000, 1
2020/05/26 11:18, 141.000000, 141.000000, 141.000000, 141.000000, 1
2020/05/26 11:19, 140.500000, 140.500000, 140.500000, 140.500000, 28
2020/05/26 11:20, 140.500000, 141.000000, 140.000000, 140.000000, 40
2020/05/26 11:21, 140.500000, 140.500000, 140.500000, 140.500000, 7
2020/05/26 11:22, 140.500000, 140.500000, 140.500000, 140.500000, 3
2020/05/26 11:23, 140.500000, 140.500000, 140.500000, 140.500000, 5
2020/05/26 11:24, 140.500000, 140.500000, 140.500000, 140.500000, 3
2020/05/26 11:25, 140.500000, 140.500000, 140.500000, 140.500000, 1
2020/05/26 11:26, 140.500000, 140.500000, 140.500000, 140.500000, 1
2020/05/26 11:27, 140.500000, 140.500000, 140.500000, 140.500000, 0
2020/05/26 11:28, 140.500000, 140.500000, 140.500000, 140.500000, 0
2020/05/26 11:29, 140.500000, 140.500000, 140.000000, 140.000000, 4
2020/05/26 11:30, 140.000000, 140.000000, 140.000000, 140.000000, 2
2020/05/26 11:31, 140.000000, 140.000000, 140.000000, 140.000000, 0
2020/05/26 11:32, 140.000000, 140.000000, 140.000000, 140.000000, 1
2020/05/26 11:33, 140.000000, 140.000000, 140.000000, 140.000000, 0
2020/05/26 11:34, 140.000000, 140.500000, 140.000000, 140.500000, 3
2020/05/26 11:35, 140.500000, 140.500000, 140.000000, 140.000000, 12
2020/05/26 11:36, 140.000000, 140.000000, 140.000000, 140.000000, 1
2020/05/26 11:37, 140.000000, 140.000000, 140.000000, 140.000000, 3
2020/05/26 11:38, 140.000000, 140.000000, 140.000000, 140.000000, 0
2020/05/26 11:39, 140.000000, 140.000000, 140.000000, 140.000000, 0
2020/05/26 11:40, 140.000000, 140.000000, 140.000000, 140.000000, 0
2020/05/26 11:41, 140.000000, 140.000000, 140.000000, 140.000000, 2
2020/05/26 11:42, 140.500000, 140.500000, 140.500000, 140.500000, 10
2020/05/26 11:43, 140.500000, 140.500000, 140.500000, 140.500000, 0
2020/05/26 11:44, 140.500000, 140.500000, 140.500000, 140.500000, 0
2020/05/26 11:45, 140.500000, 140.500000, 140.500000, 140.500000, 5
2020/05/26 11:46, 140.500000, 140.500000, 140.000000, 140.500000, 8
2020/05/26 11:47, 140.500000, 140.500000, 140.500000, 140.500000, 0
2020/05/26 11:48, 140.000000, 140.500000, 140.000000, 140.500000, 10
2020/05/26 11:49, 140.500000, 140.500000, 140.500000, 140.500000, 1
2020/05/26 11:50, 140.500000, 140.500000, 140.500000, 140.500000, 0
2020/05/26 11:51, 140.500000, 140.500000, 140.500000, 140.500000, 0
2020/05/26 11:52, 140.500000, 140.500000, 140.500000, 140.500000, 1
2020/05/26 11:53, 140.500000, 140.500000, 140.500000, 140.500000, 1
2020/05/26 11:54, 140.500000, 140.500000, 140.500000, 140.500000, 0
2020/05/26 11:55, 140.500000, 140.500000, 140.500000, 140.500000, 2
2020/05/26 11:56, 140.500000, 140.500000, 140.500000, 140.500000, 14
2020/05/26 11:57, 140.500000, 140.500000, 140.500000, 140.500000, 1
2020/05/26 11:58, 140.500000, 140.500000, 140.500000, 140.500000, 2
2020/05/26 11:59, 140.500000, 140.500000, 140.500000, 140.500000, 2
2020/05/26 12:00, 140.500000, 140.500000, 140.500000, 140.500000, 2
2020/05/26 12:01, 140.500000, 140.500000, 140.500000, 140.500000, 1
2020/05/26 12:02, 140.500000, 140.500000, 140.500000, 140.500000, 0
2020/05/26 12:03, 140.500000, 140.500000, 140.500000, 140.500000, 0
2020/05/26 12:04, 140.500000, 140.500000, 140.500000, 140.500000, 8
2020/05/26 12:05, 140.500000, 140.500000, 140.500000, 140.500000, 2
2020/05/26 12:06, 140.500000, 140.500000, 140.500000, 140.500000, 14
2020/05/26 12:07, 140.500000, 140.500000, 140.500000, 140.500000, 0
2020/05/26 12:08, 140.500000, 140.500000, 140.500000, 140.500000, 2
2020/05/26 12:09, 140.500000, 140.500000, 140.500000, 140.500000, 7
2020/05/26 12:10, 140.500000, 140.500000, 140.500000, 140.500000, 0
2020/05/26 12:11, 140.500000, 140.500000, 140.500000, 140.500000, 1
2020/05/26 12:12, 140.500000, 140.500000, 140.500000, 140.500000, 0
2020/05/26 12:13, 140.500000, 140.500000, 140.500000, 140.500000, 0
2020/05/26 12:14, 141.000000, 141.000000, 141.000000, 141.000000, 1
2020/05/26 12:15, 141.000000, 141.000000, 140.500000, 140.500000, 4
2020/05/26 12:16, 140.500000, 140.500000, 140.500000, 140.500000, 3
2020/05/26 12:17, 140.500000, 140.500000, 140.500000, 140.500000, 3
2020/05/26 12:18, 141.000000, 141.000000, 140.500000, 140.500000, 4
2020/05/26 12:19, 140.500000, 140.500000, 140.500000, 140.500000, 5
2020/05/26 12:20, 140.500000, 140.500000, 140.500000, 140.500000, 6
2020/05/26 12:21, 140.500000, 140.500000, 140.500000, 140.500000, 3
2020/05/26 12:22, 140.000000, 140.000000, 140.000000, 140.000000, 2
2020/05/26 12:23, 140.000000, 140.000000, 140.000000, 140.000000, 1
2020/05/26 12:24, 140.000000, 140.500000, 140.000000, 140.000000, 4
2020/05/26 12:25, 140.000000, 140.500000, 140.000000, 140.500000, 8
2020/05/26 12:26, 140.000000, 140.000000, 140.000000, 140.000000, 2
2020/05/26 12:27, 140.000000, 140.000000, 140.000000, 140.000000, 1
2020/05/26 12:28, 140.000000, 140.000000, 140.000000, 140.000000, 10
2020/05/26 12:29, 140.000000, 140.000000, 140.000000, 140.000000, 1
2020/05/26 12:30, 140.000000, 140.000000, 140.000000, 140.000000, 5
2020/05/26 12:31, 140.500000, 140.500000, 140.000000, 140.000000, 4
2020/05/26 12:32, 140.000000, 140.500000, 140.000000, 140.500000, 3
2020/05/26 12:33, 140.500000, 140.500000, 140.500000, 140.500000, 0
2020/05/26 12:34, 140.000000, 140.500000, 140.000000, 140.500000, 23
2020/05/26 12:35, 140.500000, 140.500000, 140.500000, 140.500000, 1
2020/05/26 12:36, 140.500000, 140.500000, 140.500000, 140.500000, 2
2020/05/26 12:37, 140.500000, 140.500000, 140.000000, 140.000000, 7
2020/05/26 12:38, 140.000000, 140.000000, 140.000000, 140.000000, 7
2020/05/26 12:39, 140.000000, 140.000000, 140.000000, 140.000000, 1
2020/05/26 12:40, 140.000000, 140.000000, 140.000000, 140.000000, 3
2020/05/26 12:41, 140.500000, 140.500000, 140.500000, 140.500000, 1
2020/05/26 12:42, 140.000000, 140.500000, 140.000000, 140.000000, 13
2020/05/26 12:43, 140.000000, 140.000000, 140.000000, 140.000000, 1
2020/05/26 12:44, 140.500000, 140.500000, 140.000000, 140.000000, 6
2020/05/26 12:45, 140.000000, 140.500000, 140.000000, 140.000000, 6
2020/05/26 12:46, 140.000000, 140.500000, 140.000000, 140.500000, 21
2020/05/26 12:47, 140.500000, 140.500000, 140.500000, 140.500000, 0
2020/05/26 12:48, 140.500000, 140.500000, 140.500000, 140.500000, 1
2020/05/26 12:49, 140.000000, 140.000000, 140.000000, 140.000000, 1
2020/05/26 12:50, 140.000000, 140.000000, 140.000000, 140.000000, 4
2020/05/26 12:51, 140.500000, 140.500000, 140.000000, 140.000000, 3
2020/05/26 12:52, 140.000000, 140.000000, 140.000000, 140.000000, 2
2020/05/26 12:53, 140.000000, 140.000000, 140.000000, 140.000000, 7
2020/05/26 12:54, 140.000000, 140.000000, 140.000000, 140.000000, 13
2020/05/26 12:55, 140.000000, 140.000000, 139.500000, 139.500000, 51
2020/05/26 12:56, 139.500000, 140.000000, 139.500000, 140.000000, 6
2020/05/26 12:57, 139.500000, 139.500000, 139.500000, 139.500000, 5
2020/05/26 12:58, 139.500000, 139.500000, 139.500000, 139.500000, 3
2020/05/26 12:59, 139.500000, 139.500000, 139.500000, 139.500000, 2
2020/05/26 13:00, 139.500000, 140.000000, 139.500000, 140.000000, 18
2020/05/26 13:01, 140.000000, 140.000000, 139.500000, 139.500000, 7
2020/05/26 13:02, 139.500000, 139.500000, 139.500000, 139.500000, 0
2020/05/26 13:03, 140.000000, 140.000000, 140.000000, 140.000000, 1
2020/05/26 13:04, 140.000000, 140.000000, 139.500000, 139.500000, 9
2020/05/26 13:05, 139.500000, 139.500000, 139.500000, 139.500000, 7
2020/05/26 13:06, 139.500000, 139.500000, 139.500000, 139.500000, 73
2020/05/26 13:07, 139.500000, 139.500000, 139.000000, 139.500000, 13
2020/05/26 13:08, 139.500000, 139.500000, 139.500000, 139.500000, 2
2020/05/26 13:09, 139.500000, 139.500000, 139.500000, 139.500000, 13
2020/05/26 13:10, 139.500000, 140.000000, 139.500000, 139.500000, 27
2020/05/26 13:11, 139.500000, 139.500000, 139.500000, 139.500000, 19
2020/05/26 13:12, 139.500000, 139.500000, 139.500000, 139.500000, 3
2020/05/26 13:13, 139.500000, 139.500000, 139.000000, 139.000000, 12
2020/05/26 13:14, 139.000000, 139.500000, 139.000000, 139.500000, 2
2020/05/26 13:15, 139.500000, 139.500000, 139.500000, 139.500000, 14
2020/05/26 13:16, 139.000000, 139.500000, 139.000000, 139.500000, 18
2020/05/26 13:17, 139.500000, 140.000000, 139.000000, 140.000000, 45
2020/05/26 13:18, 140.000000, 140.000000, 140.000000, 140.000000, 6
2020/05/26 13:19, 140.000000, 140.000000, 139.500000, 139.500000, 33
2020/05/26 13:20, 139.500000, 140.000000, 139.500000, 139.500000, 30
2020/05/26 13:21, 139.500000, 139.500000, 139.500000, 139.500000, 3
2020/05/26 13:22, 139.500000, 139.500000, 139.500000, 139.500000, 42
2020/05/26 13:23, 139.000000, 139.500000, 139.000000, 139.500000, 6
2020/05/26 13:24, 139.500000, 139.500000, 139.000000, 139.000000, 10
2020/05/26 13:25, 139.500000, 139.500000, 139.000000, 139.500000, 17
2020/05/26 13:26, 139.500000, 139.500000, 139.500000, 139.500000, 0
2020/05/26 13:27, 139.500000, 139.500000, 139.500000, 139.500000, 0
2020/05/26 13:28, 139.500000, 139.500000, 139.500000, 139.500000, 0
2020/05/26 13:29, 139.500000, 139.500000, 139.500000, 139.500000, 0
2020/05/26 13:30, 139.500000, 139.500000, 139.500000, 139.500000, 171
2020/05/27 09:01, 139.000000, 139.500000, 139.000000, 139.500000, 63
2020/05/27 09:02, 139.500000, 140.000000, 139.500000, 139.500000, 29
2020/05/27 09:03, 140.000000, 140.500000, 140.000000, 140.000000, 26
2020/05/27 09:04, 140.000000, 140.000000, 140.000000, 140.000000, 13
2020/05/27 09:05, 140.000000, 140.000000, 139.500000, 139.500000, 35
2020/05/27 09:06, 139.500000, 139.500000, 139.000000, 139.000000, 80
2020/05/27 09:07, 139.000000, 139.000000, 138.500000, 138.500000, 22
2020/05/27 09:08, 138.500000, 139.000000, 138.500000, 138.500000, 39
2020/05/27 09:09, 138.500000, 138.500000, 138.000000, 138.000000, 67
2020/05/27 09:10, 138.500000, 138.500000, 137.500000, 137.500000, 49
2020/05/27 09:11, 137.500000, 138.000000, 137.500000, 137.500000, 73
2020/05/27 09:12, 137.500000, 138.000000, 137.500000, 137.500000, 24
2020/05/27 09:13, 137.500000, 138.000000, 137.500000, 137.500000, 34
2020/05/27 09:14, 137.500000, 137.500000, 137.000000, 137.500000, 36
2020/05/27 09:15, 137.500000, 137.500000, 137.000000, 137.500000, 25
2020/05/27 09:16, 137.500000, 137.500000, 137.500000, 137.500000, 14
2020/05/27 09:17, 137.500000, 138.000000, 137.500000, 137.500000, 9
2020/05/27 09:18, 137.500000, 138.000000, 137.500000, 138.000000, 10
2020/05/27 09:19, 138.000000, 138.000000, 137.500000, 138.000000, 31
2020/05/27 09:20, 138.000000, 138.500000, 138.000000, 138.500000, 15
2020/05/27 09:21, 138.500000, 138.500000, 138.000000, 138.000000, 34
2020/05/27 09:22, 138.000000, 138.500000, 138.000000, 138.500000, 27
2020/05/27 09:23, 138.500000, 138.500000, 138.500000, 138.500000, 4
2020/05/27 09:24, 138.500000, 138.500000, 138.000000, 138.000000, 22
2020/05/27 09:25, 138.000000, 138.500000, 138.000000, 138.500000, 2
2020/05/27 09:26, 138.500000, 138.500000, 137.500000, 137.500000, 48
2020/05/27 09:27, 138.000000, 138.000000, 138.000000, 138.000000, 4
2020/05/27 09:28, 137.500000, 138.000000, 137.500000, 137.500000, 3
2020/05/27 09:29, 138.000000, 138.000000, 137.500000, 138.000000, 10
2020/05/27 09:30, 138.000000, 138.000000, 138.000000, 138.000000, 2
2020/05/27 09:31, 138.000000, 138.000000, 138.000000, 138.000000, 13
2020/05/27 09:32, 138.000000, 138.000000, 138.000000, 138.000000, 14
2020/05/27 09:33, 138.000000, 138.000000, 138.000000, 138.000000, 6
2020/05/27 09:34, 138.000000, 138.000000, 138.000000, 138.000000, 3
2020/05/27 09:35, 138.000000, 138.000000, 138.000000, 138.000000, 15
2020/05/27 09:36, 138.000000, 138.000000, 138.000000, 138.000000, 3
2020/05/27 09:37, 138.000000, 138.000000, 138.000000, 138.000000, 1
2020/05/27 09:38, 138.000000, 138.000000, 138.000000, 138.000000, 10
2020/05/27 09:39, 138.000000, 138.000000, 137.500000, 138.000000, 5
2020/05/27 09:40, 137.500000, 138.000000, 137.500000, 138.000000, 42
2020/05/27 09:41, 137.500000, 138.000000, 137.500000, 138.000000, 4
2020/05/27 09:42, 138.000000, 138.000000, 138.000000, 138.000000, 13
2020/05/27 09:43, 138.000000, 138.000000, 137.500000, 137.500000, 25
2020/05/27 09:44, 137.500000, 138.000000, 137.500000, 138.000000, 3
2020/05/27 09:45, 138.000000, 138.000000, 137.500000, 137.500000, 2
2020/05/27 09:46, 137.500000, 137.500000, 137.500000, 137.500000, 7
2020/05/27 09:47, 138.000000, 138.000000, 137.500000, 137.500000, 49
2020/05/27 09:48, 137.500000, 138.000000, 137.000000, 137.000000, 29
2020/05/27 09:49, 137.500000, 138.000000, 137.500000, 137.500000, 26
2020/05/27 09:50, 138.000000, 138.000000, 137.000000, 137.500000, 39
2020/05/27 09:51, 137.000000, 137.500000, 137.000000, 137.000000, 12
2020/05/27 09:52, 137.500000, 137.500000, 137.500000, 137.500000, 3
2020/05/27 09:53, 137.500000, 137.500000, 137.500000, 137.500000, 4
2020/05/27 09:54, 137.500000, 137.500000, 137.000000, 137.500000, 9
2020/05/27 09:55, 137.500000, 137.500000, 137.500000, 137.500000, 6
2020/05/27 09:56, 137.500000, 137.500000, 137.000000, 137.000000, 13
2020/05/27 09:57, 137.500000, 137.500000, 137.000000, 137.500000, 4
2020/05/27 09:58, 137.000000, 137.500000, 137.000000, 137.500000, 2
2020/05/27 09:59, 137.000000, 137.000000, 137.000000, 137.000000, 3
2020/05/27 10:00, 137.000000, 137.000000, 137.000000, 137.000000, 2
2020/05/27 10:01, 137.000000, 137.000000, 136.000000, 136.500000, 287
2020/05/27 10:02, 136.500000, 136.500000, 136.000000, 136.500000, 23
2020/05/27 10:03, 136.500000, 136.500000, 136.000000, 136.500000, 46
2020/05/27 10:04, 136.500000, 136.500000, 136.000000, 136.500000, 19
2020/05/27 10:05, 136.500000, 136.500000, 136.500000, 136.500000, 26
2020/05/27 10:06, 136.500000, 136.500000, 136.500000, 136.500000, 10
2020/05/27 10:07, 136.500000, 136.500000, 136.500000, 136.500000, 5
2020/05/27 10:08, 136.500000, 136.500000, 136.500000, 136.500000, 13
2020/05/27 10:09, 136.500000, 136.500000, 136.000000, 136.000000, 17
2020/05/27 10:10, 136.000000, 136.000000, 135.500000, 136.000000, 157
2020/05/27 10:11, 136.000000, 136.000000, 135.500000, 136.000000, 28
2020/05/27 10:12, 136.000000, 136.000000, 135.500000, 135.500000, 13
2020/05/27 10:13, 136.000000, 136.000000, 135.500000, 136.000000, 23
2020/05/27 10:14, 136.000000, 136.000000, 136.000000, 136.000000, 16
2020/05/27 10:15, 136.000000, 136.000000, 136.000000, 136.000000, 3
2020/05/27 10:16, 136.000000, 136.000000, 136.000000, 136.000000, 11
2020/05/27 10:17, 136.000000, 136.000000, 136.000000, 136.000000, 19
2020/05/27 10:18, 136.000000, 136.000000, 136.000000, 136.000000, 8
2020/05/27 10:19, 136.000000, 136.000000, 135.500000, 135.500000, 2
2020/05/27 10:20, 135.500000, 136.000000, 135.500000, 136.000000, 8
2020/05/27 10:21, 136.000000, 136.000000, 136.000000, 136.000000, 2
2020/05/27 10:22, 136.000000, 136.000000, 135.500000, 135.500000, 10
2020/05/27 10:23, 135.500000, 136.000000, 135.500000, 135.500000, 9
2020/05/27 10:24, 135.500000, 135.500000, 135.500000, 135.500000, 7
2020/05/27 10:25, 135.500000, 136.500000, 135.500000, 136.000000, 28
2020/05/27 10:26, 136.000000, 136.500000, 136.000000, 136.500000, 22
2020/05/27 10:27, 136.500000, 136.500000, 136.500000, 136.500000, 7
2020/05/27 10:28, 136.500000, 136.500000, 136.500000, 136.500000, 1
2020/05/27 10:29, 136.500000, 136.500000, 136.500000, 136.500000, 6
2020/05/27 10:30, 136.500000, 136.500000, 136.500000, 136.500000, 3
2020/05/27 10:31, 137.000000, 137.000000, 137.000000, 137.000000, 40
2020/05/27 10:32, 137.000000, 137.000000, 137.000000, 137.000000, 0
2020/05/27 10:33, 137.000000, 137.000000, 137.000000, 137.000000, 11
2020/05/27 10:34, 137.000000, 137.000000, 137.000000, 137.000000, 7
2020/05/27 10:35, 137.000000, 137.000000, 137.000000, 137.000000, 6
2020/05/27 10:36, 137.000000, 137.000000, 137.000000, 137.000000, 6
2020/05/27 10:37, 136.500000, 137.000000, 136.500000, 136.500000, 6
2020/05/27 10:38, 136.500000, 136.500000, 136.500000, 136.500000, 0
2020/05/27 10:39, 136.500000, 136.500000, 136.500000, 136.500000, 1
2020/05/27 10:40, 136.500000, 136.500000, 136.500000, 136.500000, 0
2020/05/27 10:41, 136.500000, 136.500000, 136.500000, 136.500000, 0
2020/05/27 10:42, 136.500000, 136.500000, 136.500000, 136.500000, 0
2020/05/27 10:43, 136.500000, 136.500000, 136.500000, 136.500000, 0
2020/05/27 10:44, 137.000000, 137.000000, 137.000000, 137.000000, 1
2020/05/27 10:45, 136.500000, 136.500000, 136.500000, 136.500000, 1
2020/05/27 10:46, 136.500000, 136.500000, 136.500000, 136.500000, 0
2020/05/27 10:47, 136.500000, 136.500000, 136.500000, 136.500000, 1
2020/05/27 10:48, 136.500000, 136.500000, 136.500000, 136.500000, 0
2020/05/27 10:49, 137.000000, 137.000000, 136.500000, 137.000000, 8
2020/05/27 10:50, 137.000000, 137.000000, 136.500000, 137.000000, 38
2020/05/27 10:51, 137.000000, 137.000000, 136.500000, 136.500000, 9
2020/05/27 10:52, 137.000000, 137.000000, 137.000000, 137.000000, 4
2020/05/27 10:53, 137.000000, 137.000000, 137.000000, 137.000000, 1
2020/05/27 10:54, 137.000000, 137.000000, 137.000000, 137.000000, 1
2020/05/27 10:55, 136.500000, 136.500000, 136.500000, 136.500000, 1
2020/05/27 10:56, 136.500000, 136.500000, 136.500000, 136.500000, 0
2020/05/27 10:57, 137.000000, 137.000000, 137.000000, 137.000000, 10
2020/05/27 10:58, 137.000000, 137.000000, 137.000000, 137.000000, 0
2020/05/27 10:59, 137.000000, 137.000000, 137.000000, 137.000000, 1
2020/05/27 11:00, 137.000000, 137.000000, 137.000000, 137.000000, 1
2020/05/27 11:01, 137.000000, 137.000000, 137.000000, 137.000000, 2
2020/05/27 11:02, 137.000000, 137.000000, 137.000000, 137.000000, 2
2020/05/27 11:03, 137.000000, 137.000000, 137.000000, 137.000000, 6
2020/05/27 11:04, 137.000000, 137.000000, 137.000000, 137.000000, 0
2020/05/27 11:05, 136.500000, 137.000000, 136.500000, 137.000000, 3
2020/05/27 11:06, 137.000000, 137.500000, 137.000000, 137.500000, 32
2020/05/27 11:07, 137.500000, 137.500000, 137.500000, 137.500000, 3
2020/05/27 11:08, 137.500000, 137.500000, 137.500000, 137.500000, 4
2020/05/27 11:09, 137.500000, 137.500000, 137.500000, 137.500000, 2
2020/05/27 11:10, 137.500000, 137.500000, 137.500000, 137.500000, 1
2020/05/27 11:11, 137.500000, 137.500000, 137.500000, 137.500000, 0
2020/05/27 11:12, 137.000000, 137.000000, 137.000000, 137.000000, 24
2020/05/27 11:13, 137.000000, 137.000000, 137.000000, 137.000000, 4
2020/05/27 11:14, 137.000000, 137.000000, 137.000000, 137.000000, 2
2020/05/27 11:15, 137.000000, 137.000000, 137.000000, 137.000000, 7
2020/05/27 11:16, 137.500000, 137.500000, 137.000000, 137.000000, 3
2020/05/27 11:17, 137.000000, 137.000000, 137.000000, 137.000000, 1
2020/05/27 11:18, 136.500000, 136.500000, 136.500000, 136.500000, 1
2020/05/27 11:19, 136.500000, 136.500000, 136.500000, 136.500000, 0
2020/05/27 11:20, 136.500000, 136.500000, 136.500000, 136.500000, 1
2020/05/27 11:21, 136.500000, 136.500000, 136.500000, 136.500000, 1
2020/05/27 11:22, 137.000000, 137.000000, 137.000000, 137.000000, 8
2020/05/27 11:23, 137.000000, 137.000000, 137.000000, 137.000000, 10
2020/05/27 11:24, 137.000000, 137.000000, 137.000000, 137.000000, 1
2020/05/27 11:25, 137.000000, 137.000000, 137.000000, 137.000000, 0
2020/05/27 11:26, 137.000000, 137.000000, 137.000000, 137.000000, 0
2020/05/27 11:27, 137.000000, 137.000000, 137.000000, 137.000000, 1
2020/05/27 11:28, 137.000000, 137.000000, 137.000000, 137.000000, 0
2020/05/27 11:29, 137.000000, 137.000000, 137.000000, 137.000000, 0
2020/05/27 11:30, 137.000000, 137.000000, 137.000000, 137.000000, 2
2020/05/27 11:31, 137.000000, 137.000000, 137.000000, 137.000000, 22
2020/05/27 11:32, 137.000000, 137.500000, 137.000000, 137.500000, 4
2020/05/27 11:33, 137.500000, 137.500000, 137.500000, 137.500000, 0
2020/05/27 11:34, 137.000000, 137.000000, 137.000000, 137.000000, 9
2020/05/27 11:35, 137.000000, 137.000000, 137.000000, 137.000000, 0
2020/05/27 11:36, 137.000000, 137.000000, 137.000000, 137.000000, 0
2020/05/27 11:37, 137.000000, 137.500000, 137.000000, 137.500000, 3
2020/05/27 11:38, 137.000000, 137.500000, 137.000000, 137.500000, 13
2020/05/27 11:39, 137.500000, 137.500000, 137.500000, 137.500000, 0
2020/05/27 11:40, 137.500000, 137.500000, 137.500000, 137.500000, 1
2020/05/27 11:41, 137.500000, 137.500000, 137.500000, 137.500000, 1
2020/05/27 11:42, 137.000000, 137.000000, 137.000000, 137.000000, 3
2020/05/27 11:43, 137.000000, 137.000000, 137.000000, 137.000000, 0
2020/05/27 11:44, 137.000000, 137.000000, 137.000000, 137.000000, 0
2020/05/27 11:45, 137.000000, 137.000000, 137.000000, 137.000000, 4
2020/05/27 11:46, 137.000000, 137.000000, 137.000000, 137.000000, 0
2020/05/27 11:47, 137.000000, 137.000000, 137.000000, 137.000000, 0
2020/05/27 11:48, 137.000000, 137.000000, 137.000000, 137.000000, 0
2020/05/27 11:49, 137.000000, 137.000000, 137.000000, 137.000000, 1
2020/05/27 11:50, 137.000000, 137.000000, 137.000000, 137.000000, 1
2020/05/27 11:51, 137.500000, 137.500000, 137.000000, 137.000000, 3
2020/05/27 11:52, 137.000000, 137.000000, 137.000000, 137.000000, 0
2020/05/27 11:53, 137.000000, 137.000000, 137.000000, 137.000000, 0
2020/05/27 11:54, 137.000000, 137.000000, 137.000000, 137.000000, 1
2020/05/27 11:55, 137.000000, 137.000000, 137.000000, 137.000000, 1
2020/05/27 11:56, 137.000000, 137.000000, 136.500000, 137.000000, 49
2020/05/27 11:57, 137.000000, 137.000000, 137.000000, 137.000000, 4
2020/05/27 11:58, 137.000000, 137.000000, 137.000000, 137.000000, 3
2020/05/27 11:59, 137.000000, 137.000000, 137.000000, 137.000000, 1
2020/05/27 12:00, 137.000000, 137.000000, 137.000000, 137.000000, 2
2020/05/27 12:01, 137.000000, 137.000000, 137.000000, 137.000000, 0
2020/05/27 12:02, 137.000000, 137.000000, 137.000000, 137.000000, 1
2020/05/27 12:03, 136.500000, 137.000000, 136.500000, 137.000000, 2
2020/05/27 12:04, 137.000000, 137.000000, 137.000000, 137.000000, 1
2020/05/27 12:05, 137.000000, 137.000000, 137.000000, 137.000000, 0
2020/05/27 12:06, 137.000000, 137.000000, 137.000000, 137.000000, 0
2020/05/27 12:07, 137.000000, 137.000000, 137.000000, 137.000000, 0
2020/05/27 12:08, 137.000000, 137.000000, 137.000000, 137.000000, 3
2020/05/27 12:09, 137.000000, 137.000000, 137.000000, 137.000000, 4
2020/05/27 12:10, 137.000000, 137.000000, 136.500000, 136.500000, 2
2020/05/27 12:11, 136.500000, 136.500000, 136.500000, 136.500000, 1
2020/05/27 12:12, 136.500000, 136.500000, 136.500000, 136.500000, 4
2020/05/27 12:13, 136.500000, 136.500000, 136.500000, 136.500000, 0
2020/05/27 12:14, 136.500000, 136.500000, 136.500000, 136.500000, 0
2020/05/27 12:15, 136.500000, 136.500000, 136.500000, 136.500000, 0
2020/05/27 12:16, 136.500000, 136.500000, 136.500000, 136.500000, 7
2020/05/27 12:17, 136.500000, 136.500000, 136.500000, 136.500000, 0
2020/05/27 12:18, 136.500000, 137.000000, 136.500000, 137.000000, 11
2020/05/27 12:19, 136.500000, 136.500000, 136.500000, 136.500000, 1
2020/05/27 12:20, 136.500000, 136.500000, 136.500000, 136.500000, 0
2020/05/27 12:21, 136.500000, 137.000000, 136.500000, 137.000000, 2
2020/05/27 12:22, 137.000000, 137.000000, 137.000000, 137.000000, 3
2020/05/27 12:23, 137.000000, 137.000000, 137.000000, 137.000000, 0
2020/05/27 12:24, 137.000000, 137.000000, 137.000000, 137.000000, 9
2020/05/27 12:25, 137.000000, 137.000000, 137.000000, 137.000000, 11
2020/05/27 12:26, 137.000000, 137.000000, 137.000000, 137.000000, 8
2020/05/27 12:27, 137.000000, 137.000000, 137.000000, 137.000000, 0
2020/05/27 12:28, 137.000000, 137.000000, 137.000000, 137.000000, 4
2020/05/27 12:29, 137.000000, 137.000000, 137.000000, 137.000000, 2
2020/05/27 12:30, 137.000000, 137.000000, 137.000000, 137.000000, 2
2020/05/27 12:31, 137.000000, 137.000000, 137.000000, 137.000000, 5
2020/05/27 12:32, 137.000000, 137.000000, 137.000000, 137.000000, 0
2020/05/27 12:33, 137.000000, 137.000000, 137.000000, 137.000000, 2
2020/05/27 12:34, 137.000000, 137.000000, 137.000000, 137.000000, 0
2020/05/27 12:35, 137.000000, 137.000000, 136.500000, 137.000000, 3
2020/05/27 12:36, 137.000000, 137.000000, 137.000000, 137.000000, 0
2020/05/27 12:37, 136.500000, 136.500000, 136.500000, 136.500000, 1
2020/05/27 12:38, 136.500000, 136.500000, 136.500000, 136.500000, 1
2020/05/27 12:39, 136.500000, 136.500000, 136.500000, 136.500000, 3
2020/05/27 12:40, 137.000000, 137.000000, 137.000000, 137.000000, 2
2020/05/27 12:41, 137.000000, 137.000000, 137.000000, 137.000000, 3
2020/05/27 12:42, 136.500000, 136.500000, 136.500000, 136.500000, 1
2020/05/27 12:43, 137.000000, 137.000000, 137.000000, 137.000000, 2
2020/05/27 12:44, 136.500000, 136.500000, 136.500000, 136.500000, 3
2020/05/27 12:45, 136.500000, 136.500000, 136.500000, 136.500000, 0
2020/05/27 12:46, 137.000000, 137.000000, 137.000000, 137.000000, 4
2020/05/27 12:47, 137.000000, 137.000000, 137.000000, 137.000000, 0
2020/05/27 12:48, 137.000000, 137.000000, 137.000000, 137.000000, 1
2020/05/27 12:49, 137.000000, 137.000000, 137.000000, 137.000000, 39
2020/05/27 12:50, 137.500000, 137.500000, 137.500000, 137.500000, 1
2020/05/27 12:51, 137.000000, 137.000000, 137.000000, 137.000000, 5
2020/05/27 12:52, 137.000000, 137.000000, 137.000000, 137.000000, 11
2020/05/27 12:53, 137.000000, 137.000000, 137.000000, 137.000000, 4
2020/05/27 12:54, 137.000000, 137.000000, 137.000000, 137.000000, 7
2020/05/27 12:55, 137.000000, 137.000000, 136.500000, 136.500000, 4
2020/05/27 12:56, 137.000000, 137.000000, 136.500000, 137.000000, 7
2020/05/27 12:57, 137.000000, 137.000000, 136.500000, 136.500000, 3
2020/05/27 12:58, 137.000000, 137.000000, 136.500000, 136.500000, 3
2020/05/27 12:59, 136.500000, 136.500000, 136.500000, 136.500000, 8
2020/05/27 13:00, 136.500000, 136.500000, 136.500000, 136.500000, 0
2020/05/27 13:01, 136.500000, 137.000000, 136.500000, 137.000000, 4
2020/05/27 13:02, 137.000000, 137.000000, 136.500000, 137.000000, 8
2020/05/27 13:03, 137.000000, 137.000000, 137.000000, 137.000000, 3
2020/05/27 13:04, 137.000000, 137.000000, 137.000000, 137.000000, 3
2020/05/27 13:05, 137.000000, 137.000000, 137.000000, 137.000000, 5
2020/05/27 13:06, 137.000000, 137.000000, 137.000000, 137.000000, 0
2020/05/27 13:07, 137.000000, 137.000000, 137.000000, 137.000000, 5
2020/05/27 13:08, 137.000000, 137.000000, 137.000000, 137.000000, 1
2020/05/27 13:09, 137.000000, 137.000000, 137.000000, 137.000000, 5
2020/05/27 13:10, 136.500000, 137.000000, 136.500000, 136.500000, 49
2020/05/27 13:11, 136.500000, 136.500000, 136.500000, 136.500000, 5
2020/05/27 13:12, 136.500000, 136.500000, 136.500000, 136.500000, 2
2020/05/27 13:13, 136.500000, 137.000000, 136.500000, 137.000000, 7
2020/05/27 13:14, 136.500000, 136.500000, 136.500000, 136.500000, 1
2020/05/27 13:15, 137.000000, 137.000000, 136.500000, 137.000000, 5
2020/05/27 13:16, 136.500000, 137.000000, 136.500000, 137.000000, 6
2020/05/27 13:17, 136.500000, 137.000000, 136.500000, 137.000000, 3
2020/05/27 13:18, 137.000000, 137.000000, 136.500000, 137.000000, 3
2020/05/27 13:19, 137.000000, 137.000000, 136.500000, 137.000000, 7
2020/05/27 13:20, 136.500000, 137.000000, 136.500000, 137.000000, 5
2020/05/27 13:21, 136.500000, 137.000000, 136.500000, 137.000000, 5
2020/05/27 13:22, 136.500000, 137.000000, 136.500000, 137.000000, 25
2020/05/27 13:23, 137.000000, 137.000000, 136.500000, 137.000000, 12
2020/05/27 13:24, 137.000000, 137.000000, 136.500000, 137.000000, 9
2020/05/27 13:25, 137.000000, 137.000000, 136.500000, 137.000000, 16
2020/05/27 13:26, 137.000000, 137.000000, 137.000000, 137.000000, 0
2020/05/27 13:27, 137.000000, 137.000000, 137.000000, 137.000000, 0
2020/05/27 13:28, 137.000000, 137.000000, 137.000000, 137.000000, 0
2020/05/27 13:29, 137.000000, 137.000000, 137.000000, 137.000000, 0
2020/05/27 13:30, 136.500000, 136.500000, 136.500000, 136.500000, 144
2020/05/28 09:01, 137.000000, 137.000000, 136.500000, 137.000000, 44
2020/05/28 09:02, 137.500000, 137.500000, 137.000000, 137.000000, 36
2020/05/28 09:03, 137.000000, 137.000000, 136.000000, 136.000000, 34
2020/05/28 09:04, 136.000000, 136.000000, 136.000000, 136.000000, 41
2020/05/28 09:05, 136.000000, 136.000000, 135.500000, 135.500000, 36
2020/05/28 09:06, 136.000000, 136.000000, 136.000000, 136.000000, 26
2020/05/28 09:07, 136.000000, 136.000000, 135.500000, 135.500000, 44
2020/05/28 09:08, 135.500000, 136.000000, 135.500000, 136.000000, 11
2020/05/28 09:09, 136.000000, 136.000000, 135.500000, 135.500000, 7
2020/05/28 09:10, 135.500000, 136.500000, 135.500000, 136.500000, 42
2020/05/28 09:11, 136.500000, 136.500000, 136.500000, 136.500000, 4
2020/05/28 09:12, 136.500000, 137.000000, 136.000000, 136.000000, 10
2020/05/28 09:13, 136.000000, 136.000000, 136.000000, 136.000000, 0
2020/05/28 09:14, 136.000000, 136.500000, 136.000000, 136.500000, 6
2020/05/28 09:15, 136.500000, 136.500000, 136.000000, 136.000000, 3
2020/05/28 09:16, 136.000000, 136.000000, 136.000000, 136.000000, 1
2020/05/28 09:17, 136.500000, 136.500000, 136.500000, 136.500000, 3
2020/05/28 09:18, 136.500000, 136.500000, 136.000000, 136.000000, 22
2020/05/28 09:19, 136.000000, 136.000000, 135.500000, 136.000000, 17
2020/05/28 09:20, 136.000000, 136.000000, 136.000000, 136.000000, 19
2020/05/28 09:21, 136.000000, 136.000000, 136.000000, 136.000000, 2
2020/05/28 09:22, 136.000000, 136.500000, 136.000000, 136.500000, 4
2020/05/28 09:23, 136.000000, 136.000000, 136.000000, 136.000000, 1
2020/05/28 09:24, 136.000000, 136.000000, 136.000000, 136.000000, 1
2020/05/28 09:25, 136.000000, 136.000000, 136.000000, 136.000000, 2
2020/05/28 09:26, 136.000000, 136.000000, 136.000000, 136.000000, 1
2020/05/28 09:27, 136.000000, 136.000000, 136.000000, 136.000000, 4
2020/05/28 09:28, 136.500000, 136.500000, 136.500000, 136.500000, 6
2020/05/28 09:29, 136.500000, 136.500000, 136.500000, 136.500000, 5
2020/05/28 09:30, 136.500000, 136.500000, 136.500000, 136.500000, 15
2020/05/28 09:31, 137.000000, 137.500000, 137.000000, 137.500000, 25
2020/05/28 09:32, 137.500000, 137.500000, 137.000000, 137.500000, 15
2020/05/28 09:33, 137.500000, 137.500000, 137.500000, 137.500000, 27
2020/05/28 09:34, 137.500000, 138.000000, 137.500000, 138.000000, 13
2020/05/28 09:35, 138.000000, 138.000000, 137.500000, 137.500000, 5
2020/05/28 09:36, 137.500000, 138.000000, 137.500000, 137.500000, 13
2020/05/28 09:37, 137.500000, 138.000000, 137.500000, 138.000000, 12
2020/05/28 09:38, 137.500000, 137.500000, 137.000000, 137.000000, 18
2020/05/28 09:39, 137.500000, 137.500000, 137.500000, 137.500000, 4
2020/05/28 09:40, 137.500000, 137.500000, 137.500000, 137.500000, 2
2020/05/28 09:41, 137.500000, 137.500000, 137.500000, 137.500000, 4
2020/05/28 09:42, 137.500000, 137.500000, 137.500000, 137.500000, 3
2020/05/28 09:43, 137.500000, 138.000000, 137.500000, 137.500000, 5
2020/05/28 09:44, 137.500000, 138.000000, 137.500000, 138.000000, 2
2020/05/28 09:45, 138.000000, 138.000000, 138.000000, 138.000000, 0
2020/05/28 09:46, 137.500000, 137.500000, 137.500000, 137.500000, 1
2020/05/28 09:47, 138.000000, 138.000000, 138.000000, 138.000000, 1
2020/05/28 09:48, 138.000000, 138.000000, 138.000000, 138.000000, 0
2020/05/28 09:49, 138.000000, 138.000000, 138.000000, 138.000000, 44
2020/05/28 09:50, 138.000000, 138.500000, 138.000000, 138.000000, 35
2020/05/28 09:51, 138.000000, 138.000000, 138.000000, 138.000000, 12
2020/05/28 09:52, 138.000000, 138.000000, 138.000000, 138.000000, 8
2020/05/28 09:53, 137.500000, 137.500000, 137.500000, 137.500000, 1
2020/05/28 09:54, 137.500000, 138.000000, 137.500000, 138.000000, 17
2020/05/28 09:55, 138.000000, 138.000000, 138.000000, 138.000000, 0
2020/05/28 09:56, 138.000000, 138.000000, 138.000000, 138.000000, 5
2020/05/28 09:57, 138.000000, 138.000000, 138.000000, 138.000000, 6
2020/05/28 09:58, 137.500000, 137.500000, 137.500000, 137.500000, 1
2020/05/28 09:59, 137.500000, 137.500000, 137.500000, 137.500000, 1
2020/05/28 10:00, 137.500000, 137.500000, 137.500000, 137.500000, 1
2020/05/28 10:01, 138.000000, 138.000000, 138.000000, 138.000000, 1
2020/05/28 10:02, 137.500000, 138.000000, 137.500000, 138.000000, 3
2020/05/28 10:03, 138.000000, 138.000000, 138.000000, 138.000000, 3
2020/05/28 10:04, 138.000000, 138.000000, 138.000000, 138.000000, 2
2020/05/28 10:05, 138.000000, 138.000000, 137.500000, 137.500000, 10
2020/05/28 10:06, 137.500000, 137.500000, 137.500000, 137.500000, 0
2020/05/28 10:07, 138.000000, 138.000000, 137.500000, 138.000000, 16
2020/05/28 10:08, 138.000000, 138.000000, 137.500000, 137.500000, 8
2020/05/28 10:09, 137.500000, 137.500000, 137.500000, 137.500000, 0
2020/05/28 10:10, 138.000000, 138.000000, 138.000000, 138.000000, 10
2020/05/28 10:11, 138.000000, 138.000000, 138.000000, 138.000000, 13
2020/05/28 10:12, 138.000000, 138.000000, 138.000000, 138.000000, 0
2020/05/28 10:13, 138.000000, 138.000000, 138.000000, 138.000000, 0
2020/05/28 10:14, 138.000000, 138.000000, 138.000000, 138.000000, 2
2020/05/28 10:15, 138.000000, 138.000000, 138.000000, 138.000000, 10
2020/05/28 10:16, 138.000000, 138.000000, 138.000000, 138.000000, 9
2020/05/28 10:17, 138.000000, 138.000000, 138.000000, 138.000000, 0
2020/05/28 10:18, 138.000000, 138.000000, 138.000000, 138.000000, 1
2020/05/28 10:19, 138.500000, 138.500000, 138.000000, 138.500000, 8
2020/05/28 10:20, 138.000000, 138.500000, 138.000000, 138.500000, 8
2020/05/28 10:21, 138.000000, 138.000000, 138.000000, 138.000000, 2
2020/05/28 10:22, 138.000000, 138.000000, 138.000000, 138.000000, 0
2020/05/28 10:23, 138.000000, 138.000000, 138.000000, 138.000000, 0
2020/05/28 10:24, 138.000000, 138.000000, 138.000000, 138.000000, 6
2020/05/28 10:25, 138.000000, 138.000000, 138.000000, 138.000000, 3
2020/05/28 10:26, 138.000000, 138.000000, 138.000000, 138.000000, 36
2020/05/28 10:27, 137.500000, 137.500000, 137.500000, 137.500000, 2
2020/05/28 10:28, 137.500000, 137.500000, 137.500000, 137.500000, 1
2020/05/28 10:29, 137.500000, 137.500000, 137.500000, 137.500000, 4
2020/05/28 10:30, 137.500000, 137.500000, 137.500000, 137.500000, 46
2020/05/28 10:31, 137.500000, 137.500000, 137.500000, 137.500000, 6
2020/05/28 10:32, 137.500000, 137.500000, 137.500000, 137.500000, 3
2020/05/28 10:33, 137.500000, 137.500000, 137.000000, 137.000000, 11
2020/05/28 10:34, 137.000000, 137.000000, 137.000000, 137.000000, 5
2020/05/28 10:35, 137.000000, 137.000000, 137.000000, 137.000000, 6
2020/05/28 10:36, 137.000000, 137.000000, 136.500000, 136.500000, 32
2020/05/28 10:37, 136.500000, 136.500000, 136.500000, 136.500000, 6
2020/05/28 10:38, 136.500000, 136.500000, 136.500000, 136.500000, 6
2020/05/28 10:39, 137.000000, 137.000000, 137.000000, 137.000000, 9
2020/05/28 10:40, 137.000000, 137.000000, 137.000000, 137.000000, 1
2020/05/28 10:41, 137.500000, 137.500000, 137.500000, 137.500000, 1
2020/05/28 10:42, 137.500000, 137.500000, 137.500000, 137.500000, 1
2020/05/28 10:43, 137.000000, 137.000000, 137.000000, 137.000000, 2
2020/05/28 10:44, 137.000000, 137.000000, 137.000000, 137.000000, 0
2020/05/28 10:45, 137.000000, 137.000000, 137.000000, 137.000000, 1
2020/05/28 10:46, 137.500000, 137.500000, 137.500000, 137.500000, 1
2020/05/28 10:47, 137.000000, 137.000000, 137.000000, 137.000000, 18
2020/05/28 10:48, 137.000000, 137.000000, 136.500000, 136.500000, 2
2020/05/28 10:49, 136.500000, 136.500000, 136.500000, 136.500000, 0
2020/05/28 10:50, 136.500000, 136.500000, 136.500000, 136.500000, 2
2020/05/28 10:51, 136.500000, 136.500000, 136.500000, 136.500000, 1
2020/05/28 10:52, 136.500000, 136.500000, 136.500000, 136.500000, 0
2020/05/28 10:53, 136.500000, 136.500000, 136.500000, 136.500000, 0
2020/05/28 10:54, 136.500000, 136.500000, 136.500000, 136.500000, 5
2020/05/28 10:55, 136.500000, 136.500000, 136.500000, 136.500000, 0
2020/05/28 10:56, 136.500000, 137.000000, 136.500000, 137.000000, 4
2020/05/28 10:57, 137.000000, 137.000000, 137.000000, 137.000000, 0
2020/05/28 10:58, 137.000000, 137.000000, 137.000000, 137.000000, 1
2020/05/28 10:59, 137.000000, 137.000000, 136.500000, 136.500000, 9
2020/05/28 11:00, 136.500000, 136.500000, 136.500000, 136.500000, 2
2020/05/28 11:01, 136.500000, 136.500000, 136.500000, 136.500000, 1
2020/05/28 11:02, 137.000000, 137.000000, 137.000000, 137.000000, 6
2020/05/28 11:03, 137.000000, 137.000000, 137.000000, 137.000000, 24
2020/05/28 11:04, 137.000000, 137.000000, 137.000000, 137.000000, 3
2020/05/28 11:05, 137.000000, 137.000000, 137.000000, 137.000000, 18
2020/05/28 11:06, 137.000000, 137.000000, 136.500000, 136.500000, 2
2020/05/28 11:07, 136.500000, 136.500000, 136.500000, 136.500000, 0
2020/05/28 11:08, 136.500000, 136.500000, 136.500000, 136.500000, 1
2020/05/28 11:09, 136.500000, 136.500000, 136.500000, 136.500000, 0
2020/05/28 11:10, 136.500000, 136.500000, 136.500000, 136.500000, 1
2020/05/28 11:11, 136.500000, 136.500000, 136.500000, 136.500000, 3
2020/05/28 11:12, 136.500000, 136.500000, 136.500000, 136.500000, 0
2020/05/28 11:13, 136.500000, 136.500000, 136.500000, 136.500000, 0
2020/05/28 11:14, 136.500000, 136.500000, 136.500000, 136.500000, 0
2020/05/28 11:15, 136.500000, 136.500000, 136.500000, 136.500000, 3
2020/05/28 11:16, 136.500000, 136.500000, 136.500000, 136.500000, 0
2020/05/28 11:17, 136.500000, 137.000000, 136.500000, 137.000000, 2
2020/05/28 11:18, 137.000000, 137.000000, 137.000000, 137.000000, 4
2020/05/28 11:19, 137.000000, 137.000000, 137.000000, 137.000000, 1
2020/05/28 11:20, 137.000000, 137.000000, 137.000000, 137.000000, 1
2020/05/28 11:21, 137.000000, 137.000000, 137.000000, 137.000000, 1
2020/05/28 11:22, 137.000000, 137.000000, 137.000000, 137.000000, 0
2020/05/28 11:23, 137.000000, 137.000000, 137.000000, 137.000000, 1
2020/05/28 11:24, 137.000000, 137.000000, 137.000000, 137.000000, 1
2020/05/28 11:25, 137.000000, 137.000000, 137.000000, 137.000000, 0
2020/05/28 11:26, 136.500000, 136.500000, 136.500000, 136.500000, 1
2020/05/28 11:27, 136.500000, 136.500000, 136.500000, 136.500000, 1
2020/05/28 11:28, 136.500000, 136.500000, 136.500000, 136.500000, 0
2020/05/28 11:29, 137.000000, 137.000000, 137.000000, 137.000000, 1
2020/05/28 11:30, 137.000000, 137.000000, 137.000000, 137.000000, 0
2020/05/28 11:31, 137.000000, 137.000000, 137.000000, 137.000000, 1
2020/05/28 11:32, 137.000000, 137.000000, 136.500000, 136.500000, 2
2020/05/28 11:33, 136.500000, 136.500000, 136.500000, 136.500000, 0
2020/05/28 11:34, 136.500000, 136.500000, 136.500000, 136.500000, 0
2020/05/28 11:35, 136.500000, 137.000000, 136.500000, 137.000000, 6
2020/05/28 11:36, 137.000000, 137.000000, 137.000000, 137.000000, 0
2020/05/28 11:37, 137.000000, 137.000000, 137.000000, 137.000000, 0
2020/05/28 11:38, 137.000000, 137.000000, 137.000000, 137.000000, 0
2020/05/28 11:39, 137.000000, 137.000000, 137.000000, 137.000000, 2
2020/05/28 11:40, 137.000000, 137.000000, 137.000000, 137.000000, 0
2020/05/28 11:41, 136.500000, 136.500000, 136.500000, 136.500000, 11
2020/05/28 11:42, 136.500000, 136.500000, 136.500000, 136.500000, 9
2020/05/28 11:43, 136.500000, 136.500000, 136.500000, 136.500000, 4
2020/05/28 11:44, 136.500000, 136.500000, 136.500000, 136.500000, 3
2020/05/28 11:45, 136.500000, 136.500000, 136.500000, 136.500000, 1
2020/05/28 11:46, 136.500000, 136.500000, 136.500000, 136.500000, 1
2020/05/28 11:47, 136.500000, 136.500000, 136.500000, 136.500000, 0
2020/05/28 11:48, 136.500000, 136.500000, 136.500000, 136.500000, 2
2020/05/28 11:49, 137.000000, 137.000000, 137.000000, 137.000000, 1
2020/05/28 11:50, 136.500000, 136.500000, 136.500000, 136.500000, 5
2020/05/28 11:51, 136.500000, 136.500000, 136.500000, 136.500000, 0
2020/05/28 11:52, 136.500000, 136.500000, 136.500000, 136.500000, 2
2020/05/28 11:53, 136.500000, 136.500000, 136.500000, 136.500000, 24
2020/05/28 11:54, 136.000000, 136.500000, 136.000000, 136.500000, 2
2020/05/28 11:55, 136.000000, 136.000000, 136.000000, 136.000000, 1
2020/05/28 11:56, 136.000000, 136.500000, 136.000000, 136.000000, 4
2020/05/28 11:57, 136.000000, 136.000000, 136.000000, 136.000000, 1
2020/05/28 11:58, 136.000000, 136.000000, 136.000000, 136.000000, 23
2020/05/28 11:59, 136.000000, 136.000000, 136.000000, 136.000000, 50
2020/05/28 12:00, 136.000000, 136.000000, 136.000000, 136.000000, 6
2020/05/28 12:01, 136.000000, 136.000000, 136.000000, 136.000000, 5
2020/05/28 12:02, 136.000000, 136.000000, 136.000000, 136.000000, 0
2020/05/28 12:03, 136.000000, 136.000000, 136.000000, 136.000000, 0
2020/05/28 12:04, 136.000000, 136.000000, 136.000000, 136.000000, 1
2020/05/28 12:05, 136.000000, 136.500000, 136.000000, 136.500000, 2
2020/05/28 12:06, 136.000000, 136.000000, 136.000000, 136.000000, 1
2020/05/28 12:07, 136.500000, 136.500000, 136.000000, 136.500000, 15
2020/05/28 12:08, 136.500000, 136.500000, 136.500000, 136.500000, 19
2020/05/28 12:09, 136.500000, 137.000000, 136.500000, 137.000000, 4
2020/05/28 12:10, 136.500000, 137.000000, 136.500000, 137.000000, 2
2020/05/28 12:11, 137.000000, 137.000000, 137.000000, 137.000000, 0
2020/05/28 12:12, 137.000000, 137.000000, 137.000000, 137.000000, 0
2020/05/28 12:13, 137.000000, 137.000000, 137.000000, 137.000000, 1
2020/05/28 12:14, 137.000000, 137.000000, 137.000000, 137.000000, 0
2020/05/28 12:15, 137.000000, 137.000000, 137.000000, 137.000000, 0
2020/05/28 12:16, 136.500000, 136.500000, 136.500000, 136.500000, 8
2020/05/28 12:17, 136.500000, 136.500000, 136.500000, 136.500000, 0
2020/05/28 12:18, 136.500000, 136.500000, 136.500000, 136.500000, 0
2020/05/28 12:19, 136.000000, 136.000000, 136.000000, 136.000000, 2
2020/05/28 12:20, 136.000000, 136.000000, 136.000000, 136.000000, 2
2020/05/28 12:21, 136.000000, 136.000000, 136.000000, 136.000000, 0
2020/05/28 12:22, 136.000000, 136.000000, 136.000000, 136.000000, 1
2020/05/28 12:23, 136.000000, 136.000000, 136.000000, 136.000000, 4
2020/05/28 12:24, 136.000000, 136.000000, 136.000000, 136.000000, 1
2020/05/28 12:25, 136.000000, 136.500000, 136.000000, 136.500000, 5
2020/05/28 12:26, 136.000000, 136.000000, 136.000000, 136.000000, 44
2020/05/28 12:27, 136.000000, 136.000000, 136.000000, 136.000000, 9
2020/05/28 12:28, 136.000000, 136.000000, 136.000000, 136.000000, 10
2020/05/28 12:29, 136.000000, 136.000000, 136.000000, 136.000000, 33
2020/05/28 12:30, 136.000000, 136.000000, 135.500000, 135.500000, 6
2020/05/28 12:31, 135.500000, 135.500000, 135.500000, 135.500000, 1
2020/05/28 12:32, 136.000000, 136.000000, 136.000000, 136.000000, 2
2020/05/28 12:33, 136.000000, 136.000000, 136.000000, 136.000000, 2
2020/05/28 12:34, 136.000000, 136.000000, 135.500000, 135.500000, 2
2020/05/28 12:35, 136.000000, 136.000000, 136.000000, 136.000000, 1
2020/05/28 12:36, 136.000000, 136.000000, 136.000000, 136.000000, 8
2020/05/28 12:37, 136.000000, 136.000000, 136.000000, 136.000000, 3
2020/05/28 12:38, 136.000000, 136.000000, 136.000000, 136.000000, 0
2020/05/28 12:39, 136.000000, 136.000000, 136.000000, 136.000000, 3
2020/05/28 12:40, 136.000000, 136.000000, 136.000000, 136.000000, 3
2020/05/28 12:41, 136.000000, 136.000000, 136.000000, 136.000000, 15
2020/05/28 12:42, 136.000000, 136.000000, 136.000000, 136.000000, 34
2020/05/28 12:43, 136.000000, 136.000000, 136.000000, 136.000000, 1
2020/05/28 12:44, 136.000000, 136.000000, 135.500000, 136.000000, 18
2020/05/28 12:45, 136.000000, 136.000000, 135.500000, 135.500000, 25
2020/05/28 12:46, 135.500000, 135.500000, 135.500000, 135.500000, 5
2020/05/28 12:47, 135.500000, 135.500000, 135.500000, 135.500000, 1
2020/05/28 12:48, 135.500000, 135.500000, 135.500000, 135.500000, 0
2020/05/28 12:49, 135.500000, 135.500000, 135.500000, 135.500000, 0
2020/05/28 12:50, 136.000000, 136.000000, 136.000000, 136.000000, 11
2020/05/28 12:51, 136.000000, 136.000000, 136.000000, 136.000000, 0
2020/05/28 12:52, 136.000000, 136.000000, 136.000000, 136.000000, 1
2020/05/28 12:53, 136.000000, 136.000000, 136.000000, 136.000000, 0
2020/05/28 12:54, 136.000000, 136.000000, 136.000000, 136.000000, 0
2020/05/28 12:55, 136.000000, 136.000000, 136.000000, 136.000000, 0
2020/05/28 12:56, 136.000000, 136.000000, 136.000000, 136.000000, 1
2020/05/28 12:57, 136.000000, 136.000000, 136.000000, 136.000000, 0
2020/05/28 12:58, 135.500000, 135.500000, 135.500000, 135.500000, 17
2020/05/28 12:59, 135.500000, 135.500000, 135.500000, 135.500000, 8
2020/05/28 13:00, 135.500000, 136.000000, 135.500000, 135.500000, 89
2020/05/28 13:01, 135.500000, 135.500000, 135.000000, 135.500000, 23
2020/05/28 13:02, 135.500000, 135.500000, 135.500000, 135.500000, 3
2020/05/28 13:03, 135.000000, 135.500000, 135.000000, 135.000000, 29
2020/05/28 13:04, 135.500000, 135.500000, 135.000000, 135.500000, 4
2020/05/28 13:05, 135.500000, 135.500000, 135.500000, 135.500000, 0
2020/05/28 13:06, 135.500000, 135.500000, 135.500000, 135.500000, 0
2020/05/28 13:07, 135.500000, 135.500000, 135.500000, 135.500000, 1
2020/05/28 13:08, 135.500000, 135.500000, 135.000000, 135.000000, 5
2020/05/28 13:09, 135.000000, 135.500000, 135.000000, 135.500000, 8
2020/05/28 13:10, 135.500000, 135.500000, 135.000000, 135.500000, 5
2020/05/28 13:11, 135.500000, 135.500000, 135.000000, 135.500000, 36
2020/05/28 13:12, 135.500000, 136.000000, 135.500000, 135.500000, 10
2020/05/28 13:13, 136.000000, 136.000000, 136.000000, 136.000000, 1
2020/05/28 13:14, 136.000000, 136.000000, 136.000000, 136.000000, 0
2020/05/28 13:15, 136.000000, 136.000000, 136.000000, 136.000000, 1
2020/05/28 13:16, 136.000000, 136.000000, 136.000000, 136.000000, 0
2020/05/28 13:17, 135.500000, 135.500000, 135.500000, 135.500000, 5
2020/05/28 13:18, 135.500000, 135.500000, 135.500000, 135.500000, 9
2020/05/28 13:19, 135.500000, 135.500000, 135.000000, 135.500000, 40
2020/05/28 13:20, 135.500000, 135.500000, 135.000000, 135.000000, 38
2020/05/28 13:21, 135.000000, 135.500000, 135.000000, 135.500000, 29
2020/05/28 13:22, 135.000000, 135.000000, 135.000000, 135.000000, 28
2020/05/28 13:23, 135.500000, 135.500000, 135.000000, 135.000000, 8
2020/05/28 13:24, 135.000000, 135.500000, 135.000000, 135.500000, 10
2020/05/28 13:25, 135.500000, 135.500000, 135.000000, 135.000000, 14
2020/05/28 13:26, 135.000000, 135.000000, 135.000000, 135.000000, 0
2020/05/28 13:27, 135.000000, 135.000000, 135.000000, 135.000000, 0
2020/05/28 13:28, 135.000000, 135.000000, 135.000000, 135.000000, 0
2020/05/28 13:29, 135.000000, 135.000000, 135.000000, 135.000000, 0
2020/05/28 13:30, 136.000000, 136.000000, 136.000000, 136.000000, 79
2020/05/29 09:01, 136.000000, 136.500000, 136.000000, 136.500000, 17
2020/05/29 09:02, 136.500000, 136.500000, 136.500000, 136.500000, 1
2020/05/29 09:03, 136.500000, 137.000000, 136.000000, 136.000000, 18
2020/05/29 09:04, 136.500000, 137.000000, 136.000000, 136.500000, 7
2020/05/29 09:05, 137.000000, 137.000000, 136.500000, 137.000000, 5
2020/05/29 09:06, 137.000000, 137.000000, 137.000000, 137.000000, 1
2020/05/29 09:07, 136.500000, 136.500000, 136.000000, 136.500000, 12
2020/05/29 09:08, 136.000000, 136.000000, 136.000000, 136.000000, 30
2020/05/29 09:09, 136.000000, 136.000000, 136.000000, 136.000000, 5
2020/05/29 09:10, 136.000000, 136.000000, 136.000000, 136.000000, 3
2020/05/29 09:11, 136.000000, 136.000000, 136.000000, 136.000000, 0
2020/05/29 09:12, 136.000000, 136.000000, 135.500000, 135.500000, 6
2020/05/29 09:13, 135.500000, 136.000000, 135.500000, 135.500000, 27
2020/05/29 09:14, 135.500000, 135.500000, 135.500000, 135.500000, 13
2020/05/29 09:15, 135.500000, 135.500000, 135.000000, 135.000000, 7
2020/05/29 09:16, 135.000000, 135.500000, 135.000000, 135.000000, 13
2020/05/29 09:17, 135.000000, 135.000000, 135.000000, 135.000000, 0
2020/05/29 09:18, 135.500000, 135.500000, 135.500000, 135.500000, 1
2020/05/29 09:19, 135.500000, 135.500000, 135.500000, 135.500000, 2
2020/05/29 09:20, 135.500000, 135.500000, 135.500000, 135.500000, 2
2020/05/29 09:21, 135.500000, 135.500000, 135.500000, 135.500000, 2
2020/05/29 09:22, 136.000000, 137.000000, 136.000000, 136.500000, 49
2020/05/29 09:23, 136.500000, 136.500000, 136.500000, 136.500000, 1
2020/05/29 09:24, 136.500000, 136.500000, 136.500000, 136.500000, 8
2020/05/29 09:25, 136.500000, 136.500000, 136.500000, 136.500000, 2
2020/05/29 09:26, 136.500000, 136.500000, 136.500000, 136.500000, 0
2020/05/29 09:27, 136.500000, 136.500000, 136.500000, 136.500000, 2
2020/05/29 09:28, 136.500000, 136.500000, 136.500000, 136.500000, 1
2020/05/29 09:29, 136.500000, 136.500000, 136.500000, 136.500000, 0
2020/05/29 09:30, 136.500000, 136.500000, 136.500000, 136.500000, 1
2020/05/29 09:31, 136.500000, 136.500000, 136.500000, 136.500000, 0
2020/05/29 09:32, 136.500000, 136.500000, 136.500000, 136.500000, 0
2020/05/29 09:33, 136.500000, 136.500000, 136.500000, 136.500000, 0
2020/05/29 09:34, 136.500000, 136.500000, 136.500000, 136.500000, 1
2020/05/29 09:35, 136.000000, 136.000000, 136.000000, 136.000000, 1
2020/05/29 09:36, 136.500000, 136.500000, 136.000000, 136.000000, 7
2020/05/29 09:37, 136.000000, 136.000000, 136.000000, 136.000000, 18
2020/05/29 09:38, 136.000000, 136.000000, 136.000000, 136.000000, 10
2020/05/29 09:39, 135.500000, 136.000000, 135.500000, 136.000000, 5
2020/05/29 09:40, 136.000000, 136.000000, 136.000000, 136.000000, 2
2020/05/29 09:41, 136.000000, 136.000000, 136.000000, 136.000000, 1
2020/05/29 09:42, 136.000000, 136.000000, 136.000000, 136.000000, 0
2020/05/29 09:43, 136.000000, 136.000000, 136.000000, 136.000000, 0
2020/05/29 09:44, 136.000000, 136.000000, 136.000000, 136.000000, 0
2020/05/29 09:45, 136.500000, 136.500000, 136.500000, 136.500000, 18
2020/05/29 09:46, 136.500000, 136.500000, 136.500000, 136.500000, 5
2020/05/29 09:47, 136.500000, 136.500000, 136.500000, 136.500000, 2
2020/05/29 09:48, 136.500000, 136.500000, 136.500000, 136.500000, 0
2020/05/29 09:49, 136.500000, 136.500000, 136.500000, 136.500000, 1
2020/05/29 09:50, 136.500000, 136.500000, 136.500000, 136.500000, 2
2020/05/29 09:51, 136.500000, 136.500000, 136.500000, 136.500000, 1
2020/05/29 09:52, 136.500000, 136.500000, 136.500000, 136.500000, 0
2020/05/29 09:53, 136.500000, 136.500000, 136.500000, 136.500000, 1
2020/05/29 09:54, 136.500000, 137.000000, 136.500000, 137.000000, 3
2020/05/29 09:55, 136.500000, 136.500000, 136.500000, 136.500000, 1
2020/05/29 09:56, 136.500000, 136.500000, 136.500000, 136.500000, 0
2020/05/29 09:57, 136.500000, 136.500000, 136.500000, 136.500000, 1
2020/05/29 09:58, 136.500000, 136.500000, 136.500000, 136.500000, 12
2020/05/29 09:59, 136.500000, 136.500000, 136.500000, 136.500000, 0
2020/05/29 10:00, 136.500000, 136.500000, 136.500000, 136.500000, 0
2020/05/29 10:01, 136.500000, 136.500000, 136.500000, 136.500000, 0
2020/05/29 10:02, 136.500000, 136.500000, 136.500000, 136.500000, 1
2020/05/29 10:03, 136.500000, 136.500000, 136.500000, 136.500000, 0
2020/05/29 10:04, 136.500000, 136.500000, 136.500000, 136.500000, 0
2020/05/29 10:05, 136.500000, 136.500000, 136.500000, 136.500000, 0
2020/05/29 10:06, 136.500000, 136.500000, 136.500000, 136.500000, 3
2020/05/29 10:07, 136.500000, 136.500000, 136.000000, 136.000000, 23
2020/05/29 10:08, 136.000000, 136.000000, 136.000000, 136.000000, 1
2020/05/29 10:09, 136.000000, 136.000000, 136.000000, 136.000000, 3
2020/05/29 10:10, 136.000000, 136.000000, 135.500000, 135.500000, 4
2020/05/29 10:11, 135.500000, 135.500000, 135.500000, 135.500000, 3
2020/05/29 10:12, 136.000000, 136.000000, 136.000000, 136.000000, 2
2020/05/29 10:13, 136.000000, 136.000000, 136.000000, 136.000000, 1
2020/05/29 10:14, 136.000000, 136.000000, 136.000000, 136.000000, 2
2020/05/29 10:15, 136.000000, 136.000000, 136.000000, 136.000000, 3
2020/05/29 10:16, 136.000000, 136.000000, 136.000000, 136.000000, 2
2020/05/29 10:17, 136.000000, 136.000000, 136.000000, 136.000000, 4
2020/05/29 10:18, 136.000000, 136.000000, 136.000000, 136.000000, 0
2020/05/29 10:19, 136.000000, 136.000000, 136.000000, 136.000000, 1
2020/05/29 10:20, 136.000000, 136.000000, 136.000000, 136.000000, 1
2020/05/29 10:21, 136.000000, 136.000000, 136.000000, 136.000000, 0
2020/05/29 10:22, 136.000000, 136.000000, 136.000000, 136.000000, 0
2020/05/29 10:23, 136.000000, 136.000000, 136.000000, 136.000000, 1
2020/05/29 10:24, 136.000000, 136.000000, 136.000000, 136.000000, 0
2020/05/29 10:25, 136.000000, 136.000000, 136.000000, 136.000000, 0
2020/05/29 10:26, 136.000000, 136.000000, 136.000000, 136.000000, 0
2020/05/29 10:27, 136.000000, 136.000000, 136.000000, 136.000000, 4
2020/05/29 10:28, 136.000000, 136.000000, 136.000000, 136.000000, 0
2020/05/29 10:29, 136.000000, 136.000000, 136.000000, 136.000000, 0
2020/05/29 10:30, 136.000000, 136.000000, 136.000000, 136.000000, 0
2020/05/29 10:31, 136.000000, 136.000000, 136.000000, 136.000000, 1
2020/05/29 10:32, 136.000000, 136.000000, 136.000000, 136.000000, 0
2020/05/29 10:33, 136.000000, 136.000000, 136.000000, 136.000000, 0
2020/05/29 10:34, 136.000000, 136.000000, 136.000000, 136.000000, 0
2020/05/29 10:35, 136.000000, 136.000000, 136.000000, 136.000000, 1
2020/05/29 10:36, 136.000000, 136.000000, 136.000000, 136.000000, 0
2020/05/29 10:37, 136.000000, 136.000000, 136.000000, 136.000000, 2
2020/05/29 10:38, 136.500000, 136.500000, 136.500000, 136.500000, 1
2020/05/29 10:39, 136.500000, 136.500000, 136.500000, 136.500000, 0
2020/05/29 10:40, 136.000000, 136.000000, 136.000000, 136.000000, 1
2020/05/29 10:41, 136.500000, 137.000000, 136.500000, 137.000000, 21
2020/05/29 10:42, 137.000000, 137.000000, 137.000000, 137.000000, 6
2020/05/29 10:43, 137.000000, 137.000000, 136.500000, 136.500000, 7
2020/05/29 10:44, 136.500000, 136.500000, 136.500000, 136.500000, 7
2020/05/29 10:45, 136.500000, 136.500000, 136.500000, 136.500000, 6
2020/05/29 10:46, 136.500000, 136.500000, 136.500000, 136.500000, 0
2020/05/29 10:47, 136.500000, 136.500000, 136.500000, 136.500000, 0
2020/05/29 10:48, 136.500000, 136.500000, 136.500000, 136.500000, 2
2020/05/29 10:49, 136.500000, 136.500000, 136.500000, 136.500000, 12
2020/05/29 10:50, 136.500000, 136.500000, 136.500000, 136.500000, 0
2020/05/29 10:51, 136.500000, 136.500000, 136.500000, 136.500000, 4
2020/05/29 10:52, 136.500000, 136.500000, 136.500000, 136.500000, 0
2020/05/29 10:53, 136.500000, 136.500000, 136.500000, 136.500000, 0
2020/05/29 10:54, 136.500000, 136.500000, 136.500000, 136.500000, 0
2020/05/29 10:55, 136.500000, 137.000000, 136.500000, 137.000000, 4
2020/05/29 10:56, 137.000000, 137.000000, 137.000000, 137.000000, 0
2020/05/29 10:57, 137.000000, 137.000000, 137.000000, 137.000000, 0
2020/05/29 10:58, 137.000000, 137.000000, 137.000000, 137.000000, 0
2020/05/29 10:59, 136.500000, 137.000000, 136.500000, 136.500000, 4
2020/05/29 11:00, 136.500000, 136.500000, 136.500000, 136.500000, 0
2020/05/29 11:01, 136.500000, 136.500000, 136.500000, 136.500000, 2
2020/05/29 11:02, 136.500000, 136.500000, 136.500000, 136.500000, 0
2020/05/29 11:03, 136.500000, 136.500000, 136.500000, 136.500000, 10
2020/05/29 11:04, 136.500000, 136.500000, 136.500000, 136.500000, 0
2020/05/29 11:05, 136.500000, 136.500000, 136.500000, 136.500000, 0
2020/05/29 11:06, 136.500000, 136.500000, 136.500000, 136.500000, 0
2020/05/29 11:07, 136.500000, 136.500000, 136.500000, 136.500000, 0
2020/05/29 11:08, 137.000000, 137.000000, 137.000000, 137.000000, 7
2020/05/29 11:09, 137.000000, 137.000000, 137.000000, 137.000000, 0
2020/05/29 11:10, 136.500000, 137.000000, 136.500000, 137.000000, 2
2020/05/29 11:11, 137.000000, 137.000000, 137.000000, 137.000000, 3
2020/05/29 11:12, 137.000000, 137.000000, 137.000000, 137.000000, 0
2020/05/29 11:13, 137.000000, 137.000000, 136.500000, 137.000000, 5
2020/05/29 11:14, 136.500000, 136.500000, 136.500000, 136.500000, 1
2020/05/29 11:15, 136.500000, 136.500000, 136.500000, 136.500000, 11
2020/05/29 11:16, 136.500000, 136.500000, 136.500000, 136.500000, 0
2020/05/29 11:17, 136.500000, 136.500000, 136.500000, 136.500000, 1
2020/05/29 11:18, 136.500000, 136.500000, 136.500000, 136.500000, 11
2020/05/29 11:19, 137.000000, 137.000000, 137.000000, 137.000000, 1
2020/05/29 11:20, 137.000000, 137.000000, 137.000000, 137.000000, 0
2020/05/29 11:21, 136.500000, 137.000000, 136.500000, 137.000000, 2
2020/05/29 11:22, 137.000000, 137.000000, 137.000000, 137.000000, 0
2020/05/29 11:23, 137.000000, 137.000000, 137.000000, 137.000000, 0
2020/05/29 11:24, 137.000000, 137.000000, 137.000000, 137.000000, 0
2020/05/29 11:25, 137.000000, 137.000000, 137.000000, 137.000000, 0
2020/05/29 11:26, 136.500000, 136.500000, 136.500000, 136.500000, 2
2020/05/29 11:27, 137.000000, 137.000000, 137.000000, 137.000000, 1
2020/05/29 11:28, 136.500000, 136.500000, 136.500000, 136.500000, 2
2020/05/29 11:29, 136.500000, 136.500000, 136.500000, 136.500000, 0
2020/05/29 11:30, 136.500000, 136.500000, 136.500000, 136.500000, 0
2020/05/29 11:31, 137.000000, 137.000000, 137.000000, 137.000000, 5
2020/05/29 11:32, 137.000000, 137.000000, 137.000000, 137.000000, 1
2020/05/29 11:33, 137.000000, 137.000000, 137.000000, 137.000000, 2
2020/05/29 11:34, 136.500000, 136.500000, 136.500000, 136.500000, 1
2020/05/29 11:35, 137.000000, 137.000000, 137.000000, 137.000000, 2
2020/05/29 11:36, 137.000000, 137.000000, 137.000000, 137.000000, 0
2020/05/29 11:37, 136.500000, 136.500000, 136.500000, 136.500000, 1
2020/05/29 11:38, 137.000000, 137.000000, 137.000000, 137.000000, 5
2020/05/29 11:39, 137.000000, 137.000000, 137.000000, 137.000000, 0
2020/05/29 11:40, 137.000000, 137.500000, 137.000000, 137.500000, 41
2020/05/29 11:41, 137.500000, 137.500000, 137.500000, 137.500000, 1
2020/05/29 11:42, 137.500000, 138.000000, 137.500000, 137.500000, 37
2020/05/29 11:43, 137.500000, 137.500000, 137.500000, 137.500000, 1
2020/05/29 11:44, 137.500000, 137.500000, 137.500000, 137.500000, 0
2020/05/29 11:45, 137.500000, 137.500000, 137.500000, 137.500000, 1
2020/05/29 11:46, 137.500000, 137.500000, 137.500000, 137.500000, 1
2020/05/29 11:47, 137.500000, 137.500000, 137.500000, 137.500000, 0
2020/05/29 11:48, 137.500000, 137.500000, 137.500000, 137.500000, 1
2020/05/29 11:49, 137.500000, 137.500000, 137.500000, 137.500000, 1
2020/05/29 11:50, 137.500000, 137.500000, 137.000000, 137.000000, 4
2020/05/29 11:51, 137.000000, 137.000000, 137.000000, 137.000000, 0
2020/05/29 11:52, 137.500000, 137.500000, 137.500000, 137.500000, 2
2020/05/29 11:53, 137.500000, 137.500000, 137.500000, 137.500000, 0
2020/05/29 11:54, 137.000000, 137.000000, 137.000000, 137.000000, 1
2020/05/29 11:55, 137.000000, 137.000000, 137.000000, 137.000000, 0
2020/05/29 11:56, 137.000000, 137.000000, 137.000000, 137.000000, 0
2020/05/29 11:57, 137.500000, 137.500000, 137.500000, 137.500000, 1
2020/05/29 11:58, 137.500000, 137.500000, 137.500000, 137.500000, 0
2020/05/29 11:59, 137.000000, 137.500000, 137.000000, 137.500000, 2
2020/05/29 12:00, 137.500000, 137.500000, 137.500000, 137.500000, 0
2020/05/29 12:01, 137.500000, 137.500000, 137.500000, 137.500000, 0
2020/05/29 12:02, 137.500000, 137.500000, 137.500000, 137.500000, 0
2020/05/29 12:03, 137.500000, 137.500000, 137.500000, 137.500000, 0
2020/05/29 12:04, 137.000000, 137.500000, 137.000000, 137.500000, 3
2020/05/29 12:05, 137.500000, 137.500000, 137.500000, 137.500000, 0
2020/05/29 12:06, 137.500000, 137.500000, 137.500000, 137.500000, 0
2020/05/29 12:07, 137.500000, 137.500000, 137.500000, 137.500000, 0
2020/05/29 12:08, 137.500000, 137.500000, 137.500000, 137.500000, 0
2020/05/29 12:09, 137.500000, 137.500000, 137.500000, 137.500000, 1
2020/05/29 12:10, 137.500000, 137.500000, 137.500000, 137.500000, 0
2020/05/29 12:11, 137.500000, 137.500000, 137.500000, 137.500000, 1
2020/05/29 12:12, 137.500000, 137.500000, 137.500000, 137.500000, 0
2020/05/29 12:13, 137.500000, 137.500000, 137.500000, 137.500000, 3
2020/05/29 12:14, 137.500000, 137.500000, 137.500000, 137.500000, 1
2020/05/29 12:15, 137.500000, 137.500000, 137.500000, 137.500000, 0
2020/05/29 12:16, 137.500000, 137.500000, 137.500000, 137.500000, 1
2020/05/29 12:17, 137.500000, 137.500000, 137.500000, 137.500000, 0
2020/05/29 12:18, 137.500000, 137.500000, 137.500000, 137.500000, 0
2020/05/29 12:19, 137.000000, 137.000000, 137.000000, 137.000000, 5
2020/05/29 12:20, 137.000000, 137.000000, 137.000000, 137.000000, 3
2020/05/29 12:21, 137.000000, 137.000000, 137.000000, 137.000000, 2
2020/05/29 12:22, 137.000000, 137.000000, 137.000000, 137.000000, 46
2020/05/29 12:23, 137.000000, 137.000000, 137.000000, 137.000000, 0
2020/05/29 12:24, 137.000000, 137.000000, 137.000000, 137.000000, 0
2020/05/29 12:25, 137.000000, 137.000000, 137.000000, 137.000000, 0
2020/05/29 12:26, 137.000000, 137.000000, 137.000000, 137.000000, 0
2020/05/29 12:27, 137.000000, 137.000000, 137.000000, 137.000000, 1
2020/05/29 12:28, 137.000000, 137.000000, 137.000000, 137.000000, 0
2020/05/29 12:29, 137.000000, 137.000000, 137.000000, 137.000000, 0
2020/05/29 12:30, 137.000000, 137.000000, 137.000000, 137.000000, 0
2020/05/29 12:31, 136.500000, 136.500000, 136.500000, 136.500000, 2
2020/05/29 12:32, 136.500000, 136.500000, 136.500000, 136.500000, 0
2020/05/29 12:33, 136.500000, 137.000000, 136.500000, 137.000000, 4
2020/05/29 12:34, 137.000000, 137.000000, 137.000000, 137.000000, 0
2020/05/29 12:35, 137.000000, 137.000000, 137.000000, 137.000000, 17
2020/05/29 12:36, 137.500000, 137.500000, 137.500000, 137.500000, 5
2020/05/29 12:37, 137.500000, 137.500000, 137.500000, 137.500000, 2
2020/05/29 12:38, 137.500000, 137.500000, 137.500000, 137.500000, 0
2020/05/29 12:39, 137.500000, 137.500000, 137.500000, 137.500000, 0
2020/05/29 12:40, 137.000000, 137.500000, 137.000000, 137.500000, 3
2020/05/29 12:41, 137.500000, 137.500000, 137.500000, 137.500000, 1
2020/05/29 12:42, 137.500000, 137.500000, 137.500000, 137.500000, 0
2020/05/29 12:43, 137.500000, 137.500000, 137.500000, 137.500000, 0
2020/05/29 12:44, 137.500000, 137.500000, 137.500000, 137.500000, 0
2020/05/29 12:45, 137.500000, 137.500000, 137.500000, 137.500000, 0
2020/05/29 12:46, 137.000000, 137.000000, 137.000000, 137.000000, 2
2020/05/29 12:47, 137.000000, 137.000000, 137.000000, 137.000000, 5
2020/05/29 12:48, 137.000000, 137.000000, 137.000000, 137.000000, 1
2020/05/29 12:49, 137.000000, 137.000000, 137.000000, 137.000000, 27
2020/05/29 12:50, 137.000000, 137.000000, 137.000000, 137.000000, 9
2020/05/29 12:51, 137.000000, 137.000000, 137.000000, 137.000000, 3
2020/05/29 12:52, 137.000000, 137.000000, 137.000000, 137.000000, 2
2020/05/29 12:53, 137.000000, 137.000000, 137.000000, 137.000000, 0
2020/05/29 12:54, 137.000000, 137.000000, 137.000000, 137.000000, 0
2020/05/29 12:55, 137.000000, 137.000000, 137.000000, 137.000000, 2
2020/05/29 12:56, 137.000000, 137.000000, 137.000000, 137.000000, 0
2020/05/29 12:57, 137.000000, 137.000000, 137.000000, 137.000000, 0
2020/05/29 12:58, 137.000000, 137.000000, 137.000000, 137.000000, 0
2020/05/29 12:59, 137.000000, 137.500000, 137.000000, 137.500000, 11
2020/05/29 13:00, 137.500000, 137.500000, 137.500000, 137.500000, 23
2020/05/29 13:01, 137.500000, 137.500000, 137.500000, 137.500000, 6
2020/05/29 13:02, 137.500000, 137.500000, 137.500000, 137.500000, 2
2020/05/29 13:03, 137.500000, 137.500000, 137.500000, 137.500000, 0
2020/05/29 13:04, 137.500000, 137.500000, 137.500000, 137.500000, 2
2020/05/29 13:05, 137.500000, 137.500000, 137.500000, 137.500000, 0
2020/05/29 13:06, 137.500000, 137.500000, 137.500000, 137.500000, 0
2020/05/29 13:07, 137.500000, 137.500000, 137.500000, 137.500000, 1
2020/05/29 13:08, 137.500000, 137.500000, 137.500000, 137.500000, 4
2020/05/29 13:09, 137.500000, 137.500000, 137.500000, 137.500000, 1
2020/05/29 13:10, 137.500000, 137.500000, 137.500000, 137.500000, 6
2020/05/29 13:11, 137.500000, 137.500000, 137.500000, 137.500000, 0
2020/05/29 13:12, 137.500000, 137.500000, 137.500000, 137.500000, 1
2020/05/29 13:13, 137.500000, 137.500000, 137.500000, 137.500000, 0
2020/05/29 13:14, 137.500000, 137.500000, 137.500000, 137.500000, 1
2020/05/29 13:15, 137.500000, 137.500000, 137.500000, 137.500000, 2
2020/05/29 13:16, 137.500000, 137.500000, 137.500000, 137.500000, 0
2020/05/29 13:17, 137.500000, 137.500000, 137.500000, 137.500000, 2
2020/05/29 13:18, 137.500000, 137.500000, 137.000000, 137.000000, 3
2020/05/29 13:19, 137.500000, 137.500000, 137.000000, 137.500000, 4
2020/05/29 13:20, 137.500000, 137.500000, 137.000000, 137.000000, 11
2020/05/29 13:21, 137.000000, 137.500000, 137.000000, 137.500000, 4
2020/05/29 13:22, 137.500000, 137.500000, 137.500000, 137.500000, 3
2020/05/29 13:23, 137.500000, 137.500000, 137.500000, 137.500000, 0
2020/05/29 13:24, 138.000000, 138.000000, 138.000000, 138.000000, 1
2020/05/29 13:25, 138.000000, 138.000000, 138.000000, 138.000000, 0
2020/05/29 13:26, 138.000000, 138.000000, 138.000000, 138.000000, 0
2020/05/29 13:27, 138.000000, 138.000000, 138.000000, 138.000000, 0
2020/05/29 13:28, 138.000000, 138.000000, 138.000000, 138.000000, 0
2020/05/29 13:29, 138.000000, 138.000000, 138.000000, 138.000000, 0
2020/05/29 13:30, 138.000000, 138.000000, 138.000000, 138.000000, 111
2020/06/01 09:01, 139.500000, 139.500000, 139.000000, 139.000000, 64
2020/06/01 09:02, 139.500000, 139.500000, 139.000000, 139.000000, 44
2020/06/01 09:03, 139.500000, 139.500000, 138.500000, 139.000000, 23
2020/06/01 09:04, 139.000000, 139.500000, 139.000000, 139.000000, 6
2020/06/01 09:05, 139.000000, 139.000000, 138.500000, 139.000000, 9
2020/06/01 09:06, 139.000000, 139.000000, 138.000000, 138.000000, 27
2020/06/01 09:07, 138.500000, 138.500000, 138.500000, 138.500000, 2
2020/06/01 09:08, 138.500000, 138.500000, 138.500000, 138.500000, 6
2020/06/01 09:09, 138.500000, 138.500000, 138.000000, 138.500000, 13
2020/06/01 09:10, 138.000000, 138.500000, 138.000000, 138.500000, 18
2020/06/01 09:11, 138.000000, 138.500000, 138.000000, 138.500000, 17
2020/06/01 09:12, 138.000000, 138.000000, 137.500000, 137.500000, 64
2020/06/01 09:13, 137.500000, 137.500000, 136.500000, 137.000000, 58
2020/06/01 09:14, 136.500000, 137.500000, 136.500000, 137.500000, 28
2020/06/01 09:15, 137.500000, 137.500000, 137.500000, 137.500000, 5
2020/06/01 09:16, 137.500000, 137.500000, 137.000000, 137.000000, 6
2020/06/01 09:17, 137.500000, 137.500000, 137.500000, 137.500000, 2
2020/06/01 09:18, 137.500000, 137.500000, 137.000000, 137.500000, 15
2020/06/01 09:19, 137.500000, 137.500000, 137.500000, 137.500000, 4
2020/06/01 09:20, 137.500000, 137.500000, 137.500000, 137.500000, 3
2020/06/01 09:21, 137.500000, 137.500000, 137.500000, 137.500000, 15
2020/06/01 09:22, 137.500000, 137.500000, 137.500000, 137.500000, 2
2020/06/01 09:23, 137.500000, 137.500000, 137.500000, 137.500000, 13
2020/06/01 09:24, 137.500000, 137.500000, 137.000000, 137.500000, 5
2020/06/01 09:25, 137.500000, 137.500000, 137.000000, 137.500000, 4
2020/06/01 09:26, 137.000000, 137.000000, 137.000000, 137.000000, 2
2020/06/01 09:27, 137.000000, 137.000000, 137.000000, 137.000000, 0
2020/06/01 09:28, 137.000000, 137.500000, 137.000000, 137.500000, 5
2020/06/01 09:29, 137.500000, 137.500000, 137.000000, 137.000000, 2
2020/06/01 09:30, 137.000000, 137.500000, 137.000000, 137.500000, 4
2020/06/01 09:31, 137.500000, 137.500000, 137.500000, 137.500000, 1
2020/06/01 09:32, 137.000000, 137.000000, 137.000000, 137.000000, 1
2020/06/01 09:33, 137.000000, 137.000000, 137.000000, 137.000000, 0
2020/06/01 09:34, 137.000000, 137.000000, 137.000000, 137.000000, 4
2020/06/01 09:35, 137.500000, 137.500000, 137.500000, 137.500000, 2
2020/06/01 09:36, 137.500000, 137.500000, 137.500000, 137.500000, 5
2020/06/01 09:37, 137.500000, 137.500000, 137.500000, 137.500000, 2
2020/06/01 09:38, 137.500000, 137.500000, 137.500000, 137.500000, 1
2020/06/01 09:39, 137.500000, 137.500000, 137.500000, 137.500000, 3
2020/06/01 09:40, 137.500000, 137.500000, 137.500000, 137.500000, 11
2020/06/01 09:41, 137.500000, 137.500000, 137.000000, 137.000000, 22
2020/06/01 09:42, 137.000000, 137.500000, 137.000000, 137.000000, 8
2020/06/01 09:43, 137.000000, 137.000000, 137.000000, 137.000000, 1
2020/06/01 09:44, 137.000000, 137.000000, 136.000000, 136.500000, 101
2020/06/01 09:45, 136.000000, 136.500000, 136.000000, 136.500000, 38
2020/06/01 09:46, 137.000000, 137.000000, 137.000000, 137.000000, 2
2020/06/01 09:47, 136.500000, 136.500000, 136.500000, 136.500000, 8
2020/06/01 09:48, 136.500000, 136.500000, 136.500000, 136.500000, 2
2020/06/01 09:49, 136.500000, 136.500000, 136.500000, 136.500000, 3
2020/06/01 09:50, 136.500000, 136.500000, 136.500000, 136.500000, 0
2020/06/01 09:51, 137.000000, 137.000000, 136.500000, 136.500000, 4
2020/06/01 09:52, 137.000000, 137.000000, 137.000000, 137.000000, 1
2020/06/01 09:53, 137.000000, 137.000000, 137.000000, 137.000000, 5
2020/06/01 09:54, 137.000000, 137.000000, 137.000000, 137.000000, 6
2020/06/01 09:55, 137.000000, 137.000000, 136.500000, 136.500000, 6
2020/06/01 09:56, 137.000000, 137.000000, 137.000000, 137.000000, 4
2020/06/01 09:57, 137.000000, 137.000000, 137.000000, 137.000000, 3
2020/06/01 09:58, 137.000000, 137.000000, 137.000000, 137.000000, 0
2020/06/01 09:59, 137.000000, 137.000000, 137.000000, 137.000000, 3
2020/06/01 10:00, 137.000000, 137.000000, 137.000000, 137.000000, 5
2020/06/01 10:01, 137.000000, 137.000000, 137.000000, 137.000000, 2
2020/06/01 10:02, 137.000000, 137.000000, 137.000000, 137.000000, 8
2020/06/01 10:03, 137.500000, 137.500000, 137.500000, 137.500000, 3
2020/06/01 10:04, 137.500000, 137.500000, 137.500000, 137.500000, 0
2020/06/01 10:05, 137.500000, 137.500000, 137.500000, 137.500000, 0
2020/06/01 10:06, 137.000000, 137.000000, 137.000000, 137.000000, 1
2020/06/01 10:07, 137.000000, 137.000000, 137.000000, 137.000000, 0
2020/06/01 10:08, 137.000000, 137.000000, 137.000000, 137.000000, 7
2020/06/01 10:09, 137.000000, 137.000000, 137.000000, 137.000000, 0
2020/06/01 10:10, 137.000000, 137.000000, 137.000000, 137.000000, 0
2020/06/01 10:11, 137.000000, 137.500000, 137.000000, 137.500000, 7
2020/06/01 10:12, 137.500000, 137.500000, 137.500000, 137.500000, 0
2020/06/01 10:13, 137.500000, 137.500000, 137.500000, 137.500000, 1
2020/06/01 10:14, 137.500000, 137.500000, 137.500000, 137.500000, 1
2020/06/01 10:15, 137.500000, 137.500000, 137.500000, 137.500000, 0
2020/06/01 10:16, 137.500000, 137.500000, 137.500000, 137.500000, 0
2020/06/01 10:17, 137.500000, 137.500000, 137.500000, 137.500000, 5
2020/06/01 10:18, 137.500000, 137.500000, 137.500000, 137.500000, 16
2020/06/01 10:19, 137.500000, 137.500000, 137.500000, 137.500000, 0
2020/06/01 10:20, 138.000000, 138.000000, 138.000000, 138.000000, 2
2020/06/01 10:21, 138.000000, 138.000000, 138.000000, 138.000000, 0
2020/06/01 10:22, 138.000000, 138.000000, 138.000000, 138.000000, 0
2020/06/01 10:23, 138.000000, 138.000000, 138.000000, 138.000000, 6
2020/06/01 10:24, 137.500000, 138.000000, 137.500000, 138.000000, 2
2020/06/01 10:25, 138.000000, 138.000000, 138.000000, 138.000000, 1
2020/06/01 10:26, 138.000000, 138.000000, 138.000000, 138.000000, 2
2020/06/01 10:27, 138.000000, 138.000000, 137.500000, 137.500000, 2
2020/06/01 10:28, 137.500000, 137.500000, 137.500000, 137.500000, 0
2020/06/01 10:29, 137.500000, 137.500000, 137.500000, 137.500000, 11
2020/06/01 10:30, 137.500000, 137.500000, 137.500000, 137.500000, 1
2020/06/01 10:31, 137.500000, 137.500000, 137.500000, 137.500000, 2
2020/06/01 10:32, 137.500000, 137.500000, 137.500000, 137.500000, 1
2020/06/01 10:33, 137.000000, 137.000000, 137.000000, 137.000000, 8
2020/06/01 10:34, 137.500000, 137.500000, 137.500000, 137.500000, 1
2020/06/01 10:35, 137.500000, 137.500000, 137.500000, 137.500000, 1
2020/06/01 10:36, 137.500000, 137.500000, 137.500000, 137.500000, 1
2020/06/01 10:37, 137.500000, 137.500000, 137.500000, 137.500000, 1
2020/06/01 10:38, 137.500000, 137.500000, 137.500000, 137.500000, 1
2020/06/01 10:39, 137.500000, 137.500000, 137.500000, 137.500000, 0
2020/06/01 10:40, 138.000000, 138.000000, 138.000000, 138.000000, 1
2020/06/01 10:41, 137.500000, 137.500000, 137.500000, 137.500000, 2
2020/06/01 10:42, 138.000000, 138.000000, 137.500000, 137.500000, 4
2020/06/01 10:43, 137.500000, 137.500000, 137.500000, 137.500000, 1
2020/06/01 10:44, 137.500000, 137.500000, 137.500000, 137.500000, 1
2020/06/01 10:45, 137.500000, 137.500000, 137.500000, 137.500000, 0
2020/06/01 10:46, 137.500000, 137.500000, 137.500000, 137.500000, 0
2020/06/01 10:47, 137.000000, 137.000000, 137.000000, 137.000000, 1
2020/06/01 10:48, 137.000000, 137.000000, 137.000000, 137.000000, 1
2020/06/01 10:49, 137.500000, 137.500000, 137.500000, 137.500000, 2
2020/06/01 10:50, 137.500000, 137.500000, 137.500000, 137.500000, 3
2020/06/01 10:51, 137.500000, 137.500000, 137.500000, 137.500000, 1
2020/06/01 10:52, 137.500000, 137.500000, 137.500000, 137.500000, 0
2020/06/01 10:53, 137.500000, 137.500000, 137.500000, 137.500000, 0
2020/06/01 10:54, 137.500000, 137.500000, 137.500000, 137.500000, 3
2020/06/01 10:55, 137.500000, 137.500000, 137.500000, 137.500000, 0
2020/06/01 10:56, 137.500000, 137.500000, 137.500000, 137.500000, 0
2020/06/01 10:57, 137.500000, 137.500000, 137.500000, 137.500000, 0
2020/06/01 10:58, 137.500000, 137.500000, 137.500000, 137.500000, 0
2020/06/01 10:59, 137.500000, 137.500000, 137.500000, 137.500000, 1
2020/06/01 11:00, 137.500000, 137.500000, 137.500000, 137.500000, 1
2020/06/01 11:01, 137.500000, 137.500000, 137.500000, 137.500000, 1
2020/06/01 11:02, 137.500000, 137.500000, 137.500000, 137.500000, 0
2020/06/01 11:03, 137.500000, 137.500000, 137.500000, 137.500000, 0
2020/06/01 11:04, 137.500000, 137.500000, 137.500000, 137.500000, 0
2020/06/01 11:05, 137.500000, 137.500000, 137.500000, 137.500000, 0
2020/06/01 11:06, 137.500000, 137.500000, 137.500000, 137.500000, 1
2020/06/01 11:07, 137.500000, 137.500000, 137.500000, 137.500000, 0
2020/06/01 11:08, 137.500000, 137.500000, 137.500000, 137.500000, 0
2020/06/01 11:09, 137.500000, 137.500000, 137.500000, 137.500000, 0
2020/06/01 11:10, 137.500000, 137.500000, 137.500000, 137.500000, 2
2020/06/01 11:11, 137.500000, 137.500000, 137.500000, 137.500000, 0
2020/06/01 11:12, 137.500000, 137.500000, 137.500000, 137.500000, 0
2020/06/01 11:13, 137.500000, 137.500000, 137.500000, 137.500000, 4
2020/06/01 11:14, 137.500000, 137.500000, 137.500000, 137.500000, 1
2020/06/01 11:15, 137.500000, 137.500000, 137.500000, 137.500000, 1
2020/06/01 11:16, 137.500000, 137.500000, 137.500000, 137.500000, 0
2020/06/01 11:17, 137.500000, 137.500000, 137.500000, 137.500000, 0
2020/06/01 11:18, 137.500000, 137.500000, 137.500000, 137.500000, 0
2020/06/01 11:19, 137.500000, 137.500000, 137.500000, 137.500000, 1
2020/06/01 11:20, 137.500000, 137.500000, 137.500000, 137.500000, 0
2020/06/01 11:21, 137.500000, 137.500000, 137.500000, 137.500000, 2
2020/06/01 11:22, 137.500000, 137.500000, 137.500000, 137.500000, 0
2020/06/01 11:23, 138.000000, 138.000000, 138.000000, 138.000000, 2
2020/06/01 11:24, 138.000000, 138.000000, 138.000000, 138.000000, 0
2020/06/01 11:25, 138.000000, 138.000000, 138.000000, 138.000000, 0
2020/06/01 11:26, 137.500000, 137.500000, 137.000000, 137.000000, 8
2020/06/01 11:27, 137.000000, 137.000000, 137.000000, 137.000000, 0
2020/06/01 11:28, 137.000000, 137.000000, 137.000000, 137.000000, 0
2020/06/01 11:29, 137.000000, 137.000000, 137.000000, 137.000000, 1
2020/06/01 11:30, 137.000000, 137.000000, 137.000000, 137.000000, 0
2020/06/01 11:31, 137.500000, 137.500000, 137.500000, 137.500000, 1
2020/06/01 11:32, 137.500000, 137.500000, 137.500000, 137.500000, 2
2020/06/01 11:33, 137.500000, 137.500000, 137.500000, 137.500000, 3
2020/06/01 11:34, 137.500000, 137.500000, 137.500000, 137.500000, 5
2020/06/01 11:35, 138.000000, 138.000000, 138.000000, 138.000000, 2
2020/06/01 11:36, 138.000000, 138.000000, 138.000000, 138.000000, 0
2020/06/01 11:37, 137.500000, 137.500000, 137.500000, 137.500000, 1
2020/06/01 11:38, 137.500000, 137.500000, 137.000000, 137.000000, 2
2020/06/01 11:39, 137.000000, 137.000000, 137.000000, 137.000000, 0
2020/06/01 11:40, 137.000000, 137.000000, 137.000000, 137.000000, 0
2020/06/01 11:41, 137.000000, 137.000000, 137.000000, 137.000000, 0
2020/06/01 11:42, 137.000000, 137.000000, 137.000000, 137.000000, 0
2020/06/01 11:43, 137.000000, 137.000000, 137.000000, 137.000000, 1
2020/06/01 11:44, 137.500000, 137.500000, 137.500000, 137.500000, 4
2020/06/01 11:45, 137.500000, 137.500000, 137.500000, 137.500000, 0
2020/06/01 11:46, 137.500000, 137.500000, 137.500000, 137.500000, 1
2020/06/01 11:47, 137.500000, 137.500000, 137.500000, 137.500000, 0
2020/06/01 11:48, 137.500000, 137.500000, 137.500000, 137.500000, 0
2020/06/01 11:49, 137.500000, 137.500000, 137.500000, 137.500000, 5
2020/06/01 11:50, 137.500000, 137.500000, 137.500000, 137.500000, 9
2020/06/01 11:51, 137.500000, 137.500000, 137.500000, 137.500000, 3
2020/06/01 11:52, 137.500000, 137.500000, 137.500000, 137.500000, 4
2020/06/01 11:53, 137.500000, 137.500000, 137.500000, 137.500000, 0
2020/06/01 11:54, 137.500000, 137.500000, 137.500000, 137.500000, 0
2020/06/01 11:55, 137.000000, 137.000000, 137.000000, 137.000000, 8
2020/06/01 11:56, 137.000000, 137.000000, 137.000000, 137.000000, 0
2020/06/01 11:57, 137.000000, 137.000000, 137.000000, 137.000000, 1
2020/06/01 11:58, 137.000000, 137.000000, 137.000000, 137.000000, 0
2020/06/01 11:59, 137.000000, 137.000000, 137.000000, 137.000000, 1
2020/06/01 12:00, 137.000000, 137.000000, 137.000000, 137.000000, 0
2020/06/01 12:01, 137.000000, 137.000000, 137.000000, 137.000000, 0
2020/06/01 12:02, 137.000000, 137.000000, 137.000000, 137.000000, 0
2020/06/01 12:03, 137.500000, 137.500000, 137.500000, 137.500000, 1
2020/06/01 12:04, 137.500000, 137.500000, 137.500000, 137.500000, 0
2020/06/01 12:05, 137.500000, 137.500000, 137.500000, 137.500000, 0
2020/06/01 12:06, 137.500000, 137.500000, 137.500000, 137.500000, 0
2020/06/01 12:07, 137.500000, 137.500000, 137.000000, 137.000000, 18
2020/06/01 12:08, 137.000000, 137.000000, 137.000000, 137.000000, 0
2020/06/01 12:09, 137.000000, 137.000000, 137.000000, 137.000000, 0
2020/06/01 12:10, 137.500000, 137.500000, 137.500000, 137.500000, 1
2020/06/01 12:11, 137.500000, 137.500000, 137.500000, 137.500000, 0
2020/06/01 12:12, 137.500000, 137.500000, 137.500000, 137.500000, 2
2020/06/01 12:13, 137.500000, 137.500000, 137.500000, 137.500000, 0
2020/06/01 12:14, 137.500000, 137.500000, 137.500000, 137.500000, 0
2020/06/01 12:15, 137.500000, 137.500000, 137.500000, 137.500000, 0
2020/06/01 12:16, 137.500000, 137.500000, 137.500000, 137.500000, 11
2020/06/01 12:17, 137.500000, 137.500000, 137.500000, 137.500000, 0
2020/06/01 12:18, 137.500000, 137.500000, 137.500000, 137.500000, 1
2020/06/01 12:19, 137.500000, 137.500000, 137.500000, 137.500000, 2
2020/06/01 12:20, 137.500000, 137.500000, 137.500000, 137.500000, 0
2020/06/01 12:21, 137.500000, 137.500000, 137.500000, 137.500000, 1
2020/06/01 12:22, 137.500000, 137.500000, 137.500000, 137.500000, 1
2020/06/01 12:23, 137.500000, 137.500000, 137.500000, 137.500000, 1
2020/06/01 12:24, 137.500000, 137.500000, 137.500000, 137.500000, 0
2020/06/01 12:25, 137.500000, 137.500000, 137.500000, 137.500000, 0
2020/06/01 12:26, 137.500000, 137.500000, 137.500000, 137.500000, 0
2020/06/01 12:27, 137.500000, 137.500000, 137.500000, 137.500000, 1
2020/06/01 12:28, 137.500000, 137.500000, 137.500000, 137.500000, 1
2020/06/01 12:29, 137.500000, 137.500000, 137.500000, 137.500000, 5
2020/06/01 12:30, 137.500000, 137.500000, 137.500000, 137.500000, 1
2020/06/01 12:31, 138.000000, 138.000000, 138.000000, 138.000000, 2
2020/06/01 12:32, 138.000000, 138.000000, 138.000000, 138.000000, 0
2020/06/01 12:33, 138.000000, 138.000000, 138.000000, 138.000000, 1
2020/06/01 12:34, 138.000000, 138.000000, 138.000000, 138.000000, 1
2020/06/01 12:35, 138.000000, 138.000000, 138.000000, 138.000000, 0
2020/06/01 12:36, 137.500000, 137.500000, 137.500000, 137.500000, 10
2020/06/01 12:37, 137.500000, 137.500000, 137.500000, 137.500000, 3
2020/06/01 12:38, 138.000000, 138.000000, 138.000000, 138.000000, 1
2020/06/01 12:39, 138.000000, 138.000000, 138.000000, 138.000000, 1
2020/06/01 12:40, 138.000000, 138.000000, 138.000000, 138.000000, 0
2020/06/01 12:41, 137.500000, 137.500000, 137.500000, 137.500000, 7
2020/06/01 12:42, 137.500000, 137.500000, 137.000000, 137.500000, 6
2020/06/01 12:43, 137.500000, 137.500000, 137.500000, 137.500000, 1
2020/06/01 12:44, 137.500000, 137.500000, 137.500000, 137.500000, 1
2020/06/01 12:45, 137.500000, 137.500000, 137.500000, 137.500000, 5
2020/06/01 12:46, 137.500000, 137.500000, 137.500000, 137.500000, 0
2020/06/01 12:47, 137.500000, 137.500000, 137.500000, 137.500000, 2
2020/06/01 12:48, 137.500000, 137.500000, 137.500000, 137.500000, 0
2020/06/01 12:49, 137.500000, 137.500000, 137.500000, 137.500000, 3
2020/06/01 12:50, 137.500000, 137.500000, 137.500000, 137.500000, 0
2020/06/01 12:51, 137.000000, 137.500000, 137.000000, 137.500000, 2
2020/06/01 12:52, 137.500000, 137.500000, 137.500000, 137.500000, 0
2020/06/01 12:53, 137.000000, 137.000000, 137.000000, 137.000000, 1
2020/06/01 12:54, 137.000000, 137.000000, 137.000000, 137.000000, 0
2020/06/01 12:55, 137.500000, 137.500000, 137.500000, 137.500000, 3
2020/06/01 12:56, 137.500000, 137.500000, 137.500000, 137.500000, 0
2020/06/01 12:57, 137.500000, 137.500000, 137.000000, 137.000000, 26
2020/06/01 12:58, 137.500000, 137.500000, 137.000000, 137.000000, 3
2020/06/01 12:59, 137.000000, 137.000000, 137.000000, 137.000000, 0
2020/06/01 13:00, 137.500000, 137.500000, 137.500000, 137.500000, 1
2020/06/01 13:01, 137.500000, 137.500000, 137.500000, 137.500000, 1
2020/06/01 13:02, 137.500000, 137.500000, 137.500000, 137.500000, 0
2020/06/01 13:03, 137.500000, 137.500000, 137.500000, 137.500000, 0
2020/06/01 13:04, 137.500000, 137.500000, 137.000000, 137.000000, 2
2020/06/01 13:05, 137.000000, 137.000000, 137.000000, 137.000000, 3
2020/06/01 13:06, 137.500000, 137.500000, 137.500000, 137.500000, 1
2020/06/01 13:07, 137.000000, 137.000000, 137.000000, 137.000000, 20
2020/06/01 13:08, 137.000000, 137.000000, 137.000000, 137.000000, 5
2020/06/01 13:09, 137.000000, 137.000000, 137.000000, 137.000000, 0
2020/06/01 13:10, 137.000000, 137.500000, 137.000000, 137.500000, 3
2020/06/01 13:11, 137.500000, 137.500000, 137.500000, 137.500000, 5
2020/06/01 13:12, 137.000000, 137.500000, 137.000000, 137.500000, 4
2020/06/01 13:13, 137.000000, 137.000000, 137.000000, 137.000000, 6
2020/06/01 13:14, 137.000000, 137.000000, 137.000000, 137.000000, 4
2020/06/01 13:15, 137.000000, 137.000000, 137.000000, 137.000000, 23
2020/06/01 13:16, 137.000000, 137.000000, 137.000000, 137.000000, 11
2020/06/01 13:17, 137.500000, 137.500000, 137.000000, 137.000000, 10
2020/06/01 13:18, 137.000000, 137.000000, 137.000000, 137.000000, 5
2020/06/01 13:19, 137.000000, 137.000000, 137.000000, 137.000000, 5
2020/06/01 13:20, 137.000000, 137.000000, 137.000000, 137.000000, 3
2020/06/01 13:21, 137.500000, 137.500000, 137.500000, 137.500000, 40
2020/06/01 13:22, 137.500000, 137.500000, 137.500000, 137.500000, 6
2020/06/01 13:23, 137.500000, 137.500000, 137.000000, 137.000000, 11
2020/06/01 13:24, 137.500000, 137.500000, 137.500000, 137.500000, 2
2020/06/01 13:25, 137.500000, 138.000000, 137.000000, 137.000000, 5
2020/06/01 13:26, 137.000000, 137.000000, 137.000000, 137.000000, 0
2020/06/01 13:27, 137.000000, 137.000000, 137.000000, 137.000000, 0
2020/06/01 13:28, 137.000000, 137.000000, 137.000000, 137.000000, 0
2020/06/01 13:29, 137.000000, 137.000000, 137.000000, 137.000000, 0
2020/06/01 13:30, 137.000000, 137.000000, 137.000000, 137.000000, 76
2020/06/02 09:01, 137.000000, 137.500000, 137.000000, 137.500000, 12
2020/06/02 09:02, 137.500000, 138.000000, 137.500000, 138.000000, 2
2020/06/02 09:03, 137.500000, 138.000000, 137.000000, 137.000000, 17
2020/06/02 09:04, 137.500000, 137.500000, 137.000000, 137.000000, 14
2020/06/02 09:05, 137.500000, 138.000000, 137.000000, 138.000000, 15
2020/06/02 09:06, 137.500000, 137.500000, 137.500000, 137.500000, 2
2020/06/02 09:07, 137.500000, 137.500000, 137.000000, 137.000000, 7
2020/06/02 09:08, 137.000000, 137.000000, 137.000000, 137.000000, 0
2020/06/02 09:09, 137.500000, 138.000000, 137.500000, 138.000000, 18
2020/06/02 09:10, 138.000000, 138.000000, 138.000000, 138.000000, 9
2020/06/02 09:11, 138.000000, 138.000000, 137.500000, 137.500000, 3
2020/06/02 09:12, 137.500000, 137.500000, 137.500000, 137.500000, 0
2020/06/02 09:13, 137.500000, 137.500000, 137.500000, 137.500000, 3
2020/06/02 09:14, 137.500000, 137.500000, 137.500000, 137.500000, 0
2020/06/02 09:15, 137.500000, 138.000000, 137.500000, 137.500000, 30
2020/06/02 09:16, 138.000000, 138.000000, 138.000000, 138.000000, 15
2020/06/02 09:17, 138.000000, 138.000000, 138.000000, 138.000000, 2
2020/06/02 09:18, 138.000000, 138.000000, 137.500000, 138.000000, 3
2020/06/02 09:19, 138.000000, 138.000000, 138.000000, 138.000000, 15
2020/06/02 09:20, 138.000000, 138.500000, 138.000000, 138.000000, 22
2020/06/02 09:21, 138.000000, 138.000000, 138.000000, 138.000000, 5
2020/06/02 09:22, 137.500000, 138.000000, 137.500000, 137.500000, 39
2020/06/02 09:23, 137.500000, 137.500000, 137.500000, 137.500000, 3
2020/06/02 09:24, 137.500000, 137.500000, 137.500000, 137.500000, 1
2020/06/02 09:25, 137.500000, 137.500000, 137.500000, 137.500000, 1
2020/06/02 09:26, 137.500000, 137.500000, 137.500000, 137.500000, 8
2020/06/02 09:27, 137.500000, 138.000000, 137.500000, 138.000000, 6
2020/06/02 09:28, 138.000000, 138.000000, 138.000000, 138.000000, 33
2020/06/02 09:29, 138.000000, 138.000000, 138.000000, 138.000000, 3
2020/06/02 09:30, 138.000000, 138.000000, 138.000000, 138.000000, 6
2020/06/02 09:31, 138.000000, 138.000000, 138.000000, 138.000000, 5
2020/06/02 09:32, 138.000000, 138.000000, 138.000000, 138.000000, 0
2020/06/02 09:33, 138.000000, 138.000000, 138.000000, 138.000000, 1
2020/06/02 09:34, 138.000000, 138.000000, 138.000000, 138.000000, 1
2020/06/02 09:35, 138.000000, 138.000000, 138.000000, 138.000000, 0
2020/06/02 09:36, 138.000000, 138.000000, 138.000000, 138.000000, 6
2020/06/02 09:37, 137.500000, 138.000000, 137.500000, 138.000000, 2
2020/06/02 09:38, 138.000000, 138.500000, 138.000000, 138.000000, 33
2020/06/02 09:39, 138.000000, 138.000000, 138.000000, 138.000000, 0
2020/06/02 09:40, 138.000000, 138.000000, 138.000000, 138.000000, 1
2020/06/02 09:41, 138.000000, 138.000000, 138.000000, 138.000000, 9
2020/06/02 09:42, 138.000000, 138.000000, 138.000000, 138.000000, 1
2020/06/02 09:43, 138.000000, 138.000000, 138.000000, 138.000000, 2
2020/06/02 09:44, 138.000000, 138.000000, 137.500000, 137.500000, 9
2020/06/02 09:45, 137.500000, 137.500000, 137.500000, 137.500000, 0
2020/06/02 09:46, 137.500000, 137.500000, 137.500000, 137.500000, 7
2020/06/02 09:47, 137.500000, 137.500000, 137.500000, 137.500000, 2
2020/06/02 09:48, 137.500000, 137.500000, 137.500000, 137.500000, 5
2020/06/02 09:49, 137.500000, 137.500000, 137.500000, 137.500000, 0
2020/06/02 09:50, 137.500000, 137.500000, 137.500000, 137.500000, 24
2020/06/02 09:51, 137.000000, 137.000000, 137.000000, 137.000000, 1
2020/06/02 09:52, 137.000000, 137.000000, 137.000000, 137.000000, 2
2020/06/02 09:53, 137.000000, 137.000000, 137.000000, 137.000000, 1
2020/06/02 09:54, 137.000000, 137.000000, 137.000000, 137.000000, 1
2020/06/02 09:55, 137.000000, 137.000000, 137.000000, 137.000000, 5
2020/06/02 09:56, 137.000000, 137.000000, 137.000000, 137.000000, 3
2020/06/02 09:57, 137.000000, 137.000000, 137.000000, 137.000000, 0
2020/06/02 09:58, 137.000000, 137.500000, 137.000000, 137.500000, 12
2020/06/02 09:59, 137.500000, 137.500000, 137.500000, 137.500000, 0
2020/06/02 10:00, 137.500000, 137.500000, 137.500000, 137.500000, 1
2020/06/02 10:01, 138.000000, 138.000000, 138.000000, 138.000000, 2
2020/06/02 10:02, 137.500000, 137.500000, 137.500000, 137.500000, 6
2020/06/02 10:03, 137.500000, 137.500000, 137.500000, 137.500000, 3
2020/06/02 10:04, 137.500000, 137.500000, 137.500000, 137.500000, 0
2020/06/02 10:05, 137.500000, 137.500000, 137.500000, 137.500000, 0
2020/06/02 10:06, 137.500000, 137.500000, 137.000000, 137.000000, 3
2020/06/02 10:07, 137.000000, 137.000000, 137.000000, 137.000000, 0
2020/06/02 10:08, 137.000000, 137.000000, 137.000000, 137.000000, 0
2020/06/02 10:09, 137.000000, 137.000000, 137.000000, 137.000000, 0
2020/06/02 10:10, 137.500000, 137.500000, 137.500000, 137.500000, 1
2020/06/02 10:11, 137.500000, 137.500000, 137.500000, 137.500000, 1
2020/06/02 10:12, 137.500000, 137.500000, 137.500000, 137.500000, 2
2020/06/02 10:13, 137.000000, 137.500000, 137.000000, 137.500000, 5
2020/06/02 10:14, 137.500000, 137.500000, 137.500000, 137.500000, 3
2020/06/02 10:15, 137.500000, 137.500000, 137.500000, 137.500000, 2
2020/06/02 10:16, 137.500000, 137.500000, 137.500000, 137.500000, 1
2020/06/02 10:17, 137.500000, 137.500000, 137.500000, 137.500000, 1
2020/06/02 10:18, 137.500000, 137.500000, 137.500000, 137.500000, 1
2020/06/02 10:19, 137.500000, 137.500000, 137.500000, 137.500000, 4
2020/06/02 10:20, 137.500000, 137.500000, 137.500000, 137.500000, 1
2020/06/02 10:21, 137.500000, 137.500000, 137.500000, 137.500000, 0
2020/06/02 10:22, 137.500000, 137.500000, 137.500000, 137.500000, 0
2020/06/02 10:23, 137.500000, 137.500000, 137.500000, 137.500000, 0
2020/06/02 10:24, 137.500000, 137.500000, 137.500000, 137.500000, 0
2020/06/02 10:25, 137.500000, 137.500000, 137.500000, 137.500000, 0
2020/06/02 10:26, 137.000000, 137.000000, 137.000000, 137.000000, 1
2020/06/02 10:27, 137.000000, 137.000000, 137.000000, 137.000000, 1
2020/06/02 10:28, 137.000000, 137.000000, 137.000000, 137.000000, 1
2020/06/02 10:29, 137.000000, 137.000000, 137.000000, 137.000000, 1
2020/06/02 10:30, 137.500000, 137.500000, 137.500000, 137.500000, 5
2020/06/02 10:31, 137.500000, 137.500000, 137.500000, 137.500000, 2
2020/06/02 10:32, 137.500000, 137.500000, 137.500000, 137.500000, 0
2020/06/02 10:33, 137.000000, 137.500000, 137.000000, 137.500000, 2
2020/06/02 10:34, 137.500000, 137.500000, 137.500000, 137.500000, 1
2020/06/02 10:35, 137.500000, 137.500000, 137.500000, 137.500000, 6
2020/06/02 10:36, 137.500000, 137.500000, 137.500000, 137.500000, 2
2020/06/02 10:37, 137.500000, 137.500000, 137.500000, 137.500000, 1
2020/06/02 10:38, 137.500000, 138.000000, 137.500000, 138.000000, 12
2020/06/02 10:39, 138.000000, 138.000000, 138.000000, 138.000000, 0
2020/06/02 10:40, 138.000000, 138.000000, 138.000000, 138.000000, 0
2020/06/02 10:41, 138.000000, 138.000000, 138.000000, 138.000000, 1
2020/06/02 10:42, 138.000000, 138.000000, 138.000000, 138.000000, 0
2020/06/02 10:43, 138.000000, 138.000000, 138.000000, 138.000000, 1
2020/06/02 10:44, 138.000000, 138.000000, 137.500000, 137.500000, 2
2020/06/02 10:45, 137.500000, 137.500000, 137.500000, 137.500000, 1
2020/06/02 10:46, 137.500000, 137.500000, 137.500000, 137.500000, 0
2020/06/02 10:47, 137.500000, 137.500000, 137.500000, 137.500000, 0
2020/06/02 10:48, 137.500000, 137.500000, 137.500000, 137.500000, 2
2020/06/02 10:49, 137.500000, 137.500000, 137.500000, 137.500000, 0
2020/06/02 10:50, 137.500000, 137.500000, 137.500000, 137.500000, 1
2020/06/02 10:51, 137.500000, 137.500000, 137.500000, 137.500000, 0
2020/06/02 10:52, 137.500000, 137.500000, 137.500000, 137.500000, 1
2020/06/02 10:53, 137.500000, 137.500000, 137.500000, 137.500000, 1
2020/06/02 10:54, 137.500000, 137.500000, 137.500000, 137.500000, 0
2020/06/02 10:55, 137.500000, 138.000000, 137.500000, 138.000000, 2
2020/06/02 10:56, 138.000000, 138.000000, 137.500000, 137.500000, 2
2020/06/02 10:57, 138.000000, 138.000000, 138.000000, 138.000000, 1
2020/06/02 10:58, 138.000000, 138.000000, 138.000000, 138.000000, 0
2020/06/02 10:59, 138.000000, 138.000000, 138.000000, 138.000000, 0
2020/06/02 11:00, 137.500000, 138.000000, 137.500000, 137.500000, 8
2020/06/02 11:01, 137.500000, 137.500000, 137.500000, 137.500000, 0
2020/06/02 11:02, 137.500000, 137.500000, 137.500000, 137.500000, 0
2020/06/02 11:03, 137.500000, 137.500000, 137.500000, 137.500000, 0
2020/06/02 11:04, 138.000000, 138.000000, 138.000000, 138.000000, 7
2020/06/02 11:05, 138.000000, 139.000000, 138.000000, 139.000000, 139
2020/06/02 11:06, 139.000000, 139.000000, 138.500000, 138.500000, 11
2020/06/02 11:07, 138.500000, 139.000000, 138.500000, 138.500000, 6
2020/06/02 11:08, 138.500000, 138.500000, 138.500000, 138.500000, 6
2020/06/02 11:09, 138.500000, 138.500000, 138.500000, 138.500000, 10
2020/06/02 11:10, 139.000000, 139.000000, 138.500000, 138.500000, 6
2020/06/02 11:11, 138.500000, 138.500000, 138.500000, 138.500000, 0
2020/06/02 11:12, 139.000000, 139.000000, 138.500000, 138.500000, 10
2020/06/02 11:13, 138.500000, 138.500000, 138.500000, 138.500000, 1
2020/06/02 11:14, 138.500000, 138.500000, 138.500000, 138.500000, 5
2020/06/02 11:15, 138.500000, 138.500000, 138.500000, 138.500000, 5
2020/06/02 11:16, 138.500000, 138.500000, 138.500000, 138.500000, 1
2020/06/02 11:17, 138.500000, 138.500000, 138.500000, 138.500000, 1
2020/06/02 11:18, 138.500000, 138.500000, 138.500000, 138.500000, 2
2020/06/02 11:19, 138.500000, 138.500000, 138.500000, 138.500000, 2
2020/06/02 11:20, 138.500000, 138.500000, 138.500000, 138.500000, 1
2020/06/02 11:21, 138.500000, 138.500000, 138.500000, 138.500000, 1
2020/06/02 11:22, 138.500000, 138.500000, 138.500000, 138.500000, 4
2020/06/02 11:23, 138.500000, 138.500000, 138.500000, 138.500000, 6
2020/06/02 11:24, 138.500000, 138.500000, 138.500000, 138.500000, 6
2020/06/02 11:25, 138.500000, 138.500000, 138.500000, 138.500000, 1
2020/06/02 11:26, 138.500000, 138.500000, 138.500000, 138.500000, 0
2020/06/02 11:27, 138.500000, 138.500000, 138.500000, 138.500000, 0
2020/06/02 11:28, 138.500000, 138.500000, 138.500000, 138.500000, 1
2020/06/02 11:29, 138.500000, 138.500000, 138.500000, 138.500000, 0
2020/06/02 11:30, 138.500000, 138.500000, 138.500000, 138.500000, 1
2020/06/02 11:31, 138.500000, 138.500000, 138.500000, 138.500000, 4
2020/06/02 11:32, 138.500000, 138.500000, 138.500000, 138.500000, 7
2020/06/02 11:33, 138.500000, 138.500000, 138.500000, 138.500000, 6
2020/06/02 11:34, 138.500000, 138.500000, 138.500000, 138.500000, 0
2020/06/02 11:35, 138.500000, 138.500000, 138.500000, 138.500000, 0
2020/06/02 11:36, 138.500000, 138.500000, 138.500000, 138.500000, 0
2020/06/02 11:37, 138.000000, 138.000000, 138.000000, 138.000000, 2
2020/06/02 11:38, 138.000000, 138.000000, 138.000000, 138.000000, 0
2020/06/02 11:39, 138.000000, 138.000000, 138.000000, 138.000000, 1
2020/06/02 11:40, 138.000000, 138.000000, 138.000000, 138.000000, 0
2020/06/02 11:41, 138.000000, 138.000000, 138.000000, 138.000000, 1
2020/06/02 11:42, 138.000000, 138.000000, 138.000000, 138.000000, 0
2020/06/02 11:43, 138.000000, 138.000000, 138.000000, 138.000000, 0
2020/06/02 11:44, 138.500000, 138.500000, 138.500000, 138.500000, 12
2020/06/02 11:45, 138.500000, 138.500000, 138.500000, 138.500000, 2
2020/06/02 11:46, 138.500000, 138.500000, 138.500000, 138.500000, 2
2020/06/02 11:47, 138.500000, 138.500000, 138.500000, 138.500000, 0
2020/06/02 11:48, 138.500000, 138.500000, 138.500000, 138.500000, 0
2020/06/02 11:49, 138.500000, 138.500000, 138.500000, 138.500000, 0
2020/06/02 11:50, 138.500000, 138.500000, 138.500000, 138.500000, 2
2020/06/02 11:51, 138.500000, 138.500000, 138.500000, 138.500000, 1
2020/06/02 11:52, 138.500000, 138.500000, 138.500000, 138.500000, 1
2020/06/02 11:53, 138.000000, 138.000000, 138.000000, 138.000000, 2
2020/06/02 11:54, 138.500000, 138.500000, 138.500000, 138.500000, 2
2020/06/02 11:55, 138.500000, 138.500000, 138.500000, 138.500000, 0
2020/06/02 11:56, 138.500000, 138.500000, 138.500000, 138.500000, 0
2020/06/02 11:57, 138.500000, 138.500000, 138.500000, 138.500000, 0
2020/06/02 11:58, 138.500000, 138.500000, 138.500000, 138.500000, 0
2020/06/02 11:59, 138.500000, 138.500000, 138.500000, 138.500000, 3
2020/06/02 12:00, 138.500000, 138.500000, 138.500000, 138.500000, 0
2020/06/02 12:01, 138.500000, 138.500000, 138.500000, 138.500000, 1
2020/06/02 12:02, 138.500000, 138.500000, 138.500000, 138.500000, 1
2020/06/02 12:03, 138.500000, 138.500000, 138.500000, 138.500000, 0
2020/06/02 12:04, 138.500000, 138.500000, 138.500000, 138.500000, 0
2020/06/02 12:05, 138.000000, 138.000000, 138.000000, 138.000000, 2
2020/06/02 12:06, 138.000000, 138.500000, 138.000000, 138.500000, 9
2020/06/02 12:07, 138.500000, 138.500000, 138.500000, 138.500000, 0
2020/06/02 12:08, 138.500000, 138.500000, 138.500000, 138.500000, 0
2020/06/02 12:09, 138.500000, 138.500000, 138.500000, 138.500000, 1
2020/06/02 12:10, 138.500000, 138.500000, 138.500000, 138.500000, 19
2020/06/02 12:11, 138.500000, 139.000000, 138.500000, 138.500000, 5
2020/06/02 12:12, 138.500000, 138.500000, 138.500000, 138.500000, 0
2020/06/02 12:13, 138.500000, 138.500000, 138.500000, 138.500000, 1
2020/06/02 12:14, 138.500000, 138.500000, 138.500000, 138.500000, 6
2020/06/02 12:15, 138.500000, 138.500000, 138.500000, 138.500000, 4
2020/06/02 12:16, 138.500000, 138.500000, 138.500000, 138.500000, 7
2020/06/02 12:17, 138.500000, 138.500000, 138.500000, 138.500000, 1
2020/06/02 12:18, 138.500000, 138.500000, 138.500000, 138.500000, 0
2020/06/02 12:19, 138.000000, 138.000000, 138.000000, 138.000000, 3
2020/06/02 12:20, 138.000000, 138.000000, 138.000000, 138.000000, 0
2020/06/02 12:21, 138.000000, 138.000000, 138.000000, 138.000000, 0
2020/06/02 12:22, 138.000000, 138.000000, 138.000000, 138.000000, 14
2020/06/02 12:23, 138.000000, 138.000000, 138.000000, 138.000000, 0
2020/06/02 12:24, 138.000000, 138.000000, 138.000000, 138.000000, 2
2020/06/02 12:25, 138.000000, 138.000000, 138.000000, 138.000000, 0
2020/06/02 12:26, 138.000000, 138.000000, 138.000000, 138.000000, 0
2020/06/02 12:27, 138.000000, 138.000000, 138.000000, 138.000000, 0
2020/06/02 12:28, 138.000000, 138.000000, 138.000000, 138.000000, 0
2020/06/02 12:29, 138.000000, 138.000000, 138.000000, 138.000000, 0
2020/06/02 12:30, 138.000000, 138.500000, 138.000000, 138.500000, 2
2020/06/02 12:31, 138.500000, 138.500000, 138.500000, 138.500000, 0
2020/06/02 12:32, 138.500000, 138.500000, 138.500000, 138.500000, 0
2020/06/02 12:33, 138.500000, 138.500000, 138.500000, 138.500000, 0
2020/06/02 12:34, 138.500000, 138.500000, 138.500000, 138.500000, 0
2020/06/02 12:35, 138.500000, 138.500000, 138.500000, 138.500000, 0
2020/06/02 12:36, 138.500000, 138.500000, 138.500000, 138.500000, 0
2020/06/02 12:37, 138.500000, 138.500000, 138.500000, 138.500000, 0
2020/06/02 12:38, 138.500000, 138.500000, 138.500000, 138.500000, 0
2020/06/02 12:39, 138.500000, 138.500000, 138.500000, 138.500000, 0
2020/06/02 12:40, 138.000000, 138.000000, 138.000000, 138.000000, 4
2020/06/02 12:41, 138.000000, 138.000000, 138.000000, 138.000000, 0
2020/06/02 12:42, 138.000000, 138.000000, 138.000000, 138.000000, 1
2020/06/02 12:43, 138.000000, 138.500000, 138.000000, 138.500000, 3
2020/06/02 12:44, 138.500000, 138.500000, 138.000000, 138.000000, 6
2020/06/02 12:45, 138.000000, 138.000000, 138.000000, 138.000000, 7
2020/06/02 12:46, 138.000000, 138.000000, 138.000000, 138.000000, 0
2020/06/02 12:47, 138.000000, 138.000000, 138.000000, 138.000000, 0
2020/06/02 12:48, 138.500000, 138.500000, 138.500000, 138.500000, 3
2020/06/02 12:49, 138.500000, 138.500000, 138.000000, 138.000000, 2
2020/06/02 12:50, 138.000000, 138.000000, 138.000000, 138.000000, 1
2020/06/02 12:51, 138.000000, 138.000000, 138.000000, 138.000000, 0
2020/06/02 12:52, 138.000000, 138.000000, 138.000000, 138.000000, 34
2020/06/02 12:53, 138.000000, 138.000000, 138.000000, 138.000000, 5
2020/06/02 12:54, 138.000000, 138.000000, 138.000000, 138.000000, 6
2020/06/02 12:55, 138.000000, 138.000000, 138.000000, 138.000000, 10
2020/06/02 12:56, 138.000000, 138.000000, 138.000000, 138.000000, 1
2020/06/02 12:57, 138.000000, 138.000000, 137.500000, 137.500000, 17
2020/06/02 12:58, 137.500000, 137.500000, 137.500000, 137.500000, 1
2020/06/02 12:59, 137.500000, 137.500000, 137.500000, 137.500000, 0
2020/06/02 13:00, 137.500000, 137.500000, 137.500000, 137.500000, 90
2020/06/02 13:01, 137.000000, 137.000000, 137.000000, 137.000000, 2
2020/06/02 13:02, 137.000000, 137.000000, 137.000000, 137.000000, 3
2020/06/02 13:03, 137.500000, 137.500000, 137.500000, 137.500000, 4
2020/06/02 13:04, 137.500000, 137.500000, 137.500000, 137.500000, 1
2020/06/02 13:05, 137.500000, 137.500000, 137.500000, 137.500000, 9
2020/06/02 13:06, 137.500000, 137.500000, 137.500000, 137.500000, 0
2020/06/02 13:07, 137.500000, 137.500000, 137.500000, 137.500000, 0
2020/06/02 13:08, 137.500000, 137.500000, 137.500000, 137.500000, 1
2020/06/02 13:09, 137.500000, 137.500000, 137.500000, 137.500000, 1
2020/06/02 13:10, 137.500000, 137.500000, 137.500000, 137.500000, 0
2020/06/02 13:11, 137.500000, 137.500000, 137.500000, 137.500000, 2
2020/06/02 13:12, 137.000000, 137.000000, 137.000000, 137.000000, 37
2020/06/02 13:13, 137.000000, 137.000000, 137.000000, 137.000000, 2
2020/06/02 13:14, 137.500000, 137.500000, 137.500000, 137.500000, 1
2020/06/02 13:15, 137.500000, 137.500000, 137.500000, 137.500000, 0
2020/06/02 13:16, 137.500000, 137.500000, 137.500000, 137.500000, 0
2020/06/02 13:17, 137.500000, 137.500000, 137.500000, 137.500000, 3
2020/06/02 13:18, 137.500000, 137.500000, 137.500000, 137.500000, 3
2020/06/02 13:19, 137.500000, 137.500000, 137.000000, 137.500000, 4
2020/06/02 13:20, 137.500000, 137.500000, 137.500000, 137.500000, 6
2020/06/02 13:21, 137.500000, 137.500000, 137.500000, 137.500000, 5
2020/06/02 13:22, 137.500000, 137.500000, 137.500000, 137.500000, 2
2020/06/02 13:23, 137.500000, 137.500000, 137.000000, 137.500000, 16
2020/06/02 13:24, 137.500000, 137.500000, 137.000000, 137.500000, 10
2020/06/02 13:25, 137.000000, 137.500000, 137.000000, 137.000000, 20
2020/06/02 13:26, 137.000000, 137.000000, 137.000000, 137.000000, 0
2020/06/02 13:27, 137.000000, 137.000000, 137.000000, 137.000000, 0
2020/06/02 13:28, 137.000000, 137.000000, 137.000000, 137.000000, 0
2020/06/02 13:29, 137.000000, 137.000000, 137.000000, 137.000000, 0
2020/06/02 13:30, 137.000000, 137.000000, 137.000000, 137.000000, 66
2020/06/03 09:01, 138.500000, 138.500000, 138.500000, 138.500000, 32
2020/06/03 09:02, 138.500000, 139.000000, 138.000000, 138.500000, 11
2020/06/03 09:03, 138.500000, 138.500000, 137.500000, 137.500000, 27
2020/06/03 09:04, 138.000000, 138.500000, 138.000000, 138.500000, 9
2020/06/03 09:05, 138.000000, 138.000000, 137.500000, 138.000000, 5
2020/06/03 09:06, 138.000000, 138.500000, 138.000000, 138.500000, 4
2020/06/03 09:07, 138.000000, 138.000000, 137.500000, 138.000000, 3
2020/06/03 09:08, 138.000000, 138.000000, 138.000000, 138.000000, 6
2020/06/03 09:09, 138.000000, 138.000000, 138.000000, 138.000000, 4
2020/06/03 09:10, 138.000000, 138.000000, 137.500000, 138.000000, 11
2020/06/03 09:11, 138.000000, 138.000000, 137.500000, 138.000000, 11
2020/06/03 09:12, 137.500000, 137.500000, 137.500000, 137.500000, 1
2020/06/03 09:13, 138.000000, 138.000000, 138.000000, 138.000000, 7
2020/06/03 09:14, 138.000000, 138.000000, 138.000000, 138.000000, 1
2020/06/03 09:15, 138.500000, 138.500000, 138.500000, 138.500000, 33
2020/06/03 09:16, 138.000000, 138.500000, 138.000000, 138.500000, 3
2020/06/03 09:17, 138.500000, 138.500000, 138.000000, 138.500000, 14
2020/06/03 09:18, 139.000000, 139.000000, 138.000000, 138.000000, 23
2020/06/03 09:19, 138.000000, 138.500000, 138.000000, 138.000000, 6
2020/06/03 09:20, 138.500000, 138.500000, 138.500000, 138.500000, 2
2020/06/03 09:21, 138.000000, 138.500000, 138.000000, 138.500000, 2
2020/06/03 09:22, 138.500000, 138.500000, 138.000000, 138.500000, 4
2020/06/03 09:23, 138.500000, 138.500000, 138.000000, 138.500000, 23
2020/06/03 09:24, 138.500000, 138.500000, 138.000000, 138.500000, 4
2020/06/03 09:25, 138.000000, 138.000000, 138.000000, 138.000000, 1
2020/06/03 09:26, 138.000000, 138.000000, 137.500000, 137.500000, 29
2020/06/03 09:27, 137.500000, 138.500000, 137.500000, 138.500000, 7
2020/06/03 09:28, 138.500000, 138.500000, 138.000000, 138.000000, 3
2020/06/03 09:29, 138.000000, 138.000000, 138.000000, 138.000000, 2
2020/06/03 09:30, 138.000000, 138.000000, 138.000000, 138.000000, 0
2020/06/03 09:31, 138.000000, 138.000000, 138.000000, 138.000000, 0
2020/06/03 09:32, 138.000000, 138.000000, 138.000000, 138.000000, 8
2020/06/03 09:33, 138.000000, 138.000000, 137.500000, 138.000000, 7
2020/06/03 09:34, 137.500000, 137.500000, 137.500000, 137.500000, 2
2020/06/03 09:35, 137.500000, 137.500000, 137.500000, 137.500000, 1
2020/06/03 09:36, 137.500000, 138.000000, 137.500000, 138.000000, 10
2020/06/03 09:37, 138.000000, 138.000000, 138.000000, 138.000000, 0
2020/06/03 09:38, 138.000000, 138.000000, 138.000000, 138.000000, 1
2020/06/03 09:39, 138.500000, 138.500000, 138.500000, 138.500000, 1
2020/06/03 09:40, 138.000000, 138.000000, 137.500000, 137.500000, 12
2020/06/03 09:41, 138.000000, 138.000000, 138.000000, 138.000000, 2
2020/06/03 09:42, 138.500000, 138.500000, 138.500000, 138.500000, 1
2020/06/03 09:43, 138.000000, 138.500000, 138.000000, 138.000000, 10
2020/06/03 09:44, 138.000000, 138.000000, 138.000000, 138.000000, 0
2020/06/03 09:45, 138.000000, 138.000000, 138.000000, 138.000000, 4
2020/06/03 09:46, 138.500000, 138.500000, 138.500000, 138.500000, 1
2020/06/03 09:47, 138.000000, 138.000000, 138.000000, 138.000000, 1
2020/06/03 09:48, 138.000000, 138.000000, 138.000000, 138.000000, 0
2020/06/03 09:49, 138.000000, 138.000000, 138.000000, 138.000000, 14
2020/06/03 09:50, 138.000000, 138.000000, 138.000000, 138.000000, 5
2020/06/03 09:51, 138.000000, 138.000000, 138.000000, 138.000000, 1
2020/06/03 09:52, 138.000000, 138.000000, 138.000000, 138.000000, 0
2020/06/03 09:53, 138.000000, 138.000000, 138.000000, 138.000000, 5
2020/06/03 09:54, 137.500000, 138.000000, 137.500000, 138.000000, 3
2020/06/03 09:55, 138.000000, 138.000000, 138.000000, 138.000000, 1
2020/06/03 09:56, 138.000000, 138.000000, 138.000000, 138.000000, 1
2020/06/03 09:57, 138.000000, 138.000000, 138.000000, 138.000000, 1
2020/06/03 09:58, 138.000000, 138.000000, 138.000000, 138.000000, 1
2020/06/03 09:59, 138.000000, 138.000000, 138.000000, 138.000000, 0
2020/06/03 10:00, 138.000000, 138.000000, 138.000000, 138.000000, 1
2020/06/03 10:01, 138.000000, 138.000000, 138.000000, 138.000000, 1
2020/06/03 10:02, 138.500000, 138.500000, 138.000000, 138.000000, 2
2020/06/03 10:03, 138.500000, 138.500000, 138.500000, 138.500000, 4
2020/06/03 10:04, 138.500000, 138.500000, 138.500000, 138.500000, 0
2020/06/03 10:05, 138.000000, 138.000000, 138.000000, 138.000000, 3
2020/06/03 10:06, 138.500000, 138.500000, 138.500000, 138.500000, 1
2020/06/03 10:07, 138.000000, 138.000000, 138.000000, 138.000000, 1
2020/06/03 10:08, 138.000000, 138.000000, 138.000000, 138.000000, 1
2020/06/03 10:09, 138.000000, 138.000000, 138.000000, 138.000000, 2
2020/06/03 10:10, 138.000000, 138.000000, 138.000000, 138.000000, 0
2020/06/03 10:11, 138.000000, 138.000000, 138.000000, 138.000000, 2
2020/06/03 10:12, 138.000000, 138.000000, 138.000000, 138.000000, 5
2020/06/03 10:13, 138.000000, 138.000000, 138.000000, 138.000000, 1
2020/06/03 10:14, 138.000000, 138.000000, 138.000000, 138.000000, 0
2020/06/03 10:15, 138.000000, 138.000000, 138.000000, 138.000000, 0
2020/06/03 10:16, 138.000000, 138.000000, 138.000000, 138.000000, 16
2020/06/03 10:17, 138.000000, 138.000000, 138.000000, 138.000000, 2
2020/06/03 10:18, 138.000000, 138.000000, 138.000000, 138.000000, 1
2020/06/03 10:19, 138.000000, 138.000000, 138.000000, 138.000000, 0
2020/06/03 10:20, 138.000000, 138.000000, 138.000000, 138.000000, 2
2020/06/03 10:21, 138.000000, 138.000000, 138.000000, 138.000000, 2
2020/06/03 10:22, 138.000000, 138.000000, 138.000000, 138.000000, 2
2020/06/03 10:23, 138.000000, 138.000000, 138.000000, 138.000000, 2
2020/06/03 10:24, 138.000000, 138.000000, 137.500000, 137.500000, 3
2020/06/03 10:25, 138.000000, 138.000000, 137.500000, 137.500000, 7
2020/06/03 10:26, 138.000000, 138.000000, 138.000000, 138.000000, 3
2020/06/03 10:27, 137.500000, 137.500000, 137.500000, 137.500000, 1
2020/06/03 10:28, 138.000000, 138.000000, 138.000000, 138.000000, 5
2020/06/03 10:29, 137.500000, 137.500000, 137.500000, 137.500000, 1
2020/06/03 10:30, 137.500000, 137.500000, 137.500000, 137.500000, 0
2020/06/03 10:31, 137.500000, 137.500000, 137.500000, 137.500000, 1
2020/06/03 10:32, 138.000000, 138.000000, 138.000000, 138.000000, 53
2020/06/03 10:33, 138.500000, 138.500000, 138.000000, 138.000000, 2
2020/06/03 10:34, 138.500000, 138.500000, 138.500000, 138.500000, 23
2020/06/03 10:35, 138.500000, 138.500000, 138.000000, 138.500000, 13
2020/06/03 10:36, 138.500000, 138.500000, 138.500000, 138.500000, 14
2020/06/03 10:37, 138.500000, 138.500000, 138.500000, 138.500000, 0
2020/06/03 10:38, 138.500000, 138.500000, 138.500000, 138.500000, 2
2020/06/03 10:39, 138.500000, 138.500000, 138.500000, 138.500000, 0
2020/06/03 10:40, 138.500000, 138.500000, 138.500000, 138.500000, 1
2020/06/03 10:41, 138.500000, 138.500000, 138.500000, 138.500000, 1
2020/06/03 10:42, 138.500000, 138.500000, 138.000000, 138.000000, 17
2020/06/03 10:43, 138.000000, 138.000000, 138.000000, 138.000000, 2
2020/06/03 10:44, 138.500000, 138.500000, 138.000000, 138.500000, 3
2020/06/03 10:45, 138.500000, 138.500000, 138.500000, 138.500000, 0
2020/06/03 10:46, 138.500000, 138.500000, 138.000000, 138.000000, 4
2020/06/03 10:47, 138.000000, 138.000000, 138.000000, 138.000000, 0
2020/06/03 10:48, 138.000000, 138.000000, 138.000000, 138.000000, 0
2020/06/03 10:49, 138.000000, 138.000000, 138.000000, 138.000000, 1
2020/06/03 10:50, 138.000000, 138.000000, 138.000000, 138.000000, 3
2020/06/03 10:51, 138.000000, 138.000000, 138.000000, 138.000000, 1
2020/06/03 10:52, 138.000000, 138.000000, 138.000000, 138.000000, 0
2020/06/03 10:53, 138.500000, 138.500000, 138.000000, 138.000000, 2
2020/06/03 10:54, 138.000000, 138.000000, 138.000000, 138.000000, 1
2020/06/03 10:55, 138.500000, 138.500000, 138.000000, 138.000000, 3
2020/06/03 10:56, 138.500000, 138.500000, 138.500000, 138.500000, 10
2020/06/03 10:57, 138.500000, 138.500000, 138.500000, 138.500000, 2
2020/06/03 10:58, 139.000000, 139.000000, 139.000000, 139.000000, 2
2020/06/03 10:59, 139.000000, 139.000000, 139.000000, 139.000000, 6
2020/06/03 11:00, 138.500000, 139.000000, 138.500000, 138.500000, 3
2020/06/03 11:01, 138.500000, 138.500000, 138.500000, 138.500000, 0
2020/06/03 11:02, 138.500000, 138.500000, 138.500000, 138.500000, 1
2020/06/03 11:03, 138.500000, 138.500000, 138.500000, 138.500000, 1
2020/06/03 11:04, 138.500000, 139.000000, 138.500000, 139.000000, 3
2020/06/03 11:05, 139.000000, 139.000000, 139.000000, 139.000000, 0
2020/06/03 11:06, 139.000000, 139.000000, 138.500000, 138.500000, 2
2020/06/03 11:07, 138.500000, 138.500000, 138.500000, 138.500000, 0
2020/06/03 11:08, 138.500000, 138.500000, 138.500000, 138.500000, 1
2020/06/03 11:09, 138.500000, 138.500000, 138.500000, 138.500000, 0
2020/06/03 11:10, 138.500000, 138.500000, 138.500000, 138.500000, 1
2020/06/03 11:11, 138.500000, 138.500000, 138.500000, 138.500000, 5
2020/06/03 11:12, 138.500000, 138.500000, 138.500000, 138.500000, 26
2020/06/03 11:13, 138.500000, 138.500000, 138.000000, 138.000000, 6
2020/06/03 11:14, 138.000000, 138.000000, 138.000000, 138.000000, 0
2020/06/03 11:15, 138.000000, 138.000000, 138.000000, 138.000000, 1
2020/06/03 11:16, 138.500000, 138.500000, 138.500000, 138.500000, 2
2020/06/03 11:17, 138.000000, 138.000000, 138.000000, 138.000000, 1
2020/06/03 11:18, 138.500000, 138.500000, 138.500000, 138.500000, 1
2020/06/03 11:19, 138.000000, 138.000000, 138.000000, 138.000000, 1
2020/06/03 11:20, 138.000000, 138.000000, 138.000000, 138.000000, 0
2020/06/03 11:21, 138.500000, 138.500000, 138.500000, 138.500000, 1
2020/06/03 11:22, 138.000000, 138.000000, 138.000000, 138.000000, 1
2020/06/03 11:23, 138.000000, 138.000000, 138.000000, 138.000000, 0
2020/06/03 11:24, 138.000000, 138.000000, 138.000000, 138.000000, 1
2020/06/03 11:25, 138.000000, 138.500000, 138.000000, 138.500000, 2
2020/06/03 11:26, 138.000000, 138.500000, 138.000000, 138.500000, 2
2020/06/03 11:27, 138.500000, 138.500000, 138.500000, 138.500000, 0
2020/06/03 11:28, 138.000000, 138.000000, 138.000000, 138.000000, 1
2020/06/03 11:29, 138.000000, 138.000000, 138.000000, 138.000000, 0
2020/06/03 11:30, 138.000000, 138.000000, 138.000000, 138.000000, 1
2020/06/03 11:31, 138.000000, 138.000000, 138.000000, 138.000000, 0
2020/06/03 11:32, 138.000000, 138.000000, 138.000000, 138.000000, 1
2020/06/03 11:33, 138.000000, 138.000000, 138.000000, 138.000000, 2
2020/06/03 11:34, 138.000000, 138.000000, 138.000000, 138.000000, 0
2020/06/03 11:35, 138.000000, 138.000000, 138.000000, 138.000000, 1
2020/06/03 11:36, 138.000000, 138.000000, 138.000000, 138.000000, 0
2020/06/03 11:37, 138.000000, 138.000000, 138.000000, 138.000000, 1
2020/06/03 11:38, 138.000000, 138.000000, 138.000000, 138.000000, 0
2020/06/03 11:39, 138.000000, 138.500000, 138.000000, 138.500000, 2
2020/06/03 11:40, 138.500000, 138.500000, 138.500000, 138.500000, 0
2020/06/03 11:41, 138.000000, 138.000000, 138.000000, 138.000000, 1
2020/06/03 11:42, 138.000000, 138.000000, 138.000000, 138.000000, 0
2020/06/03 11:43, 138.000000, 138.000000, 138.000000, 138.000000, 0
2020/06/03 11:44, 138.000000, 138.000000, 138.000000, 138.000000, 1
2020/06/03 11:45, 138.000000, 138.000000, 138.000000, 138.000000, 0
2020/06/03 11:46, 138.000000, 138.000000, 138.000000, 138.000000, 1
2020/06/03 11:47, 138.000000, 138.000000, 138.000000, 138.000000, 0
2020/06/03 11:48, 138.000000, 138.000000, 138.000000, 138.000000, 2
2020/06/03 11:49, 138.000000, 138.000000, 138.000000, 138.000000, 0
2020/06/03 11:50, 138.000000, 138.000000, 138.000000, 138.000000, 1
2020/06/03 11:51, 138.000000, 138.000000, 138.000000, 138.000000, 0
2020/06/03 11:52, 138.000000, 138.000000, 138.000000, 138.000000, 1
2020/06/03 11:53, 138.000000, 138.000000, 138.000000, 138.000000, 2
2020/06/03 11:54, 138.500000, 138.500000, 138.500000, 138.500000, 2
2020/06/03 11:55, 138.000000, 138.000000, 138.000000, 138.000000, 1
2020/06/03 11:56, 138.000000, 138.000000, 138.000000, 138.000000, 0
2020/06/03 11:57, 138.000000, 138.000000, 138.000000, 138.000000, 1
2020/06/03 11:58, 138.000000, 138.000000, 138.000000, 138.000000, 3
2020/06/03 11:59, 138.000000, 138.000000, 138.000000, 138.000000, 1
2020/06/03 12:00, 138.000000, 138.000000, 138.000000, 138.000000, 0
2020/06/03 12:01, 138.000000, 138.000000, 138.000000, 138.000000, 1
2020/06/03 12:02, 138.000000, 138.000000, 138.000000, 138.000000, 1
2020/06/03 12:03, 138.500000, 138.500000, 138.000000, 138.000000, 2
2020/06/03 12:04, 138.000000, 138.000000, 138.000000, 138.000000, 1
2020/06/03 12:05, 138.000000, 138.000000, 138.000000, 138.000000, 0
2020/06/03 12:06, 138.000000, 138.500000, 138.000000, 138.500000, 2
2020/06/03 12:07, 138.500000, 138.500000, 138.500000, 138.500000, 1
2020/06/03 12:08, 138.000000, 138.000000, 138.000000, 138.000000, 3
2020/06/03 12:09, 138.000000, 138.000000, 138.000000, 138.000000, 0
2020/06/03 12:10, 138.000000, 138.000000, 138.000000, 138.000000, 2
2020/06/03 12:11, 138.000000, 138.500000, 138.000000, 138.000000, 14
2020/06/03 12:12, 138.000000, 138.000000, 138.000000, 138.000000, 1
2020/06/03 12:13, 138.000000, 138.000000, 138.000000, 138.000000, 0
2020/06/03 12:14, 138.000000, 138.000000, 138.000000, 138.000000, 2
2020/06/03 12:15, 138.000000, 138.000000, 138.000000, 138.000000, 1
2020/06/03 12:16, 138.000000, 138.000000, 138.000000, 138.000000, 0
2020/06/03 12:17, 138.000000, 138.000000, 138.000000, 138.000000, 2
2020/06/03 12:18, 138.000000, 138.000000, 138.000000, 138.000000, 1
2020/06/03 12:19, 138.000000, 138.000000, 138.000000, 138.000000, 2
2020/06/03 12:20, 138.000000, 138.000000, 138.000000, 138.000000, 0
2020/06/03 12:21, 138.000000, 138.000000, 138.000000, 138.000000, 1
2020/06/03 12:22, 138.000000, 138.000000, 138.000000, 138.000000, 0
2020/06/03 12:23, 138.000000, 138.000000, 138.000000, 138.000000, 1
2020/06/03 12:24, 138.500000, 138.500000, 138.500000, 138.500000, 7
2020/06/03 12:25, 138.500000, 138.500000, 138.000000, 138.000000, 15
2020/06/03 12:26, 138.500000, 138.500000, 138.500000, 138.500000, 23
2020/06/03 12:27, 138.500000, 138.500000, 138.500000, 138.500000, 5
2020/06/03 12:28, 138.500000, 139.000000, 138.500000, 139.000000, 3
2020/06/03 12:29, 139.000000, 139.000000, 139.000000, 139.000000, 1
2020/06/03 12:30, 138.500000, 138.500000, 138.500000, 138.500000, 2
2020/06/03 12:31, 138.500000, 138.500000, 138.500000, 138.500000, 2
2020/06/03 12:32, 138.500000, 139.000000, 138.000000, 138.500000, 35
2020/06/03 12:33, 138.500000, 139.000000, 138.500000, 139.000000, 3
2020/06/03 12:34, 138.500000, 138.500000, 138.500000, 138.500000, 1
2020/06/03 12:35, 139.000000, 139.000000, 139.000000, 139.000000, 5
2020/06/03 12:36, 139.000000, 139.000000, 138.500000, 138.500000, 2
2020/06/03 12:37, 138.500000, 138.500000, 138.500000, 138.500000, 1
2020/06/03 12:38, 139.000000, 139.000000, 139.000000, 139.000000, 36
2020/06/03 12:39, 138.500000, 138.500000, 138.500000, 138.500000, 1
2020/06/03 12:40, 139.000000, 139.000000, 139.000000, 139.000000, 6
2020/06/03 12:41, 138.500000, 139.000000, 138.500000, 138.500000, 37
2020/06/03 12:42, 138.500000, 138.500000, 138.500000, 138.500000, 1
2020/06/03 12:43, 138.500000, 138.500000, 138.500000, 138.500000, 1
2020/06/03 12:44, 138.500000, 138.500000, 138.500000, 138.500000, 1
2020/06/03 12:45, 138.500000, 138.500000, 138.500000, 138.500000, 1
2020/06/03 12:46, 139.000000, 139.000000, 139.000000, 139.000000, 10
2020/06/03 12:47, 138.500000, 138.500000, 138.500000, 138.500000, 2
2020/06/03 12:48, 138.500000, 138.500000, 138.500000, 138.500000, 2
2020/06/03 12:49, 138.500000, 138.500000, 138.500000, 138.500000, 2
2020/06/03 12:50, 138.500000, 138.500000, 138.500000, 138.500000, 1
2020/06/03 12:51, 139.000000, 139.500000, 139.000000, 139.500000, 53
2020/06/03 12:52, 139.500000, 139.500000, 139.000000, 139.500000, 7
2020/06/03 12:53, 139.500000, 139.500000, 139.500000, 139.500000, 7
2020/06/03 12:54, 139.500000, 139.500000, 139.000000, 139.000000, 4
2020/06/03 12:55, 139.500000, 139.500000, 139.500000, 139.500000, 10
2020/06/03 12:56, 139.500000, 139.500000, 139.000000, 139.500000, 13
2020/06/03 12:57, 139.500000, 139.500000, 139.500000, 139.500000, 49
2020/06/03 12:58, 139.500000, 139.500000, 139.500000, 139.500000, 5
2020/06/03 12:59, 139.500000, 139.500000, 139.500000, 139.500000, 2
2020/06/03 13:00, 139.500000, 139.500000, 139.500000, 139.500000, 4
2020/06/03 13:01, 139.500000, 140.000000, 139.500000, 140.000000, 20
2020/06/03 13:02, 139.500000, 140.000000, 139.500000, 140.000000, 5
2020/06/03 13:03, 140.000000, 140.000000, 140.000000, 140.000000, 11
2020/06/03 13:04, 140.000000, 140.000000, 139.500000, 139.500000, 4
2020/06/03 13:05, 140.000000, 140.000000, 139.500000, 139.500000, 5
2020/06/03 13:06, 140.000000, 140.000000, 140.000000, 140.000000, 3
2020/06/03 13:07, 140.000000, 140.000000, 140.000000, 140.000000, 2
2020/06/03 13:08, 140.000000, 140.000000, 140.000000, 140.000000, 13
2020/06/03 13:09, 140.000000, 140.000000, 139.500000, 140.000000, 14
2020/06/03 13:10, 140.000000, 140.000000, 140.000000, 140.000000, 5
2020/06/03 13:11, 140.000000, 140.000000, 140.000000, 140.000000, 37
2020/06/03 13:12, 140.000000, 140.500000, 139.500000, 140.500000, 49
2020/06/03 13:13, 140.500000, 140.500000, 140.500000, 140.500000, 8
2020/06/03 13:14, 140.500000, 140.500000, 140.500000, 140.500000, 3
2020/06/03 13:15, 140.500000, 140.500000, 140.000000, 140.000000, 24
2020/06/03 13:16, 140.000000, 140.500000, 140.000000, 140.500000, 8
2020/06/03 13:17, 140.500000, 140.500000, 140.500000, 140.500000, 5
2020/06/03 13:18, 140.500000, 140.500000, 140.500000, 140.500000, 1
2020/06/03 13:19, 140.500000, 140.500000, 140.000000, 140.000000, 7
2020/06/03 13:20, 140.500000, 140.500000, 140.000000, 140.500000, 10
2020/06/03 13:21, 140.500000, 140.500000, 140.000000, 140.000000, 8
2020/06/03 13:22, 140.500000, 140.500000, 140.000000, 140.000000, 22
2020/06/03 13:23, 140.000000, 140.000000, 139.500000, 140.000000, 58
2020/06/03 13:24, 140.000000, 140.000000, 140.000000, 140.000000, 14
2020/06/03 13:25, 140.000000, 140.500000, 139.500000, 140.500000, 31
2020/06/03 13:26, 140.500000, 140.500000, 140.500000, 140.500000, 0
2020/06/03 13:27, 140.500000, 140.500000, 140.500000, 140.500000, 0
2020/06/03 13:28, 140.500000, 140.500000, 140.500000, 140.500000, 0
2020/06/03 13:29, 140.500000, 140.500000, 140.500000, 140.500000, 0
2020/06/03 13:30, 140.500000, 140.500000, 140.500000, 140.500000, 122
2020/06/04 09:01, 141.500000, 142.000000, 141.000000, 141.500000, 149
2020/06/04 09:02, 141.500000, 141.500000, 141.500000, 141.500000, 43
2020/06/04 09:03, 141.500000, 141.500000, 141.000000, 141.500000, 40
2020/06/04 09:04, 141.500000, 141.500000, 140.500000, 141.000000, 79
2020/06/04 09:05, 141.000000, 141.000000, 140.500000, 140.500000, 12
2020/06/04 09:06, 141.000000, 141.000000, 140.500000, 141.000000, 23
2020/06/04 09:07, 141.000000, 141.000000, 140.500000, 141.000000, 9
2020/06/04 09:08, 141.000000, 141.000000, 141.000000, 141.000000, 12
2020/06/04 09:09, 141.000000, 141.000000, 141.000000, 141.000000, 22
2020/06/04 09:10, 140.500000, 141.000000, 140.500000, 141.000000, 70
2020/06/04 09:11, 141.000000, 141.000000, 140.500000, 141.000000, 14
2020/06/04 09:12, 141.000000, 141.000000, 141.000000, 141.000000, 4
2020/06/04 09:13, 141.000000, 141.000000, 140.500000, 140.500000, 3
2020/06/04 09:14, 141.000000, 141.000000, 140.500000, 141.000000, 14
2020/06/04 09:15, 141.000000, 141.000000, 141.000000, 141.000000, 7
2020/06/04 09:16, 141.000000, 141.000000, 140.500000, 141.000000, 13
2020/06/04 09:17, 141.000000, 141.000000, 140.500000, 141.000000, 17
2020/06/04 09:18, 141.000000, 141.000000, 140.500000, 140.500000, 15
2020/06/04 09:19, 140.500000, 140.500000, 140.500000, 140.500000, 4
2020/06/04 09:20, 141.000000, 141.000000, 140.500000, 140.500000, 45
2020/06/04 09:21, 140.500000, 140.500000, 140.500000, 140.500000, 4
2020/06/04 09:22, 140.500000, 140.500000, 140.000000, 140.500000, 28
2020/06/04 09:23, 140.500000, 141.000000, 140.500000, 140.500000, 16
2020/06/04 09:24, 140.500000, 140.500000, 140.000000, 140.000000, 6
2020/06/04 09:25, 140.000000, 140.000000, 139.500000, 139.500000, 43
2020/06/04 09:26, 139.500000, 139.500000, 139.500000, 139.500000, 0
2020/06/04 09:27, 139.500000, 139.500000, 139.500000, 139.500000, 10
2020/06/04 09:28, 139.500000, 140.000000, 139.500000, 140.000000, 12
2020/06/04 09:29, 140.000000, 140.000000, 140.000000, 140.000000, 1
2020/06/04 09:30, 140.000000, 140.000000, 140.000000, 140.000000, 0
2020/06/04 09:31, 139.500000, 139.500000, 139.500000, 139.500000, 1
2020/06/04 09:32, 139.500000, 139.500000, 139.500000, 139.500000, 1
2020/06/04 09:33, 139.500000, 140.000000, 139.500000, 139.500000, 18
2020/06/04 09:34, 139.500000, 139.500000, 139.500000, 139.500000, 0
2020/06/04 09:35, 139.500000, 139.500000, 139.500000, 139.500000, 2
2020/06/04 09:36, 139.500000, 139.500000, 139.500000, 139.500000, 16
2020/06/04 09:37, 139.500000, 139.500000, 139.500000, 139.500000, 0
2020/06/04 09:38, 139.500000, 139.500000, 139.500000, 139.500000, 17
2020/06/04 09:39, 139.500000, 139.500000, 139.500000, 139.500000, 6
2020/06/04 09:40, 139.500000, 139.500000, 139.500000, 139.500000, 9
2020/06/04 09:41, 139.500000, 139.500000, 139.500000, 139.500000, 8
2020/06/04 09:42, 139.500000, 139.500000, 139.500000, 139.500000, 3
2020/06/04 09:43, 139.500000, 139.500000, 139.500000, 139.500000, 0
2020/06/04 09:44, 139.500000, 139.500000, 139.000000, 139.500000, 23
2020/06/04 09:45, 139.000000, 139.000000, 139.000000, 139.000000, 7
2020/06/04 09:46, 139.000000, 139.500000, 139.000000, 139.500000, 2
2020/06/04 09:47, 139.500000, 139.500000, 139.500000, 139.500000, 7
2020/06/04 09:48, 139.500000, 139.500000, 139.000000, 139.000000, 4
2020/06/04 09:49, 139.500000, 139.500000, 139.500000, 139.500000, 1
2020/06/04 09:50, 139.500000, 139.500000, 139.500000, 139.500000, 1
2020/06/04 09:51, 139.500000, 139.500000, 139.500000, 139.500000, 8
2020/06/04 09:52, 139.500000, 139.500000, 139.500000, 139.500000, 2
2020/06/04 09:53, 139.500000, 139.500000, 139.500000, 139.500000, 0
2020/06/04 09:54, 139.500000, 139.500000, 139.500000, 139.500000, 2
2020/06/04 09:55, 139.500000, 140.000000, 139.500000, 140.000000, 5
2020/06/04 09:56, 140.000000, 140.000000, 140.000000, 140.000000, 1
2020/06/04 09:57, 140.000000, 140.000000, 140.000000, 140.000000, 0
2020/06/04 09:58, 140.000000, 140.000000, 140.000000, 140.000000, 3
2020/06/04 09:59, 139.500000, 140.000000, 139.500000, 139.500000, 35
2020/06/04 10:00, 139.500000, 139.500000, 139.500000, 139.500000, 2
2020/06/04 10:01, 139.500000, 139.500000, 139.500000, 139.500000, 4
2020/06/04 10:02, 139.500000, 139.500000, 139.500000, 139.500000, 4
2020/06/04 10:03, 139.500000, 139.500000, 139.500000, 139.500000, 0
2020/06/04 10:04, 140.000000, 140.000000, 139.500000, 139.500000, 4
2020/06/04 10:05, 140.000000, 140.000000, 140.000000, 140.000000, 9
2020/06/04 10:06, 140.000000, 140.500000, 140.000000, 140.500000, 36
2020/06/04 10:07, 140.500000, 140.500000, 140.500000, 140.500000, 33
2020/06/04 10:08, 140.500000, 141.000000, 140.500000, 141.000000, 63
2020/06/04 10:09, 141.500000, 141.500000, 141.000000, 141.500000, 33
2020/06/04 10:10, 141.500000, 141.500000, 141.000000, 141.500000, 5
2020/06/04 10:11, 141.500000, 141.500000, 141.500000, 141.500000, 33
2020/06/04 10:12, 141.500000, 142.000000, 141.500000, 142.000000, 90
2020/06/04 10:13, 142.000000, 142.500000, 141.500000, 142.500000, 94
2020/06/04 10:14, 142.000000, 142.500000, 142.000000, 142.500000, 34
2020/06/04 10:15, 142.500000, 142.500000, 142.000000, 142.500000, 35
2020/06/04 10:16, 142.000000, 142.000000, 142.000000, 142.000000, 23
2020/06/04 10:17, 142.000000, 142.000000, 142.000000, 142.000000, 41
2020/06/04 10:18, 142.000000, 142.000000, 141.500000, 142.000000, 29
2020/06/04 10:19, 142.000000, 142.000000, 142.000000, 142.000000, 2
2020/06/04 10:20, 142.000000, 142.000000, 142.000000, 142.000000, 0
2020/06/04 10:21, 142.000000, 142.000000, 141.500000, 142.000000, 10
2020/06/04 10:22, 142.000000, 142.500000, 142.000000, 142.500000, 45
2020/06/04 10:23, 142.500000, 142.500000, 142.500000, 142.500000, 5
2020/06/04 10:24, 142.500000, 142.500000, 142.500000, 142.500000, 3
2020/06/04 10:25, 142.500000, 142.500000, 142.000000, 142.000000, 4
2020/06/04 10:26, 142.000000, 142.000000, 142.000000, 142.000000, 8
2020/06/04 10:27, 141.500000, 141.500000, 141.500000, 141.500000, 1
2020/06/04 10:28, 142.000000, 142.000000, 142.000000, 142.000000, 6
2020/06/04 10:29, 142.000000, 142.000000, 142.000000, 142.000000, 14
2020/06/04 10:30, 142.000000, 142.000000, 142.000000, 142.000000, 6
2020/06/04 10:31, 142.000000, 142.000000, 142.000000, 142.000000, 3
2020/06/04 10:32, 142.000000, 142.000000, 142.000000, 142.000000, 1
2020/06/04 10:33, 142.000000, 142.000000, 142.000000, 142.000000, 2
2020/06/04 10:34, 141.500000, 141.500000, 141.500000, 141.500000, 40
2020/06/04 10:35, 141.500000, 141.500000, 141.000000, 141.000000, 4
2020/06/04 10:36, 141.000000, 141.000000, 141.000000, 141.000000, 8
2020/06/04 10:37, 141.000000, 141.500000, 141.000000, 141.500000, 12
2020/06/04 10:38, 141.500000, 141.500000, 141.000000, 141.500000, 12
2020/06/04 10:39, 141.500000, 141.500000, 141.500000, 141.500000, 1
2020/06/04 10:40, 141.500000, 141.500000, 141.500000, 141.500000, 0
2020/06/04 10:41, 141.500000, 141.500000, 141.500000, 141.500000, 6
2020/06/04 10:42, 141.500000, 141.500000, 141.500000, 141.500000, 0
2020/06/04 10:43, 141.500000, 141.500000, 141.500000, 141.500000, 4
2020/06/04 10:44, 141.500000, 141.500000, 141.500000, 141.500000, 0
2020/06/04 10:45, 141.500000, 141.500000, 141.500000, 141.500000, 1
2020/06/04 10:46, 141.500000, 141.500000, 141.500000, 141.500000, 0
2020/06/04 10:47, 141.500000, 141.500000, 141.500000, 141.500000, 0
2020/06/04 10:48, 142.000000, 142.000000, 142.000000, 142.000000, 20
2020/06/04 10:49, 142.000000, 142.500000, 141.500000, 142.000000, 66
2020/06/04 10:50, 142.000000, 142.000000, 142.000000, 142.000000, 1
2020/06/04 10:51, 141.500000, 142.000000, 141.500000, 142.000000, 9
2020/06/04 10:52, 142.000000, 142.000000, 142.000000, 142.000000, 8
2020/06/04 10:53, 142.000000, 142.000000, 142.000000, 142.000000, 1
2020/06/04 10:54, 142.000000, 142.000000, 142.000000, 142.000000, 0
2020/06/04 10:55, 142.000000, 142.000000, 142.000000, 142.000000, 0
2020/06/04 10:56, 141.500000, 141.500000, 141.500000, 141.500000, 8
2020/06/04 10:57, 141.500000, 141.500000, 141.500000, 141.500000, 37
2020/06/04 10:58, 141.000000, 141.500000, 141.000000, 141.500000, 3
2020/06/04 10:59, 141.500000, 141.500000, 141.500000, 141.500000, 8
2020/06/04 11:00, 141.500000, 141.500000, 141.500000, 141.500000, 0
2020/06/04 11:01, 141.500000, 141.500000, 141.500000, 141.500000, 1
2020/06/04 11:02, 141.500000, 141.500000, 141.500000, 141.500000, 7
2020/06/04 11:03, 141.500000, 142.000000, 141.500000, 142.000000, 3
2020/06/04 11:04, 142.000000, 142.000000, 142.000000, 142.000000, 9
2020/06/04 11:05, 142.000000, 142.000000, 142.000000, 142.000000, 1
2020/06/04 11:06, 141.500000, 141.500000, 141.500000, 141.500000, 9
2020/06/04 11:07, 141.500000, 141.500000, 141.500000, 141.500000, 4
2020/06/04 11:08, 142.000000, 142.000000, 142.000000, 142.000000, 2
2020/06/04 11:09, 142.000000, 142.000000, 142.000000, 142.000000, 11
2020/06/04 11:10, 142.000000, 142.000000, 142.000000, 142.000000, 2
2020/06/04 11:11, 142.000000, 142.000000, 142.000000, 142.000000, 0
2020/06/04 11:12, 142.000000, 142.000000, 142.000000, 142.000000, 1
2020/06/04 11:13, 141.500000, 141.500000, 141.500000, 141.500000, 6
2020/06/04 11:14, 141.500000, 142.000000, 141.500000, 141.500000, 11
2020/06/04 11:15, 141.500000, 141.500000, 141.500000, 141.500000, 1
2020/06/04 11:16, 141.500000, 142.000000, 141.500000, 142.000000, 10
2020/06/04 11:17, 142.000000, 142.000000, 142.000000, 142.000000, 0
2020/06/04 11:18, 141.500000, 141.500000, 141.500000, 141.500000, 6
2020/06/04 11:19, 141.500000, 141.500000, 141.500000, 141.500000, 3
2020/06/04 11:20, 141.500000, 141.500000, 141.500000, 141.500000, 0
2020/06/04 11:21, 141.500000, 141.500000, 141.500000, 141.500000, 2
2020/06/04 11:22, 142.000000, 142.000000, 141.500000, 141.500000, 4
2020/06/04 11:23, 141.500000, 141.500000, 141.500000, 141.500000, 0
2020/06/04 11:24, 141.500000, 141.500000, 141.500000, 141.500000, 1
2020/06/04 11:25, 141.500000, 141.500000, 141.500000, 141.500000, 0
2020/06/04 11:26, 141.500000, 141.500000, 141.500000, 141.500000, 4
2020/06/04 11:27, 141.500000, 141.500000, 141.500000, 141.500000, 1
2020/06/04 11:28, 141.500000, 141.500000, 141.500000, 141.500000, 1
2020/06/04 11:29, 141.500000, 141.500000, 141.500000, 141.500000, 20
2020/06/04 11:30, 141.500000, 141.500000, 141.500000, 141.500000, 3
2020/06/04 11:31, 141.500000, 141.500000, 141.500000, 141.500000, 9
2020/06/04 11:32, 142.000000, 142.000000, 141.500000, 141.500000, 3
2020/06/04 11:33, 141.500000, 141.500000, 141.500000, 141.500000, 0
2020/06/04 11:34, 141.500000, 141.500000, 141.500000, 141.500000, 5
2020/06/04 11:35, 141.500000, 142.000000, 141.500000, 142.000000, 4
2020/06/04 11:36, 141.500000, 141.500000, 141.500000, 141.500000, 1
2020/06/04 11:37, 141.500000, 141.500000, 141.500000, 141.500000, 3
2020/06/04 11:38, 141.000000, 141.000000, 141.000000, 141.000000, 1
2020/06/04 11:39, 141.000000, 141.500000, 141.000000, 141.500000, 2
2020/06/04 11:40, 141.500000, 141.500000, 141.500000, 141.500000, 1
2020/06/04 11:41, 141.500000, 141.500000, 141.500000, 141.500000, 0
2020/06/04 11:42, 141.500000, 141.500000, 141.500000, 141.500000, 0
2020/06/04 11:43, 141.500000, 141.500000, 141.500000, 141.500000, 14
2020/06/04 11:44, 141.000000, 142.000000, 141.000000, 141.500000, 4
2020/06/04 11:45, 141.500000, 141.500000, 141.500000, 141.500000, 0
2020/06/04 11:46, 141.500000, 141.500000, 141.500000, 141.500000, 1
2020/06/04 11:47, 141.500000, 141.500000, 141.500000, 141.500000, 8
2020/06/04 11:48, 141.500000, 141.500000, 141.500000, 141.500000, 1
2020/06/04 11:49, 141.500000, 141.500000, 141.500000, 141.500000, 0
2020/06/04 11:50, 141.500000, 141.500000, 141.500000, 141.500000, 1
2020/06/04 11:51, 141.500000, 141.500000, 141.000000, 141.000000, 3
2020/06/04 11:52, 141.000000, 141.000000, 141.000000, 141.000000, 1
2020/06/04 11:53, 141.000000, 141.000000, 141.000000, 141.000000, 1
2020/06/04 11:54, 141.500000, 141.500000, 141.000000, 141.000000, 7
2020/06/04 11:55, 141.000000, 141.000000, 141.000000, 141.000000, 0
2020/06/04 11:56, 141.000000, 141.000000, 141.000000, 141.000000, 0
2020/06/04 11:57, 141.000000, 141.500000, 141.000000, 141.500000, 5
2020/06/04 11:58, 141.500000, 141.500000, 141.500000, 141.500000, 0
2020/06/04 11:59, 141.500000, 141.500000, 141.500000, 141.500000, 1
2020/06/04 12:00, 141.000000, 141.000000, 141.000000, 141.000000, 3
2020/06/04 12:01, 141.500000, 141.500000, 141.500000, 141.500000, 5
2020/06/04 12:02, 141.500000, 141.500000, 141.500000, 141.500000, 0
2020/06/04 12:03, 141.500000, 141.500000, 141.500000, 141.500000, 2
2020/06/04 12:04, 141.500000, 141.500000, 141.000000, 141.500000, 5
2020/06/04 12:05, 141.500000, 141.500000, 141.500000, 141.500000, 1
2020/06/04 12:06, 141.500000, 141.500000, 141.500000, 141.500000, 0
2020/06/04 12:07, 141.500000, 141.500000, 141.500000, 141.500000, 0
2020/06/04 12:08, 141.000000, 141.000000, 141.000000, 141.000000, 12
2020/06/04 12:09, 141.000000, 141.500000, 141.000000, 141.000000, 5
2020/06/04 12:10, 141.500000, 141.500000, 141.000000, 141.500000, 10
2020/06/04 12:11, 141.500000, 141.500000, 141.500000, 141.500000, 30
2020/06/04 12:12, 141.500000, 141.500000, 141.500000, 141.500000, 1
2020/06/04 12:13, 142.000000, 142.000000, 142.000000, 142.000000, 3
2020/06/04 12:14, 142.000000, 142.500000, 142.000000, 142.000000, 117
2020/06/04 12:15, 142.000000, 142.500000, 142.000000, 142.000000, 4
2020/06/04 12:16, 142.500000, 142.500000, 142.000000, 142.500000, 23
2020/06/04 12:17, 142.500000, 142.500000, 142.000000, 142.000000, 10
2020/06/04 12:18, 142.000000, 142.000000, 142.000000, 142.000000, 0
2020/06/04 12:19, 142.000000, 142.000000, 141.500000, 141.500000, 32
2020/06/04 12:20, 141.500000, 141.500000, 141.500000, 141.500000, 0
2020/06/04 12:21, 141.500000, 141.500000, 141.500000, 141.500000, 30
2020/06/04 12:22, 141.000000, 141.500000, 141.000000, 141.500000, 2
2020/06/04 12:23, 141.500000, 141.500000, 141.500000, 141.500000, 2
2020/06/04 12:24, 141.500000, 141.500000, 141.500000, 141.500000, 3
2020/06/04 12:25, 141.500000, 141.500000, 141.500000, 141.500000, 1
2020/06/04 12:26, 141.500000, 141.500000, 141.500000, 141.500000, 0
2020/06/04 12:27, 141.500000, 141.500000, 141.500000, 141.500000, 0
2020/06/04 12:28, 141.500000, 141.500000, 141.500000, 141.500000, 1
2020/06/04 12:29, 141.500000, 141.500000, 141.500000, 141.500000, 2
2020/06/04 12:30, 141.500000, 141.500000, 141.500000, 141.500000, 6
2020/06/04 12:31, 141.500000, 141.500000, 141.500000, 141.500000, 1
2020/06/04 12:32, 141.500000, 141.500000, 141.500000, 141.500000, 6
2020/06/04 12:33, 141.500000, 142.000000, 141.500000, 142.000000, 6
2020/06/04 12:34, 142.000000, 142.000000, 142.000000, 142.000000, 1
2020/06/04 12:35, 142.000000, 142.000000, 141.500000, 141.500000, 6
2020/06/04 12:36, 141.500000, 141.500000, 141.500000, 141.500000, 0
2020/06/04 12:37, 142.000000, 142.000000, 142.000000, 142.000000, 2
2020/06/04 12:38, 142.000000, 142.000000, 142.000000, 142.000000, 15
2020/06/04 12:39, 142.000000, 142.500000, 142.000000, 142.000000, 42
2020/06/04 12:40, 142.000000, 142.000000, 142.000000, 142.000000, 8
2020/06/04 12:41, 142.000000, 142.000000, 142.000000, 142.000000, 10
2020/06/04 12:42, 142.000000, 142.000000, 142.000000, 142.000000, 2
2020/06/04 12:43, 142.000000, 142.000000, 142.000000, 142.000000, 0
2020/06/04 12:44, 142.000000, 142.000000, 142.000000, 142.000000, 9
2020/06/04 12:45, 142.000000, 142.500000, 142.000000, 142.000000, 45
2020/06/04 12:46, 142.000000, 142.000000, 142.000000, 142.000000, 1
2020/06/04 12:47, 142.000000, 142.000000, 142.000000, 142.000000, 5
2020/06/04 12:48, 142.000000, 142.000000, 142.000000, 142.000000, 6
2020/06/04 12:49, 142.000000, 142.000000, 142.000000, 142.000000, 9
2020/06/04 12:50, 142.000000, 142.000000, 142.000000, 142.000000, 21
2020/06/04 12:51, 142.000000, 142.000000, 142.000000, 142.000000, 8
2020/06/04 12:52, 142.000000, 142.500000, 142.000000, 142.500000, 6
2020/06/04 12:53, 142.000000, 142.000000, 142.000000, 142.000000, 11
2020/06/04 12:54, 142.000000, 142.000000, 142.000000, 142.000000, 11
2020/06/04 12:55, 142.000000, 142.000000, 142.000000, 142.000000, 4
2020/06/04 12:56, 142.000000, 142.000000, 142.000000, 142.000000, 3
2020/06/04 12:57, 142.000000, 142.000000, 142.000000, 142.000000, 6
2020/06/04 12:58, 142.000000, 142.000000, 142.000000, 142.000000, 3
2020/06/04 12:59, 142.000000, 142.000000, 142.000000, 142.000000, 4
2020/06/04 13:00, 142.000000, 142.000000, 142.000000, 142.000000, 17
2020/06/04 13:01, 142.000000, 142.500000, 142.000000, 142.500000, 69
2020/06/04 13:02, 142.500000, 142.500000, 142.500000, 142.500000, 4
2020/06/04 13:03, 142.500000, 142.500000, 142.500000, 142.500000, 0
2020/06/04 13:04, 142.500000, 142.500000, 142.500000, 142.500000, 5
2020/06/04 13:05, 142.500000, 143.000000, 142.000000, 143.000000, 74
2020/06/04 13:06, 143.000000, 143.000000, 143.000000, 143.000000, 12
2020/06/04 13:07, 142.500000, 143.000000, 142.500000, 142.500000, 7
2020/06/04 13:08, 142.500000, 143.500000, 142.500000, 143.500000, 133
2020/06/04 13:09, 143.500000, 143.500000, 143.000000, 143.500000, 31
2020/06/04 13:10, 143.500000, 143.500000, 143.000000, 143.000000, 34
2020/06/04 13:11, 143.000000, 143.500000, 143.000000, 143.000000, 26
2020/06/04 13:12, 143.000000, 143.500000, 142.500000, 143.000000, 22
2020/06/04 13:13, 143.500000, 143.500000, 143.000000, 143.500000, 30
2020/06/04 13:14, 143.500000, 144.000000, 143.500000, 143.500000, 45
2020/06/04 13:15, 143.500000, 144.000000, 143.500000, 143.500000, 7
2020/06/04 13:16, 143.500000, 144.000000, 143.500000, 143.500000, 32
2020/06/04 13:17, 143.500000, 144.000000, 143.500000, 143.500000, 35
2020/06/04 13:18, 143.500000, 144.000000, 143.500000, 143.500000, 16
2020/06/04 13:19, 144.000000, 144.000000, 143.500000, 143.500000, 31
2020/06/04 13:20, 143.500000, 144.000000, 143.500000, 144.000000, 4
2020/06/04 13:21, 144.000000, 144.000000, 143.500000, 144.000000, 100
2020/06/04 13:22, 143.500000, 144.000000, 143.500000, 144.000000, 24
2020/06/04 13:23, 144.000000, 144.000000, 143.500000, 144.000000, 18
2020/06/04 13:24, 144.000000, 144.000000, 143.500000, 144.000000, 28
2020/06/04 13:25, 143.500000, 144.000000, 143.500000, 143.500000, 20
2020/06/04 13:26, 143.500000, 143.500000, 143.500000, 143.500000, 0
2020/06/04 13:27, 143.500000, 143.500000, 143.500000, 143.500000, 0
2020/06/04 13:28, 143.500000, 143.500000, 143.500000, 143.500000, 0
2020/06/04 13:29, 143.500000, 143.500000, 143.500000, 143.500000, 0
2020/06/04 13:30, 144.000000, 144.000000, 144.000000, 144.000000, 187
2020/06/05 09:01, 143.000000, 143.000000, 142.500000, 142.500000, 155
2020/06/05 09:02, 142.500000, 142.500000, 142.000000, 142.500000, 64
2020/06/05 09:03, 142.000000, 142.500000, 142.000000, 142.000000, 24
2020/06/05 09:04, 142.500000, 143.000000, 142.000000, 142.000000, 13
2020/06/05 09:05, 142.500000, 142.500000, 142.000000, 142.500000, 22
2020/06/05 09:06, 142.500000, 142.500000, 142.500000, 142.500000, 8
2020/06/05 09:07, 142.500000, 142.500000, 142.500000, 142.500000, 24
2020/06/05 09:08, 142.500000, 142.500000, 142.000000, 142.000000, 29
2020/06/05 09:09, 142.500000, 142.500000, 142.500000, 142.500000, 7
2020/06/05 09:10, 142.000000, 142.000000, 142.000000, 142.000000, 7
2020/06/05 09:11, 142.000000, 142.000000, 141.500000, 141.500000, 55
2020/06/05 09:12, 141.500000, 142.000000, 141.500000, 142.000000, 14
2020/06/05 09:13, 142.000000, 142.000000, 142.000000, 142.000000, 13
2020/06/05 09:14, 142.000000, 142.000000, 142.000000, 142.000000, 7
2020/06/05 09:15, 142.000000, 142.000000, 142.000000, 142.000000, 9
2020/06/05 09:16, 142.000000, 142.000000, 142.000000, 142.000000, 2
2020/06/05 09:17, 142.000000, 142.500000, 142.000000, 142.500000, 5
2020/06/05 09:18, 142.500000, 142.500000, 142.000000, 142.000000, 8
2020/06/05 09:19, 142.000000, 142.000000, 142.000000, 142.000000, 26
2020/06/05 09:20, 142.000000, 142.000000, 141.000000, 141.500000, 78
2020/06/05 09:21, 141.500000, 141.500000, 141.000000, 141.000000, 5
2020/06/05 09:22, 141.000000, 141.500000, 141.000000, 141.000000, 31
2020/06/05 09:23, 141.500000, 141.500000, 141.500000, 141.500000, 8
2020/06/05 09:24, 141.500000, 141.500000, 141.500000, 141.500000, 3
2020/06/05 09:25, 142.000000, 142.000000, 142.000000, 142.000000, 2
2020/06/05 09:26, 142.000000, 142.000000, 142.000000, 142.000000, 11
2020/06/05 09:27, 142.000000, 142.000000, 142.000000, 142.000000, 30
2020/06/05 09:28, 142.000000, 142.500000, 142.000000, 142.500000, 7
2020/06/05 09:29, 142.000000, 142.000000, 141.500000, 141.500000, 32
2020/06/05 09:30, 142.000000, 142.000000, 142.000000, 142.000000, 1
2020/06/05 09:31, 142.000000, 142.000000, 142.000000, 142.000000, 1
2020/06/05 09:32, 141.500000, 141.500000, 141.500000, 141.500000, 7
2020/06/05 09:33, 141.500000, 141.500000, 141.500000, 141.500000, 0
2020/06/05 09:34, 141.500000, 141.500000, 141.500000, 141.500000, 4
2020/06/05 09:35, 141.500000, 141.500000, 141.000000, 141.000000, 32
2020/06/05 09:36, 141.000000, 141.500000, 141.000000, 141.500000, 6
2020/06/05 09:37, 141.500000, 142.000000, 141.500000, 141.500000, 27
2020/06/05 09:38, 141.500000, 141.500000, 141.500000, 141.500000, 0
2020/06/05 09:39, 142.000000, 142.000000, 142.000000, 142.000000, 1
2020/06/05 09:40, 141.500000, 141.500000, 141.500000, 141.500000, 4
2020/06/05 09:41, 142.000000, 142.000000, 142.000000, 142.000000, 1
2020/06/05 09:42, 142.000000, 142.000000, 142.000000, 142.000000, 0
2020/06/05 09:43, 141.500000, 141.500000, 141.500000, 141.500000, 1
2020/06/05 09:44, 141.500000, 141.500000, 141.500000, 141.500000, 2
2020/06/05 09:45, 141.500000, 141.500000, 141.500000, 141.500000, 1
2020/06/05 09:46, 141.500000, 141.500000, 141.500000, 141.500000, 2
2020/06/05 09:47, 141.500000, 141.500000, 141.500000, 141.500000, 71
2020/06/05 09:48, 141.500000, 141.500000, 141.500000, 141.500000, 4
2020/06/05 09:49, 141.500000, 141.500000, 141.500000, 141.500000, 8
2020/06/05 09:50, 141.500000, 141.500000, 141.500000, 141.500000, 17
2020/06/05 09:51, 141.500000, 141.500000, 141.500000, 141.500000, 5
2020/06/05 09:52, 141.500000, 141.500000, 141.500000, 141.500000, 1
2020/06/05 09:53, 141.500000, 141.500000, 141.500000, 141.500000, 1
2020/06/05 09:54, 141.500000, 141.500000, 141.500000, 141.500000, 1
2020/06/05 09:55, 141.500000, 141.500000, 141.500000, 141.500000, 4
2020/06/05 09:56, 141.500000, 141.500000, 141.500000, 141.500000, 10
2020/06/05 09:57, 141.500000, 141.500000, 141.500000, 141.500000, 5
2020/06/05 09:58, 142.000000, 142.000000, 142.000000, 142.000000, 2
2020/06/05 09:59, 142.000000, 142.000000, 142.000000, 142.000000, 1
2020/06/05 10:00, 142.000000, 142.000000, 142.000000, 142.000000, 3
2020/06/05 10:01, 142.000000, 142.000000, 142.000000, 142.000000, 58
2020/06/05 10:02, 142.500000, 142.500000, 142.500000, 142.500000, 1
2020/06/05 10:03, 142.500000, 142.500000, 142.500000, 142.500000, 0
2020/06/05 10:04, 142.500000, 142.500000, 142.500000, 142.500000, 6
2020/06/05 10:05, 142.000000, 142.000000, 142.000000, 142.000000, 4
2020/06/05 10:06, 142.500000, 143.000000, 142.500000, 143.000000, 30
2020/06/05 10:07, 142.500000, 142.500000, 142.500000, 142.500000, 9
2020/06/05 10:08, 143.000000, 143.000000, 143.000000, 143.000000, 1
2020/06/05 10:09, 143.000000, 143.000000, 143.000000, 143.000000, 1
2020/06/05 10:10, 143.000000, 143.000000, 143.000000, 143.000000, 0
2020/06/05 10:11, 143.000000, 143.000000, 142.500000, 142.500000, 6
2020/06/05 10:12, 142.500000, 142.500000, 142.000000, 142.000000, 16
2020/06/05 10:13, 142.000000, 142.000000, 142.000000, 142.000000, 1
2020/06/05 10:14, 142.000000, 142.000000, 142.000000, 142.000000, 3
2020/06/05 10:15, 142.000000, 142.000000, 142.000000, 142.000000, 0
2020/06/05 10:16, 142.500000, 142.500000, 142.000000, 142.000000, 12
2020/06/05 10:17, 142.000000, 142.500000, 142.000000, 142.000000, 14
2020/06/05 10:18, 142.500000, 142.500000, 142.500000, 142.500000, 2
2020/06/05 10:19, 142.500000, 142.500000, 142.000000, 142.000000, 21
2020/06/05 10:20, 142.000000, 142.000000, 142.000000, 142.000000, 0
2020/06/05 10:21, 142.000000, 142.500000, 142.000000, 142.000000, 11
2020/06/05 10:22, 142.000000, 142.000000, 142.000000, 142.000000, 2
2020/06/05 10:23, 142.000000, 142.000000, 142.000000, 142.000000, 1
2020/06/05 10:24, 142.500000, 142.500000, 142.500000, 142.500000, 1
2020/06/05 10:25, 142.500000, 142.500000, 142.500000, 142.500000, 10
2020/06/05 10:26, 142.500000, 142.500000, 142.500000, 142.500000, 7
2020/06/05 10:27, 142.500000, 142.500000, 142.500000, 142.500000, 2
2020/06/05 10:28, 142.500000, 142.500000, 142.500000, 142.500000, 6
2020/06/05 10:29, 142.500000, 142.500000, 142.500000, 142.500000, 0
2020/06/05 10:30, 142.500000, 142.500000, 142.500000, 142.500000, 6
2020/06/05 10:31, 142.000000, 142.000000, 142.000000, 142.000000, 2
2020/06/05 10:32, 142.000000, 142.000000, 142.000000, 142.000000, 2
2020/06/05 10:33, 142.000000, 142.000000, 142.000000, 142.000000, 0
2020/06/05 10:34, 142.000000, 142.000000, 142.000000, 142.000000, 0
2020/06/05 10:35, 142.000000, 142.000000, 142.000000, 142.000000, 5
2020/06/05 10:36, 142.000000, 142.000000, 142.000000, 142.000000, 3
2020/06/05 10:37, 142.000000, 142.000000, 142.000000, 142.000000, 0
2020/06/05 10:38, 142.000000, 142.000000, 142.000000, 142.000000, 0
2020/06/05 10:39, 142.000000, 142.000000, 142.000000, 142.000000, 0
2020/06/05 10:40, 142.000000, 142.000000, 142.000000, 142.000000, 0
2020/06/05 10:41, 142.000000, 142.000000, 142.000000, 142.000000, 1
2020/06/05 10:42, 142.000000, 142.000000, 142.000000, 142.000000, 0
2020/06/05 10:43, 142.000000, 142.000000, 142.000000, 142.000000, 0
2020/06/05 10:44, 142.000000, 142.000000, 142.000000, 142.000000, 1
2020/06/05 10:45, 142.000000, 142.000000, 142.000000, 142.000000, 0
2020/06/05 10:46, 142.000000, 142.000000, 142.000000, 142.000000, 8
2020/06/05 10:47, 142.000000, 142.000000, 142.000000, 142.000000, 1
2020/06/05 10:48, 142.000000, 142.000000, 142.000000, 142.000000, 5
2020/06/05 10:49, 142.000000, 142.000000, 142.000000, 142.000000, 0
2020/06/05 10:50, 142.000000, 142.000000, 142.000000, 142.000000, 1
2020/06/05 10:51, 142.000000, 142.000000, 142.000000, 142.000000, 2
2020/06/05 10:52, 142.000000, 142.000000, 142.000000, 142.000000, 2
2020/06/05 10:53, 142.500000, 142.500000, 142.500000, 142.500000, 3
2020/06/05 10:54, 142.500000, 142.500000, 142.500000, 142.500000, 0
2020/06/05 10:55, 142.000000, 142.000000, 142.000000, 142.000000, 1
2020/06/05 10:56, 142.000000, 142.000000, 142.000000, 142.000000, 0
2020/06/05 10:57, 142.000000, 142.000000, 142.000000, 142.000000, 0
2020/06/05 10:58, 142.000000, 142.000000, 142.000000, 142.000000, 1
2020/06/05 10:59, 142.000000, 142.000000, 142.000000, 142.000000, 2
2020/06/05 11:00, 142.000000, 142.000000, 142.000000, 142.000000, 0
2020/06/05 11:01, 142.000000, 142.000000, 142.000000, 142.000000, 9
2020/06/05 11:02, 142.000000, 142.000000, 142.000000, 142.000000, 25
2020/06/05 11:03, 142.000000, 142.000000, 142.000000, 142.000000, 17
2020/06/05 11:04, 142.000000, 142.000000, 142.000000, 142.000000, 3
2020/06/05 11:05, 142.000000, 142.000000, 142.000000, 142.000000, 1
2020/06/05 11:06, 142.000000, 142.000000, 142.000000, 142.000000, 0
2020/06/05 11:07, 142.000000, 142.000000, 142.000000, 142.000000, 0
2020/06/05 11:08, 142.000000, 142.000000, 142.000000, 142.000000, 4
2020/06/05 11:09, 142.000000, 142.000000, 142.000000, 142.000000, 1
2020/06/05 11:10, 142.000000, 142.000000, 142.000000, 142.000000, 0
2020/06/05 11:11, 142.500000, 142.500000, 142.500000, 142.500000, 3
2020/06/05 11:12, 142.000000, 142.000000, 142.000000, 142.000000, 1
2020/06/05 11:13, 142.000000, 142.000000, 142.000000, 142.000000, 0
2020/06/05 11:14, 142.000000, 142.000000, 141.500000, 142.000000, 88
2020/06/05 11:15, 141.000000, 141.000000, 141.000000, 141.000000, 4
2020/06/05 11:16, 141.500000, 141.500000, 141.000000, 141.000000, 6
2020/06/05 11:17, 141.500000, 141.500000, 141.000000, 141.500000, 3
2020/06/05 11:18, 141.500000, 141.500000, 141.500000, 141.500000, 2
2020/06/05 11:19, 141.500000, 141.500000, 141.500000, 141.500000, 0
2020/06/05 11:20, 141.500000, 141.500000, 141.500000, 141.500000, 0
2020/06/05 11:21, 141.500000, 141.500000, 141.500000, 141.500000, 8
2020/06/05 11:22, 141.500000, 141.500000, 141.500000, 141.500000, 11
2020/06/05 11:23, 141.500000, 141.500000, 141.500000, 141.500000, 2
2020/06/05 11:24, 141.500000, 141.500000, 141.000000, 141.000000, 21
2020/06/05 11:25, 141.000000, 141.000000, 141.000000, 141.000000, 0
2020/06/05 11:26, 141.500000, 141.500000, 141.500000, 141.500000, 5
2020/06/05 11:27, 141.500000, 141.500000, 141.500000, 141.500000, 2
2020/06/05 11:28, 141.500000, 141.500000, 141.500000, 141.500000, 5
2020/06/05 11:29, 141.500000, 141.500000, 141.500000, 141.500000, 2
2020/06/05 11:30, 141.500000, 141.500000, 141.500000, 141.500000, 3
2020/06/05 11:31, 141.000000, 141.500000, 141.000000, 141.500000, 4
2020/06/05 11:32, 141.500000, 141.500000, 141.000000, 141.000000, 2
2020/06/05 11:33, 141.500000, 141.500000, 141.500000, 141.500000, 7
2020/06/05 11:34, 141.500000, 141.500000, 141.500000, 141.500000, 2
2020/06/05 11:35, 141.500000, 141.500000, 141.500000, 141.500000, 0
2020/06/05 11:36, 141.500000, 141.500000, 141.500000, 141.500000, 3
2020/06/05 11:37, 141.500000, 141.500000, 141.500000, 141.500000, 10
2020/06/05 11:38, 142.000000, 142.000000, 142.000000, 142.000000, 8
2020/06/05 11:39, 142.000000, 142.000000, 142.000000, 142.000000, 0
2020/06/05 11:40, 142.000000, 142.000000, 142.000000, 142.000000, 0
2020/06/05 11:41, 141.500000, 141.500000, 141.500000, 141.500000, 1
2020/06/05 11:42, 141.500000, 141.500000, 141.500000, 141.500000, 1
2020/06/05 11:43, 141.500000, 141.500000, 141.500000, 141.500000, 2
2020/06/05 11:44, 141.500000, 141.500000, 141.500000, 141.500000, 2
2020/06/05 11:45, 141.500000, 141.500000, 141.500000, 141.500000, 0
2020/06/05 11:46, 141.500000, 141.500000, 141.500000, 141.500000, 0
2020/06/05 11:47, 141.500000, 141.500000, 141.500000, 141.500000, 5
2020/06/05 11:48, 141.500000, 141.500000, 141.500000, 141.500000, 2
2020/06/05 11:49, 141.500000, 141.500000, 141.500000, 141.500000, 0
2020/06/05 11:50, 141.500000, 141.500000, 141.500000, 141.500000, 15
2020/06/05 11:51, 141.500000, 141.500000, 141.500000, 141.500000, 2
2020/06/05 11:52, 141.500000, 141.500000, 141.500000, 141.500000, 1
2020/06/05 11:53, 141.500000, 141.500000, 141.500000, 141.500000, 0
2020/06/05 11:54, 141.500000, 141.500000, 141.500000, 141.500000, 2
2020/06/05 11:55, 141.500000, 141.500000, 141.500000, 141.500000, 0
2020/06/05 11:56, 141.500000, 141.500000, 141.500000, 141.500000, 0
2020/06/05 11:57, 141.500000, 141.500000, 141.500000, 141.500000, 2
2020/06/05 11:58, 141.500000, 141.500000, 141.500000, 141.500000, 2
2020/06/05 11:59, 141.500000, 141.500000, 141.500000, 141.500000, 0
2020/06/05 12:00, 141.500000, 141.500000, 141.500000, 141.500000, 0
2020/06/05 12:01, 141.500000, 141.500000, 141.500000, 141.500000, 2
2020/06/05 12:02, 141.500000, 141.500000, 141.500000, 141.500000, 7
2020/06/05 12:03, 141.500000, 141.500000, 141.000000, 141.000000, 15
2020/06/05 12:04, 141.500000, 141.500000, 141.500000, 141.500000, 1
2020/06/05 12:05, 141.500000, 141.500000, 141.500000, 141.500000, 3
2020/06/05 12:06, 141.500000, 141.500000, 141.500000, 141.500000, 2
2020/06/05 12:07, 141.500000, 141.500000, 141.500000, 141.500000, 1
2020/06/05 12:08, 141.500000, 141.500000, 141.500000, 141.500000, 9
2020/06/05 12:09, 141.500000, 141.500000, 141.500000, 141.500000, 6
2020/06/05 12:10, 141.500000, 141.500000, 141.500000, 141.500000, 7
2020/06/05 12:11, 141.500000, 141.500000, 141.500000, 141.500000, 5
2020/06/05 12:12, 141.500000, 141.500000, 141.500000, 141.500000, 7
2020/06/05 12:13, 141.500000, 141.500000, 141.500000, 141.500000, 0
2020/06/05 12:14, 141.500000, 141.500000, 141.000000, 141.500000, 4
2020/06/05 12:15, 142.000000, 142.000000, 142.000000, 142.000000, 2
2020/06/05 12:16, 141.500000, 141.500000, 141.500000, 141.500000, 4
2020/06/05 12:17, 141.500000, 142.000000, 141.500000, 142.000000, 5
2020/06/05 12:18, 142.000000, 142.000000, 142.000000, 142.000000, 0
2020/06/05 12:19, 141.500000, 141.500000, 141.500000, 141.500000, 2
2020/06/05 12:20, 141.500000, 141.500000, 141.500000, 141.500000, 1
2020/06/05 12:21, 141.500000, 141.500000, 141.500000, 141.500000, 1
2020/06/05 12:22, 141.500000, 141.500000, 141.500000, 141.500000, 2
2020/06/05 12:23, 141.500000, 141.500000, 141.500000, 141.500000, 2
2020/06/05 12:24, 141.500000, 141.500000, 141.500000, 141.500000, 4
2020/06/05 12:25, 141.500000, 141.500000, 141.500000, 141.500000, 2
2020/06/05 12:26, 141.500000, 141.500000, 141.500000, 141.500000, 0
2020/06/05 12:27, 142.000000, 142.000000, 142.000000, 142.000000, 1
2020/06/05 12:28, 142.000000, 142.000000, 142.000000, 142.000000, 0
2020/06/05 12:29, 141.500000, 141.500000, 141.500000, 141.500000, 2
2020/06/05 12:30, 141.500000, 141.500000, 141.500000, 141.500000, 0
2020/06/05 12:31, 141.500000, 141.500000, 141.500000, 141.500000, 2
2020/06/05 12:32, 141.500000, 141.500000, 141.500000, 141.500000, 0
2020/06/05 12:33, 141.500000, 141.500000, 141.500000, 141.500000, 1
2020/06/05 12:34, 141.500000, 141.500000, 141.500000, 141.500000, 2
2020/06/05 12:35, 141.500000, 141.500000, 141.500000, 141.500000, 0
2020/06/05 12:36, 141.500000, 142.000000, 141.500000, 142.000000, 4
2020/06/05 12:37, 142.000000, 142.000000, 142.000000, 142.000000, 1
2020/06/05 12:38, 142.000000, 142.000000, 142.000000, 142.000000, 1
2020/06/05 12:39, 142.000000, 142.000000, 142.000000, 142.000000, 6
2020/06/05 12:40, 142.000000, 142.000000, 142.000000, 142.000000, 7
2020/06/05 12:41, 142.000000, 142.000000, 142.000000, 142.000000, 1
2020/06/05 12:42, 141.500000, 141.500000, 141.500000, 141.500000, 16
2020/06/05 12:43, 141.500000, 141.500000, 141.500000, 141.500000, 1
2020/06/05 12:44, 141.500000, 141.500000, 141.500000, 141.500000, 3
2020/06/05 12:45, 142.000000, 142.000000, 142.000000, 142.000000, 1
2020/06/05 12:46, 142.000000, 142.000000, 142.000000, 142.000000, 11
2020/06/05 12:47, 142.000000, 142.000000, 142.000000, 142.000000, 45
2020/06/05 12:48, 142.000000, 142.500000, 142.000000, 142.500000, 8
2020/06/05 12:49, 142.000000, 142.000000, 142.000000, 142.000000, 8
2020/06/05 12:50, 142.000000, 142.000000, 142.000000, 142.000000, 2
2020/06/05 12:51, 142.000000, 142.000000, 141.500000, 141.500000, 9
2020/06/05 12:52, 141.500000, 141.500000, 141.500000, 141.500000, 3
2020/06/05 12:53, 141.500000, 141.500000, 141.500000, 141.500000, 8
2020/06/05 12:54, 141.500000, 141.500000, 141.500000, 141.500000, 12
2020/06/05 12:55, 141.500000, 142.000000, 141.500000, 142.000000, 7
2020/06/05 12:56, 142.000000, 142.000000, 142.000000, 142.000000, 1
2020/06/05 12:57, 142.000000, 142.000000, 142.000000, 142.000000, 9
2020/06/05 12:58, 142.000000, 142.000000, 142.000000, 142.000000, 4
2020/06/05 12:59, 142.000000, 142.000000, 142.000000, 142.000000, 0
2020/06/05 13:00, 141.500000, 142.000000, 141.500000, 141.500000, 4
2020/06/05 13:01, 141.500000, 142.000000, 141.500000, 141.500000, 4
2020/06/05 13:02, 141.500000, 141.500000, 141.500000, 141.500000, 1
2020/06/05 13:03, 142.000000, 142.000000, 141.500000, 141.500000, 8
2020/06/05 13:04, 141.500000, 141.500000, 141.500000, 141.500000, 14
2020/06/05 13:05, 141.500000, 141.500000, 141.500000, 141.500000, 47
2020/06/05 13:06, 141.000000, 141.500000, 141.000000, 141.500000, 31
2020/06/05 13:07, 141.500000, 141.500000, 141.500000, 141.500000, 7
2020/06/05 13:08, 141.500000, 142.000000, 141.500000, 141.500000, 7
2020/06/05 13:09, 141.500000, 141.500000, 141.500000, 141.500000, 3
2020/06/05 13:10, 141.500000, 141.500000, 141.500000, 141.500000, 5
2020/06/05 13:11, 141.500000, 141.500000, 141.500000, 141.500000, 1
2020/06/05 13:12, 141.500000, 141.500000, 141.500000, 141.500000, 0
2020/06/05 13:13, 141.500000, 141.500000, 141.500000, 141.500000, 5
2020/06/05 13:14, 141.500000, 141.500000, 141.500000, 141.500000, 9
2020/06/05 13:15, 142.000000, 142.000000, 142.000000, 142.000000, 2
2020/06/05 13:16, 142.000000, 142.000000, 142.000000, 142.000000, 2
2020/06/05 13:17, 141.500000, 142.000000, 141.500000, 142.000000, 4
2020/06/05 13:18, 142.000000, 142.000000, 141.500000, 141.500000, 5
2020/06/05 13:19, 141.500000, 141.500000, 141.500000, 141.500000, 5
2020/06/05 13:20, 141.500000, 141.500000, 141.500000, 141.500000, 7
2020/06/05 13:21, 141.500000, 141.500000, 141.500000, 141.500000, 5
2020/06/05 13:22, 142.000000, 142.000000, 142.000000, 142.000000, 3
2020/06/05 13:23, 141.500000, 141.500000, 141.500000, 141.500000, 21
2020/06/05 13:24, 141.500000, 142.000000, 141.500000, 142.000000, 17
2020/06/05 13:25, 142.000000, 142.000000, 142.000000, 142.000000, 0
2020/06/05 13:26, 142.000000, 142.000000, 142.000000, 142.000000, 0
2020/06/05 13:27, 142.000000, 142.000000, 142.000000, 142.000000, 0
2020/06/05 13:28, 142.000000, 142.000000, 142.000000, 142.000000, 0
2020/06/05 13:29, 142.000000, 142.000000, 142.000000, 142.000000, 0
2020/06/05 13:30, 142.000000, 142.000000, 142.000000, 142.000000, 152
2020/06/08 09:01, 142.500000, 142.500000, 142.500000, 142.500000, 45
2020/06/08 09:02, 142.500000, 142.500000, 142.500000, 142.500000, 13
2020/06/08 09:03, 142.500000, 142.500000, 142.500000, 142.500000, 13
2020/06/08 09:04, 142.500000, 143.000000, 142.000000, 143.000000, 24
2020/06/08 09:05, 143.000000, 143.000000, 142.500000, 143.000000, 17
2020/06/08 09:06, 142.500000, 143.500000, 142.000000, 143.000000, 40
2020/06/08 09:07, 142.500000, 143.500000, 142.500000, 143.000000, 24
2020/06/08 09:08, 143.000000, 143.500000, 142.500000, 143.500000, 14
2020/06/08 09:09, 143.500000, 143.500000, 143.000000, 143.000000, 6
2020/06/08 09:10, 143.000000, 143.500000, 143.000000, 143.500000, 53
2020/06/08 09:11, 144.000000, 144.500000, 143.500000, 144.000000, 223
2020/06/08 09:12, 144.000000, 144.000000, 143.500000, 144.000000, 27
2020/06/08 09:13, 144.000000, 144.000000, 143.500000, 143.500000, 26
2020/06/08 09:14, 143.500000, 143.500000, 143.500000, 143.500000, 1
2020/06/08 09:15, 143.000000, 143.000000, 142.500000, 142.500000, 34
2020/06/08 09:16, 142.500000, 143.000000, 142.500000, 143.000000, 7
2020/06/08 09:17, 142.500000, 143.000000, 142.500000, 143.000000, 3
2020/06/08 09:18, 142.500000, 142.500000, 142.500000, 142.500000, 7
2020/06/08 09:19, 142.500000, 142.500000, 142.000000, 142.000000, 9
2020/06/08 09:20, 143.000000, 143.000000, 143.000000, 143.000000, 5
2020/06/08 09:21, 143.000000, 143.000000, 143.000000, 143.000000, 1
2020/06/08 09:22, 143.000000, 143.000000, 143.000000, 143.000000, 0
2020/06/08 09:23, 143.000000, 143.000000, 142.500000, 142.500000, 6
2020/06/08 09:24, 142.500000, 142.500000, 142.500000, 142.500000, 1
2020/06/08 09:25, 142.500000, 142.500000, 142.500000, 142.500000, 8
2020/06/08 09:26, 142.500000, 142.500000, 142.500000, 142.500000, 25
2020/06/08 09:27, 142.000000, 142.000000, 142.000000, 142.000000, 22
2020/06/08 09:28, 142.000000, 142.000000, 142.000000, 142.000000, 28
2020/06/08 09:29, 142.000000, 142.000000, 142.000000, 142.000000, 16
2020/06/08 09:30, 142.000000, 142.000000, 142.000000, 142.000000, 9
2020/06/08 09:31, 142.500000, 142.500000, 142.500000, 142.500000, 1
2020/06/08 09:32, 142.500000, 142.500000, 142.500000, 142.500000, 3
2020/06/08 09:33, 142.500000, 143.000000, 142.500000, 143.000000, 15
2020/06/08 09:34, 143.000000, 143.000000, 142.500000, 143.000000, 16
2020/06/08 09:35, 142.500000, 142.500000, 142.500000, 142.500000, 10
2020/06/08 09:36, 142.500000, 142.500000, 142.500000, 142.500000, 2
2020/06/08 09:37, 142.500000, 142.500000, 142.500000, 142.500000, 13
2020/06/08 09:38, 143.000000, 143.000000, 143.000000, 143.000000, 2
2020/06/08 09:39, 142.500000, 142.500000, 142.500000, 142.500000, 10
2020/06/08 09:40, 142.500000, 142.500000, 142.000000, 142.000000, 3
2020/06/08 09:41, 142.000000, 142.000000, 142.000000, 142.000000, 0
2020/06/08 09:42, 142.000000, 142.000000, 142.000000, 142.000000, 0
2020/06/08 09:43, 142.500000, 142.500000, 142.500000, 142.500000, 5
2020/06/08 09:44, 142.000000, 142.500000, 142.000000, 142.500000, 4
2020/06/08 09:45, 142.500000, 142.500000, 142.500000, 142.500000, 3
2020/06/08 09:46, 142.500000, 142.500000, 142.500000, 142.500000, 4
2020/06/08 09:47, 142.500000, 142.500000, 142.000000, 142.500000, 4
2020/06/08 09:48, 142.500000, 142.500000, 142.500000, 142.500000, 8
2020/06/08 09:49, 142.500000, 142.500000, 142.500000, 142.500000, 0
2020/06/08 09:50, 142.500000, 143.000000, 142.500000, 143.000000, 6
2020/06/08 09:51, 143.000000, 143.000000, 142.500000, 142.500000, 5
2020/06/08 09:52, 142.500000, 142.500000, 142.500000, 142.500000, 5
2020/06/08 09:53, 142.500000, 142.500000, 142.500000, 142.500000, 4
2020/06/08 09:54, 142.500000, 142.500000, 142.500000, 142.500000, 5
2020/06/08 09:55, 142.500000, 142.500000, 142.500000, 142.500000, 0
2020/06/08 09:56, 142.000000, 142.000000, 142.000000, 142.000000, 1
2020/06/08 09:57, 142.000000, 142.000000, 142.000000, 142.000000, 0
2020/06/08 09:58, 142.000000, 142.000000, 142.000000, 142.000000, 0
2020/06/08 09:59, 142.000000, 142.000000, 142.000000, 142.000000, 0
2020/06/08 10:00, 142.000000, 142.000000, 142.000000, 142.000000, 1
2020/06/08 10:01, 142.000000, 142.000000, 142.000000, 142.000000, 0
2020/06/08 10:02, 142.500000, 142.500000, 142.000000, 142.000000, 3
2020/06/08 10:03, 142.500000, 142.500000, 142.500000, 142.500000, 3
2020/06/08 10:04, 142.500000, 142.500000, 142.000000, 142.000000, 22
2020/06/08 10:05, 142.000000, 142.000000, 142.000000, 142.000000, 6
2020/06/08 10:06, 142.000000, 142.500000, 142.000000, 142.000000, 24
2020/06/08 10:07, 142.000000, 142.000000, 142.000000, 142.000000, 2
2020/06/08 10:08, 142.000000, 142.000000, 142.000000, 142.000000, 5
2020/06/08 10:09, 142.500000, 142.500000, 142.500000, 142.500000, 2
2020/06/08 10:10, 142.500000, 142.500000, 142.500000, 142.500000, 0
2020/06/08 10:11, 142.500000, 142.500000, 142.500000, 142.500000, 0
2020/06/08 10:12, 142.500000, 142.500000, 142.500000, 142.500000, 0
2020/06/08 10:13, 142.500000, 142.500000, 142.500000, 142.500000, 1
2020/06/08 10:14, 142.500000, 142.500000, 142.500000, 142.500000, 0
2020/06/08 10:15, 142.500000, 142.500000, 142.500000, 142.500000, 3
2020/06/08 10:16, 142.500000, 142.500000, 142.500000, 142.500000, 14
2020/06/08 10:17, 143.000000, 143.000000, 143.000000, 143.000000, 1
2020/06/08 10:18, 142.000000, 142.000000, 142.000000, 142.000000, 43
2020/06/08 10:19, 142.000000, 142.000000, 142.000000, 142.000000, 0
2020/06/08 10:20, 142.000000, 142.000000, 142.000000, 142.000000, 1
2020/06/08 10:21, 142.000000, 142.000000, 142.000000, 142.000000, 0
2020/06/08 10:22, 142.000000, 142.000000, 142.000000, 142.000000, 2
2020/06/08 10:23, 142.000000, 142.000000, 142.000000, 142.000000, 2
2020/06/08 10:24, 142.000000, 142.000000, 142.000000, 142.000000, 0
2020/06/08 10:25, 142.000000, 142.000000, 142.000000, 142.000000, 2
2020/06/08 10:26, 142.000000, 142.000000, 142.000000, 142.000000, 3
2020/06/08 10:27, 142.000000, 142.000000, 142.000000, 142.000000, 9
2020/06/08 10:28, 142.000000, 142.000000, 141.500000, 142.000000, 7
2020/06/08 10:29, 142.000000, 142.000000, 142.000000, 142.000000, 2
2020/06/08 10:30, 142.000000, 142.000000, 141.500000, 141.500000, 43
2020/06/08 10:31, 141.500000, 141.500000, 141.500000, 141.500000, 2
2020/06/08 10:32, 141.500000, 141.500000, 141.500000, 141.500000, 3
2020/06/08 10:33, 141.500000, 141.500000, 141.500000, 141.500000, 15
2020/06/08 10:34, 141.500000, 141.500000, 141.500000, 141.500000, 0
2020/06/08 10:35, 142.000000, 142.000000, 142.000000, 142.000000, 2
2020/06/08 10:36, 142.000000, 142.000000, 142.000000, 142.000000, 0
2020/06/08 10:37, 142.000000, 142.000000, 142.000000, 142.000000, 2
2020/06/08 10:38, 142.000000, 142.000000, 142.000000, 142.000000, 0
2020/06/08 10:39, 142.000000, 142.000000, 142.000000, 142.000000, 1
2020/06/08 10:40, 142.000000, 142.000000, 142.000000, 142.000000, 0
2020/06/08 10:41, 142.000000, 142.000000, 142.000000, 142.000000, 2
2020/06/08 10:42, 142.000000, 142.000000, 142.000000, 142.000000, 1
2020/06/08 10:43, 142.000000, 142.000000, 142.000000, 142.000000, 1
2020/06/08 10:44, 142.000000, 142.000000, 142.000000, 142.000000, 6
2020/06/08 10:45, 142.000000, 142.000000, 141.500000, 141.500000, 5
2020/06/08 10:46, 141.500000, 141.500000, 141.500000, 141.500000, 0
2020/06/08 10:47, 141.500000, 141.500000, 141.500000, 141.500000, 0
2020/06/08 10:48, 141.500000, 141.500000, 141.500000, 141.500000, 2
2020/06/08 10:49, 141.500000, 141.500000, 141.500000, 141.500000, 0
2020/06/08 10:50, 141.500000, 141.500000, 141.500000, 141.500000, 2
2020/06/08 10:51, 141.500000, 141.500000, 141.500000, 141.500000, 0
2020/06/08 10:52, 141.500000, 141.500000, 141.500000, 141.500000, 6
2020/06/08 10:53, 141.500000, 141.500000, 141.500000, 141.500000, 0
2020/06/08 10:54, 142.000000, 142.000000, 142.000000, 142.000000, 2
2020/06/08 10:55, 142.000000, 142.000000, 142.000000, 142.000000, 2
2020/06/08 10:56, 142.000000, 142.000000, 142.000000, 142.000000, 5
2020/06/08 10:57, 142.000000, 142.000000, 142.000000, 142.000000, 5
2020/06/08 10:58, 142.000000, 142.000000, 142.000000, 142.000000, 1
2020/06/08 10:59, 142.000000, 142.000000, 142.000000, 142.000000, 1
2020/06/08 11:00, 142.000000, 142.000000, 142.000000, 142.000000, 3
2020/06/08 11:01, 142.000000, 142.000000, 142.000000, 142.000000, 1
2020/06/08 11:02, 142.000000, 142.000000, 142.000000, 142.000000, 16
2020/06/08 11:03, 142.000000, 142.000000, 142.000000, 142.000000, 6
2020/06/08 11:04, 142.000000, 142.000000, 142.000000, 142.000000, 2
2020/06/08 11:05, 142.000000, 142.000000, 142.000000, 142.000000, 1
2020/06/08 11:06, 142.000000, 142.000000, 142.000000, 142.000000, 5
2020/06/08 11:07, 142.000000, 142.000000, 142.000000, 142.000000, 3
2020/06/08 11:08, 142.000000, 142.000000, 142.000000, 142.000000, 2
2020/06/08 11:09, 142.000000, 142.000000, 141.500000, 142.000000, 3
2020/06/08 11:10, 142.000000, 142.000000, 142.000000, 142.000000, 0
2020/06/08 11:11, 142.000000, 142.000000, 142.000000, 142.000000, 0
2020/06/08 11:12, 142.000000, 142.000000, 142.000000, 142.000000, 0
2020/06/08 11:13, 142.000000, 142.500000, 142.000000, 142.500000, 72
2020/06/08 11:14, 142.500000, 142.500000, 142.500000, 142.500000, 1
2020/06/08 11:15, 142.500000, 142.500000, 142.500000, 142.500000, 0
2020/06/08 11:16, 142.500000, 142.500000, 142.500000, 142.500000, 0
2020/06/08 11:17, 142.500000, 142.500000, 142.500000, 142.500000, 1
2020/06/08 11:18, 142.500000, 142.500000, 142.500000, 142.500000, 0
2020/06/08 11:19, 142.500000, 142.500000, 142.500000, 142.500000, 1
2020/06/08 11:20, 142.500000, 142.500000, 142.500000, 142.500000, 0
2020/06/08 11:21, 142.500000, 142.500000, 142.500000, 142.500000, 2
2020/06/08 11:22, 142.500000, 142.500000, 142.500000, 142.500000, 0
2020/06/08 11:23, 142.500000, 142.500000, 142.500000, 142.500000, 0
2020/06/08 11:24, 142.500000, 142.500000, 142.500000, 142.500000, 1
2020/06/08 11:25, 142.000000, 142.500000, 142.000000, 142.500000, 6
2020/06/08 11:26, 142.500000, 142.500000, 142.500000, 142.500000, 0
2020/06/08 11:27, 142.000000, 142.000000, 142.000000, 142.000000, 22
2020/06/08 11:28, 142.500000, 142.500000, 142.500000, 142.500000, 1
2020/06/08 11:29, 142.500000, 142.500000, 142.500000, 142.500000, 1
2020/06/08 11:30, 142.000000, 142.000000, 142.000000, 142.000000, 1
2020/06/08 11:31, 142.500000, 142.500000, 142.000000, 142.000000, 2
2020/06/08 11:32, 142.500000, 142.500000, 142.500000, 142.500000, 1
2020/06/08 11:33, 142.500000, 142.500000, 142.500000, 142.500000, 0
2020/06/08 11:34, 142.000000, 142.000000, 142.000000, 142.000000, 5
2020/06/08 11:35, 142.000000, 142.000000, 142.000000, 142.000000, 4
2020/06/08 11:36, 142.500000, 142.500000, 142.000000, 142.000000, 17
2020/06/08 11:37, 141.500000, 142.000000, 141.500000, 142.000000, 6
2020/06/08 11:38, 142.000000, 142.000000, 142.000000, 142.000000, 1
2020/06/08 11:39, 142.000000, 142.000000, 142.000000, 142.000000, 1
2020/06/08 11:40, 142.000000, 142.500000, 141.500000, 142.000000, 30
2020/06/08 11:41, 142.000000, 142.000000, 142.000000, 142.000000, 8
2020/06/08 11:42, 142.000000, 142.000000, 142.000000, 142.000000, 1
2020/06/08 11:43, 142.000000, 142.000000, 142.000000, 142.000000, 0
2020/06/08 11:44, 141.500000, 142.000000, 141.500000, 142.000000, 6
2020/06/08 11:45, 141.500000, 142.000000, 141.500000, 142.000000, 2
2020/06/08 11:46, 142.000000, 142.000000, 142.000000, 142.000000, 0
2020/06/08 11:47, 142.000000, 142.000000, 141.500000, 141.500000, 2
2020/06/08 11:48, 142.000000, 142.000000, 142.000000, 142.000000, 1
2020/06/08 11:49, 142.000000, 142.000000, 142.000000, 142.000000, 0
2020/06/08 11:50, 142.000000, 142.000000, 142.000000, 142.000000, 0
2020/06/08 11:51, 142.000000, 142.000000, 142.000000, 142.000000, 2
2020/06/08 11:52, 142.000000, 142.000000, 142.000000, 142.000000, 1
2020/06/08 11:53, 142.000000, 142.000000, 142.000000, 142.000000, 4
2020/06/08 11:54, 142.000000, 142.000000, 142.000000, 142.000000, 0
2020/06/08 11:55, 142.000000, 142.000000, 142.000000, 142.000000, 1
2020/06/08 11:56, 142.000000, 142.000000, 142.000000, 142.000000, 0
2020/06/08 11:57, 142.000000, 142.000000, 142.000000, 142.000000, 0
2020/06/08 11:58, 142.000000, 142.000000, 142.000000, 142.000000, 0
2020/06/08 11:59, 142.000000, 142.000000, 142.000000, 142.000000, 0
2020/06/08 12:00, 142.000000, 142.000000, 142.000000, 142.000000, 2
2020/06/08 12:01, 142.000000, 142.000000, 142.000000, 142.000000, 0
2020/06/08 12:02, 142.000000, 142.000000, 141.500000, 141.500000, 3
2020/06/08 12:03, 141.500000, 141.500000, 141.500000, 141.500000, 96
2020/06/08 12:04, 141.000000, 142.000000, 141.000000, 142.000000, 4
2020/06/08 12:05, 141.500000, 141.500000, 141.000000, 141.000000, 15
2020/06/08 12:06, 141.000000, 141.000000, 140.500000, 141.000000, 71
2020/06/08 12:07, 140.500000, 141.000000, 140.500000, 141.000000, 5
2020/06/08 12:08, 141.000000, 141.000000, 141.000000, 141.000000, 4
2020/06/08 12:09, 141.000000, 141.000000, 141.000000, 141.000000, 1
2020/06/08 12:10, 141.000000, 141.000000, 141.000000, 141.000000, 0
2020/06/08 12:11, 141.000000, 141.000000, 141.000000, 141.000000, 5
2020/06/08 12:12, 141.000000, 141.000000, 141.000000, 141.000000, 5
2020/06/08 12:13, 141.000000, 141.000000, 141.000000, 141.000000, 6
2020/06/08 12:14, 141.000000, 141.000000, 141.000000, 141.000000, 0
2020/06/08 12:15, 141.000000, 141.000000, 141.000000, 141.000000, 1
2020/06/08 12:16, 141.000000, 141.000000, 141.000000, 141.000000, 7
2020/06/08 12:17, 141.000000, 141.000000, 141.000000, 141.000000, 0
2020/06/08 12:18, 141.000000, 141.000000, 140.500000, 140.500000, 2
2020/06/08 12:19, 140.500000, 140.500000, 140.500000, 140.500000, 1
2020/06/08 12:20, 140.500000, 140.500000, 140.500000, 140.500000, 1
2020/06/08 12:21, 141.000000, 141.000000, 140.500000, 140.500000, 3
2020/06/08 12:22, 141.000000, 141.000000, 141.000000, 141.000000, 2
2020/06/08 12:23, 141.000000, 141.000000, 141.000000, 141.000000, 0
2020/06/08 12:24, 141.000000, 141.000000, 141.000000, 141.000000, 1
2020/06/08 12:25, 141.000000, 141.000000, 141.000000, 141.000000, 20
2020/06/08 12:26, 141.000000, 141.000000, 141.000000, 141.000000, 0
2020/06/08 12:27, 141.000000, 141.000000, 141.000000, 141.000000, 1
2020/06/08 12:28, 141.000000, 141.000000, 141.000000, 141.000000, 6
2020/06/08 12:29, 141.000000, 141.000000, 141.000000, 141.000000, 2
2020/06/08 12:30, 141.000000, 141.000000, 141.000000, 141.000000, 8
2020/06/08 12:31, 141.000000, 141.000000, 141.000000, 141.000000, 2
2020/06/08 12:32, 141.000000, 141.000000, 141.000000, 141.000000, 6
2020/06/08 12:33, 141.000000, 141.000000, 141.000000, 141.000000, 2
2020/06/08 12:34, 141.000000, 141.000000, 141.000000, 141.000000, 2
2020/06/08 12:35, 141.000000, 141.000000, 141.000000, 141.000000, 4
2020/06/08 12:36, 141.000000, 141.000000, 141.000000, 141.000000, 3
2020/06/08 12:37, 141.000000, 141.000000, 141.000000, 141.000000, 1
2020/06/08 12:38, 141.000000, 141.000000, 141.000000, 141.000000, 2
2020/06/08 12:39, 141.000000, 141.000000, 141.000000, 141.000000, 4
2020/06/08 12:40, 141.000000, 141.000000, 141.000000, 141.000000, 0
2020/06/08 12:41, 141.000000, 141.500000, 141.000000, 141.000000, 4
2020/06/08 12:42, 141.000000, 141.000000, 141.000000, 141.000000, 1
2020/06/08 12:43, 141.000000, 141.000000, 140.500000, 140.500000, 22
2020/06/08 12:44, 140.500000, 140.500000, 140.500000, 140.500000, 1
2020/06/08 12:45, 140.500000, 140.500000, 140.500000, 140.500000, 54
2020/06/08 12:46, 140.500000, 140.500000, 140.500000, 140.500000, 0
2020/06/08 12:47, 140.500000, 140.500000, 140.500000, 140.500000, 4
2020/06/08 12:48, 140.500000, 140.500000, 140.500000, 140.500000, 1
2020/06/08 12:49, 140.500000, 140.500000, 140.000000, 140.000000, 56
2020/06/08 12:50, 140.000000, 140.000000, 140.000000, 140.000000, 32
2020/06/08 12:51, 140.000000, 140.000000, 139.500000, 139.500000, 28
2020/06/08 12:52, 139.500000, 140.000000, 139.500000, 139.500000, 19
2020/06/08 12:53, 140.000000, 140.000000, 139.500000, 139.500000, 2
2020/06/08 12:54, 139.500000, 140.000000, 139.500000, 140.000000, 2
2020/06/08 12:55, 139.500000, 140.000000, 139.500000, 140.000000, 6
2020/06/08 12:56, 140.000000, 140.000000, 139.500000, 140.000000, 5
2020/06/08 12:57, 140.000000, 140.500000, 140.000000, 140.500000, 27
2020/06/08 12:58, 140.000000, 140.500000, 140.000000, 140.500000, 2
2020/06/08 12:59, 140.500000, 140.500000, 140.500000, 140.500000, 1
2020/06/08 13:00, 140.500000, 140.500000, 140.500000, 140.500000, 0
2020/06/08 13:01, 140.000000, 140.000000, 140.000000, 140.000000, 2
2020/06/08 13:02, 140.000000, 140.000000, 140.000000, 140.000000, 4
2020/06/08 13:03, 140.000000, 140.000000, 140.000000, 140.000000, 7
2020/06/08 13:04, 139.500000, 140.000000, 139.500000, 140.000000, 5
2020/06/08 13:05, 140.000000, 140.500000, 140.000000, 140.000000, 9
2020/06/08 13:06, 140.000000, 140.000000, 139.500000, 140.000000, 5
2020/06/08 13:07, 140.000000, 140.000000, 140.000000, 140.000000, 6
2020/06/08 13:08, 140.000000, 140.000000, 139.500000, 139.500000, 9
2020/06/08 13:09, 139.500000, 140.000000, 139.500000, 139.500000, 18
2020/06/08 13:10, 140.000000, 140.000000, 140.000000, 140.000000, 1
2020/06/08 13:11, 140.000000, 140.000000, 140.000000, 140.000000, 11
2020/06/08 13:12, 140.000000, 140.000000, 140.000000, 140.000000, 0
2020/06/08 13:13, 140.000000, 140.000000, 140.000000, 140.000000, 18
2020/06/08 13:14, 140.000000, 140.000000, 140.000000, 140.000000, 1
2020/06/08 13:15, 140.000000, 140.000000, 139.500000, 140.000000, 9
2020/06/08 13:16, 140.000000, 140.000000, 140.000000, 140.000000, 1
2020/06/08 13:17, 139.500000, 139.500000, 139.500000, 139.500000, 2
2020/06/08 13:18, 139.500000, 139.500000, 139.500000, 139.500000, 1
2020/06/08 13:19, 139.500000, 139.500000, 139.500000, 139.500000, 0
2020/06/08 13:20, 139.500000, 140.000000, 139.500000, 139.500000, 4
2020/06/08 13:21, 139.500000, 140.000000, 139.500000, 140.000000, 3
2020/06/08 13:22, 140.000000, 140.000000, 140.000000, 140.000000, 4
2020/06/08 13:23, 140.000000, 140.000000, 139.500000, 140.000000, 11
2020/06/08 13:24, 140.000000, 140.000000, 140.000000, 140.000000, 8
2020/06/08 13:25, 139.500000, 140.000000, 139.500000, 139.500000, 42
2020/06/08 13:26, 139.500000, 139.500000, 139.500000, 139.500000, 0
2020/06/08 13:27, 139.500000, 139.500000, 139.500000, 139.500000, 0
2020/06/08 13:28, 139.500000, 139.500000, 139.500000, 139.500000, 0
2020/06/08 13:29, 139.500000, 139.500000, 139.500000, 139.500000, 0
2020/06/08 13:30, 139.500000, 139.500000, 139.500000, 139.500000, 111
2020/06/09 09:01, 139.500000, 139.500000, 139.000000, 139.000000, 139
2020/06/09 09:02, 139.500000, 139.500000, 139.000000, 139.500000, 44
2020/06/09 09:03, 139.500000, 139.500000, 139.000000, 139.000000, 29
2020/06/09 09:04, 139.500000, 140.000000, 139.000000, 139.500000, 17
2020/06/09 09:05, 139.500000, 139.500000, 138.000000, 138.500000, 70
2020/06/09 09:06, 138.500000, 139.000000, 138.500000, 139.000000, 34
2020/06/09 09:07, 139.000000, 140.000000, 139.000000, 139.500000, 44
2020/06/09 09:08, 139.500000, 140.500000, 139.500000, 140.500000, 8
2020/06/09 09:09, 139.500000, 140.500000, 139.500000, 139.500000, 5
2020/06/09 09:10, 139.500000, 140.000000, 139.500000, 140.000000, 5
2020/06/09 09:11, 139.500000, 139.500000, 139.000000, 139.000000, 47
2020/06/09 09:12, 139.500000, 140.000000, 139.500000, 140.000000, 22
2020/06/09 09:13, 140.000000, 140.000000, 140.000000, 140.000000, 10
2020/06/09 09:14, 140.000000, 140.000000, 139.500000, 139.500000, 36
2020/06/09 09:15, 139.500000, 139.500000, 139.500000, 139.500000, 5
2020/06/09 09:16, 140.000000, 140.000000, 140.000000, 140.000000, 12
2020/06/09 09:17, 140.000000, 140.000000, 140.000000, 140.000000, 0
2020/06/09 09:18, 139.500000, 140.000000, 139.500000, 140.000000, 11
2020/06/09 09:19, 140.500000, 140.500000, 140.500000, 140.500000, 3
2020/06/09 09:20, 140.000000, 140.000000, 140.000000, 140.000000, 2
2020/06/09 09:21, 140.000000, 140.500000, 140.000000, 140.500000, 16
2020/06/09 09:22, 140.500000, 140.500000, 140.500000, 140.500000, 6
2020/06/09 09:23, 140.500000, 140.500000, 140.500000, 140.500000, 5
2020/06/09 09:24, 140.500000, 140.500000, 140.500000, 140.500000, 5
2020/06/09 09:25, 140.500000, 140.500000, 140.500000, 140.500000, 5
2020/06/09 09:26, 140.500000, 140.500000, 140.500000, 140.500000, 11
2020/06/09 09:27, 140.500000, 140.500000, 140.500000, 140.500000, 5
2020/06/09 09:28, 140.500000, 140.500000, 140.500000, 140.500000, 4
2020/06/09 09:29, 140.500000, 140.500000, 140.500000, 140.500000, 1
2020/06/09 09:30, 140.500000, 140.500000, 140.500000, 140.500000, 2
2020/06/09 09:31, 140.500000, 140.500000, 140.500000, 140.500000, 0
2020/06/09 09:32, 140.500000, 140.500000, 140.500000, 140.500000, 0
2020/06/09 09:33, 140.500000, 140.500000, 140.500000, 140.500000, 0
2020/06/09 09:34, 140.500000, 140.500000, 140.500000, 140.500000, 8
2020/06/09 09:35, 140.500000, 140.500000, 140.500000, 140.500000, 8
2020/06/09 09:36, 140.500000, 140.500000, 140.500000, 140.500000, 2
2020/06/09 09:37, 140.500000, 140.500000, 140.500000, 140.500000, 6
2020/06/09 09:38, 140.000000, 140.500000, 140.000000, 140.500000, 2
2020/06/09 09:39, 140.500000, 140.500000, 140.500000, 140.500000, 1
2020/06/09 09:40, 140.500000, 140.500000, 140.500000, 140.500000, 8
2020/06/09 09:41, 140.500000, 140.500000, 140.500000, 140.500000, 1
2020/06/09 09:42, 140.500000, 140.500000, 140.000000, 140.000000, 6
2020/06/09 09:43, 140.000000, 140.000000, 140.000000, 140.000000, 1
2020/06/09 09:44, 140.000000, 140.000000, 140.000000, 140.000000, 0
2020/06/09 09:45, 140.000000, 140.000000, 140.000000, 140.000000, 2
2020/06/09 09:46, 140.000000, 140.000000, 140.000000, 140.000000, 39
2020/06/09 09:47, 140.000000, 140.000000, 140.000000, 140.000000, 4
2020/06/09 09:48, 140.000000, 140.000000, 140.000000, 140.000000, 6
2020/06/09 09:49, 140.000000, 140.000000, 140.000000, 140.000000, 2
2020/06/09 09:50, 140.000000, 140.000000, 140.000000, 140.000000, 1
2020/06/09 09:51, 140.000000, 140.000000, 140.000000, 140.000000, 2
2020/06/09 09:52, 140.000000, 140.000000, 140.000000, 140.000000, 1
2020/06/09 09:53, 140.000000, 140.000000, 140.000000, 140.000000, 3
2020/06/09 09:54, 140.000000, 140.000000, 140.000000, 140.000000, 4
2020/06/09 09:55, 140.000000, 140.000000, 140.000000, 140.000000, 2
2020/06/09 09:56, 140.000000, 140.000000, 140.000000, 140.000000, 3
2020/06/09 09:57, 140.000000, 140.000000, 140.000000, 140.000000, 2
2020/06/09 09:58, 140.000000, 140.000000, 140.000000, 140.000000, 0
2020/06/09 09:59, 140.000000, 140.000000, 140.000000, 140.000000, 0
2020/06/09 10:00, 140.500000, 141.000000, 140.500000, 141.000000, 25
2020/06/09 10:01, 141.000000, 141.000000, 141.000000, 141.000000, 23
2020/06/09 10:02, 141.000000, 141.000000, 141.000000, 141.000000, 10
2020/06/09 10:03, 141.000000, 141.000000, 141.000000, 141.000000, 9
2020/06/09 10:04, 141.000000, 141.000000, 141.000000, 141.000000, 7
2020/06/09 10:05, 141.000000, 141.000000, 141.000000, 141.000000, 13
2020/06/09 10:06, 141.500000, 142.000000, 141.500000, 142.000000, 40
2020/06/09 10:07, 142.000000, 142.000000, 141.000000, 141.000000, 17
2020/06/09 10:08, 141.500000, 141.500000, 141.000000, 141.500000, 13
2020/06/09 10:09, 141.500000, 141.500000, 141.500000, 141.500000, 6
2020/06/09 10:10, 141.000000, 141.000000, 141.000000, 141.000000, 1
2020/06/09 10:11, 141.500000, 141.500000, 141.500000, 141.500000, 2
2020/06/09 10:12, 141.500000, 141.500000, 141.500000, 141.500000, 1
2020/06/09 10:13, 141.000000, 141.000000, 141.000000, 141.000000, 4
2020/06/09 10:14, 141.000000, 141.000000, 141.000000, 141.000000, 4
2020/06/09 10:15, 141.000000, 141.000000, 141.000000, 141.000000, 1
2020/06/09 10:16, 141.000000, 141.000000, 141.000000, 141.000000, 2
2020/06/09 10:17, 141.000000, 141.000000, 141.000000, 141.000000, 4
2020/06/09 10:18, 141.000000, 141.000000, 141.000000, 141.000000, 2
2020/06/09 10:19, 141.000000, 142.500000, 141.000000, 142.500000, 116
2020/06/09 10:20, 142.500000, 142.500000, 142.000000, 142.000000, 10
2020/06/09 10:21, 142.000000, 142.000000, 142.000000, 142.000000, 16
2020/06/09 10:22, 142.000000, 142.500000, 142.000000, 142.000000, 30
2020/06/09 10:23, 142.000000, 142.000000, 142.000000, 142.000000, 8
2020/06/09 10:24, 142.500000, 142.500000, 142.000000, 142.000000, 10
2020/06/09 10:25, 142.000000, 142.000000, 142.000000, 142.000000, 6
2020/06/09 10:26, 142.000000, 142.500000, 141.500000, 141.500000, 14
2020/06/09 10:27, 142.000000, 142.000000, 142.000000, 142.000000, 18
2020/06/09 10:28, 142.000000, 142.000000, 142.000000, 142.000000, 4
2020/06/09 10:29, 142.000000, 142.000000, 142.000000, 142.000000, 11
2020/06/09 10:30, 142.000000, 142.000000, 142.000000, 142.000000, 10
2020/06/09 10:31, 142.000000, 142.000000, 142.000000, 142.000000, 8
2020/06/09 10:32, 142.000000, 142.000000, 141.500000, 142.000000, 10
2020/06/09 10:33, 142.000000, 142.500000, 142.000000, 142.500000, 15
2020/06/09 10:34, 142.500000, 142.500000, 142.000000, 142.000000, 6
2020/06/09 10:35, 142.000000, 142.000000, 142.000000, 142.000000, 0
2020/06/09 10:36, 142.000000, 142.000000, 142.000000, 142.000000, 0
2020/06/09 10:37, 142.000000, 142.000000, 142.000000, 142.000000, 0
2020/06/09 10:38, 142.000000, 142.000000, 142.000000, 142.000000, 5
2020/06/09 10:39, 142.000000, 142.000000, 142.000000, 142.000000, 0
2020/06/09 10:40, 142.500000, 142.500000, 142.000000, 142.000000, 4
2020/06/09 10:41, 142.000000, 142.000000, 142.000000, 142.000000, 1
2020/06/09 10:42, 142.000000, 142.000000, 142.000000, 142.000000, 6
2020/06/09 10:43, 142.000000, 142.000000, 142.000000, 142.000000, 8
2020/06/09 10:44, 142.500000, 142.500000, 142.000000, 142.500000, 11
2020/06/09 10:45, 142.500000, 142.500000, 142.500000, 142.500000, 0
2020/06/09 10:46, 142.500000, 142.500000, 142.500000, 142.500000, 0
2020/06/09 10:47, 142.500000, 142.500000, 142.000000, 142.000000, 3
2020/06/09 10:48, 142.000000, 142.000000, 142.000000, 142.000000, 0
2020/06/09 10:49, 142.000000, 142.000000, 142.000000, 142.000000, 1
2020/06/09 10:50, 142.000000, 142.500000, 142.000000, 142.500000, 4
2020/06/09 10:51, 142.500000, 142.500000, 142.500000, 142.500000, 0
2020/06/09 10:52, 142.000000, 142.000000, 142.000000, 142.000000, 1
2020/06/09 10:53, 142.000000, 142.000000, 142.000000, 142.000000, 0
2020/06/09 10:54, 142.000000, 142.000000, 142.000000, 142.000000, 15
2020/06/09 10:55, 142.000000, 142.000000, 142.000000, 142.000000, 3
2020/06/09 10:56, 142.000000, 142.000000, 142.000000, 142.000000, 3
2020/06/09 10:57, 141.500000, 142.000000, 141.500000, 141.500000, 3
2020/06/09 10:58, 141.500000, 141.500000, 141.500000, 141.500000, 0
2020/06/09 10:59, 141.500000, 141.500000, 141.500000, 141.500000, 1
2020/06/09 11:00, 141.500000, 141.500000, 141.500000, 141.500000, 0
2020/06/09 11:01, 141.500000, 141.500000, 141.500000, 141.500000, 0
2020/06/09 11:02, 141.500000, 141.500000, 141.500000, 141.500000, 3
2020/06/09 11:03, 141.500000, 141.500000, 141.500000, 141.500000, 0
2020/06/09 11:04, 141.500000, 141.500000, 141.500000, 141.500000, 3
2020/06/09 11:05, 141.500000, 141.500000, 141.500000, 141.500000, 1
2020/06/09 11:06, 141.500000, 141.500000, 141.500000, 141.500000, 6
2020/06/09 11:07, 141.500000, 141.500000, 141.500000, 141.500000, 10
2020/06/09 11:08, 141.500000, 141.500000, 141.500000, 141.500000, 5
2020/06/09 11:09, 141.500000, 141.500000, 141.500000, 141.500000, 1
2020/06/09 11:10, 141.500000, 141.500000, 141.500000, 141.500000, 4
2020/06/09 11:11, 141.500000, 141.500000, 141.500000, 141.500000, 0
2020/06/09 11:12, 141.500000, 141.500000, 141.500000, 141.500000, 2
2020/06/09 11:13, 141.500000, 141.500000, 141.000000, 141.000000, 7
2020/06/09 11:14, 141.500000, 141.500000, 141.500000, 141.500000, 3
2020/06/09 11:15, 141.500000, 141.500000, 141.500000, 141.500000, 8
2020/06/09 11:16, 141.500000, 141.500000, 141.500000, 141.500000, 1
2020/06/09 11:17, 141.500000, 141.500000, 141.500000, 141.500000, 0
2020/06/09 11:18, 141.500000, 142.000000, 141.500000, 142.000000, 2
2020/06/09 11:19, 141.500000, 141.500000, 141.500000, 141.500000, 4
2020/06/09 11:20, 141.500000, 141.500000, 141.000000, 141.000000, 13
2020/06/09 11:21, 141.500000, 141.500000, 141.500000, 141.500000, 2
2020/06/09 11:22, 141.500000, 141.500000, 141.000000, 141.000000, 5
2020/06/09 11:23, 141.500000, 141.500000, 141.500000, 141.500000, 1
2020/06/09 11:24, 141.500000, 141.500000, 141.500000, 141.500000, 1
2020/06/09 11:25, 141.500000, 141.500000, 141.500000, 141.500000, 0
2020/06/09 11:26, 141.500000, 141.500000, 141.500000, 141.500000, 1
2020/06/09 11:27, 141.500000, 141.500000, 141.500000, 141.500000, 2
2020/06/09 11:28, 141.500000, 141.500000, 141.500000, 141.500000, 0
2020/06/09 11:29, 142.000000, 142.000000, 141.500000, 141.500000, 4
2020/06/09 11:30, 141.500000, 141.500000, 141.500000, 141.500000, 2
2020/06/09 11:31, 141.500000, 141.500000, 141.500000, 141.500000, 1
2020/06/09 11:32, 141.500000, 141.500000, 141.500000, 141.500000, 2
2020/06/09 11:33, 141.500000, 141.500000, 141.500000, 141.500000, 1
2020/06/09 11:34, 141.500000, 142.000000, 141.500000, 141.500000, 10
2020/06/09 11:35, 142.000000, 142.000000, 141.500000, 141.500000, 2
2020/06/09 11:36, 141.500000, 141.500000, 141.500000, 141.500000, 3
2020/06/09 11:37, 141.500000, 141.500000, 141.500000, 141.500000, 0
2020/06/09 11:38, 141.500000, 141.500000, 141.500000, 141.500000, 1
2020/06/09 11:39, 142.000000, 143.500000, 142.000000, 143.500000, 234
2020/06/09 11:40, 143.500000, 143.500000, 143.000000, 143.000000, 75
2020/06/09 11:41, 143.000000, 143.500000, 143.000000, 143.000000, 18
2020/06/09 11:42, 143.000000, 143.000000, 143.000000, 143.000000, 8
2020/06/09 11:43, 143.000000, 143.000000, 143.000000, 143.000000, 14
2020/06/09 11:44, 143.000000, 143.000000, 143.000000, 143.000000, 8
2020/06/09 11:45, 143.000000, 143.500000, 143.000000, 143.000000, 7
2020/06/09 11:46, 143.000000, 143.500000, 142.500000, 142.500000, 3
2020/06/09 11:47, 143.000000, 143.000000, 143.000000, 143.000000, 3
2020/06/09 11:48, 143.000000, 143.000000, 142.500000, 143.000000, 19
2020/06/09 11:49, 143.000000, 143.000000, 142.500000, 142.500000, 13
2020/06/09 11:50, 142.500000, 142.500000, 142.500000, 142.500000, 0
2020/06/09 11:51, 142.500000, 142.500000, 142.500000, 142.500000, 1
2020/06/09 11:52, 142.500000, 142.500000, 142.500000, 142.500000, 5
2020/06/09 11:53, 143.000000, 143.000000, 143.000000, 143.000000, 1
2020/06/09 11:54, 142.500000, 142.500000, 142.500000, 142.500000, 8
2020/06/09 11:55, 142.500000, 142.500000, 142.500000, 142.500000, 1
2020/06/09 11:56, 143.000000, 143.000000, 142.500000, 143.000000, 27
2020/06/09 11:57, 143.000000, 143.000000, 143.000000, 143.000000, 1
2020/06/09 11:58, 143.000000, 143.000000, 143.000000, 143.000000, 1
2020/06/09 11:59, 143.000000, 143.500000, 143.000000, 143.500000, 34
2020/06/09 12:00, 143.000000, 143.000000, 143.000000, 143.000000, 7
2020/06/09 12:01, 143.000000, 143.000000, 143.000000, 143.000000, 5
2020/06/09 12:02, 143.000000, 143.500000, 143.000000, 143.500000, 29
2020/06/09 12:03, 143.500000, 144.500000, 143.500000, 144.500000, 283
2020/06/09 12:04, 144.500000, 144.500000, 143.500000, 143.500000, 15
2020/06/09 12:05, 144.000000, 144.000000, 143.500000, 144.000000, 56
2020/06/09 12:06, 144.000000, 144.000000, 144.000000, 144.000000, 6
2020/06/09 12:07, 144.000000, 144.000000, 143.500000, 143.500000, 2
2020/06/09 12:08, 143.500000, 144.000000, 143.500000, 144.000000, 16
2020/06/09 12:09, 144.000000, 144.000000, 143.500000, 143.500000, 8
2020/06/09 12:10, 143.500000, 143.500000, 143.500000, 143.500000, 10
2020/06/09 12:11, 143.500000, 143.500000, 143.000000, 143.000000, 8
2020/06/09 12:12, 143.000000, 143.000000, 143.000000, 143.000000, 0
2020/06/09 12:13, 143.000000, 143.000000, 143.000000, 143.000000, 6
2020/06/09 12:14, 143.500000, 143.500000, 143.000000, 143.000000, 33
2020/06/09 12:15, 144.000000, 144.000000, 143.500000, 143.500000, 5
2020/06/09 12:16, 143.500000, 143.500000, 143.000000, 143.000000, 17
2020/06/09 12:17, 143.000000, 143.000000, 143.000000, 143.000000, 0
2020/06/09 12:18, 143.000000, 143.000000, 143.000000, 143.000000, 1
2020/06/09 12:19, 143.500000, 143.500000, 143.000000, 143.000000, 3
2020/06/09 12:20, 143.000000, 143.000000, 143.000000, 143.000000, 2
2020/06/09 12:21, 143.000000, 143.000000, 143.000000, 143.000000, 12
2020/06/09 12:22, 143.000000, 143.000000, 143.000000, 143.000000, 3
2020/06/09 12:23, 143.000000, 143.000000, 143.000000, 143.000000, 5
2020/06/09 12:24, 143.000000, 143.000000, 143.000000, 143.000000, 2
2020/06/09 12:25, 143.000000, 143.500000, 143.000000, 143.500000, 6
2020/06/09 12:26, 143.500000, 143.500000, 143.500000, 143.500000, 0
2020/06/09 12:27, 143.000000, 143.000000, 143.000000, 143.000000, 1
2020/06/09 12:28, 143.000000, 143.000000, 143.000000, 143.000000, 1
2020/06/09 12:29, 143.500000, 143.500000, 143.000000, 143.000000, 6
2020/06/09 12:30, 143.000000, 143.000000, 142.500000, 143.000000, 6
2020/06/09 12:31, 143.000000, 143.000000, 143.000000, 143.000000, 4
2020/06/09 12:32, 143.000000, 143.000000, 143.000000, 143.000000, 4
2020/06/09 12:33, 143.000000, 143.500000, 143.000000, 143.500000, 8
2020/06/09 12:34, 143.500000, 143.500000, 143.000000, 143.000000, 14
2020/06/09 12:35, 143.500000, 143.500000, 143.000000, 143.000000, 17
2020/06/09 12:36, 143.000000, 143.000000, 143.000000, 143.000000, 7
2020/06/09 12:37, 143.000000, 143.000000, 143.000000, 143.000000, 11
2020/06/09 12:38, 143.000000, 144.000000, 143.000000, 144.000000, 57
2020/06/09 12:39, 144.000000, 144.500000, 144.000000, 144.500000, 217
2020/06/09 12:40, 144.000000, 144.500000, 144.000000, 144.000000, 12
2020/06/09 12:41, 144.000000, 144.000000, 144.000000, 144.000000, 22
2020/06/09 12:42, 144.000000, 144.000000, 144.000000, 144.000000, 5
2020/06/09 12:43, 144.000000, 144.000000, 144.000000, 144.000000, 13
2020/06/09 12:44, 143.500000, 143.500000, 143.500000, 143.500000, 2
2020/06/09 12:45, 143.500000, 144.000000, 143.500000, 144.000000, 14
2020/06/09 12:46, 144.000000, 144.500000, 144.000000, 144.500000, 13
2020/06/09 12:47, 144.500000, 144.500000, 144.000000, 144.000000, 32
2020/06/09 12:48, 144.000000, 144.000000, 144.000000, 144.000000, 8
2020/06/09 12:49, 143.500000, 143.500000, 143.500000, 143.500000, 1
2020/06/09 12:50, 144.000000, 144.000000, 143.500000, 144.000000, 7
2020/06/09 12:51, 143.500000, 143.500000, 143.500000, 143.500000, 9
2020/06/09 12:52, 144.000000, 144.000000, 143.500000, 143.500000, 3
2020/06/09 12:53, 143.500000, 143.500000, 143.500000, 143.500000, 7
2020/06/09 12:54, 143.500000, 143.500000, 143.500000, 143.500000, 1
2020/06/09 12:55, 143.500000, 143.500000, 143.500000, 143.500000, 1
2020/06/09 12:56, 143.500000, 143.500000, 143.500000, 143.500000, 12
2020/06/09 12:57, 143.500000, 143.500000, 143.500000, 143.500000, 0
2020/06/09 12:58, 143.000000, 143.500000, 143.000000, 143.000000, 17
2020/06/09 12:59, 143.000000, 143.000000, 143.000000, 143.000000, 2
2020/06/09 13:00, 143.000000, 143.000000, 143.000000, 143.000000, 3
2020/06/09 13:01, 143.000000, 143.500000, 143.000000, 143.000000, 10
2020/06/09 13:02, 143.000000, 143.000000, 143.000000, 143.000000, 4
2020/06/09 13:03, 143.000000, 143.500000, 143.000000, 143.000000, 7
2020/06/09 13:04, 143.000000, 143.000000, 143.000000, 143.000000, 7
2020/06/09 13:05, 143.000000, 143.000000, 143.000000, 143.000000, 3
2020/06/09 13:06, 143.000000, 143.000000, 143.000000, 143.000000, 2
2020/06/09 13:07, 143.000000, 143.500000, 143.000000, 143.000000, 9
2020/06/09 13:08, 143.000000, 143.500000, 143.000000, 143.500000, 18
2020/06/09 13:09, 143.500000, 143.500000, 143.500000, 143.500000, 27
2020/06/09 13:10, 144.000000, 144.000000, 143.500000, 143.500000, 5
2020/06/09 13:11, 143.500000, 143.500000, 143.500000, 143.500000, 2
2020/06/09 13:12, 144.000000, 144.000000, 143.500000, 143.500000, 2
2020/06/09 13:13, 143.500000, 143.500000, 143.500000, 143.500000, 3
2020/06/09 13:14, 143.500000, 143.500000, 143.500000, 143.500000, 1
2020/06/09 13:15, 143.500000, 144.000000, 143.500000, 144.000000, 6
2020/06/09 13:16, 144.000000, 144.000000, 144.000000, 144.000000, 65
2020/06/09 13:17, 144.000000, 144.500000, 144.000000, 144.000000, 52
2020/06/09 13:18, 144.000000, 144.000000, 144.000000, 144.000000, 18
2020/06/09 13:19, 143.500000, 144.000000, 143.500000, 144.000000, 5
2020/06/09 13:20, 144.000000, 144.000000, 144.000000, 144.000000, 2
2020/06/09 13:21, 144.000000, 144.000000, 143.500000, 144.000000, 32
2020/06/09 13:22, 143.500000, 144.000000, 143.500000, 144.000000, 7
2020/06/09 13:23, 144.000000, 144.000000, 144.000000, 144.000000, 1
2020/06/09 13:24, 143.500000, 144.000000, 143.500000, 144.000000, 2
2020/06/09 13:25, 143.500000, 144.000000, 143.500000, 144.000000, 4
2020/06/09 13:26, 144.000000, 144.000000, 144.000000, 144.000000, 0
2020/06/09 13:27, 144.000000, 144.000000, 144.000000, 144.000000, 0
2020/06/09 13:28, 144.000000, 144.000000, 144.000000, 144.000000, 0
2020/06/09 13:29, 144.000000, 144.000000, 144.000000, 144.000000, 0
2020/06/09 13:30, 144.000000, 144.000000, 144.000000, 144.000000, 169
2020/06/10 09:01, 145.000000, 145.500000, 144.500000, 145.000000, 171
2020/06/10 09:02, 145.000000, 145.000000, 144.000000, 145.000000, 54
2020/06/10 09:03, 145.000000, 145.500000, 144.500000, 145.000000, 57
2020/06/10 09:04, 145.000000, 145.500000, 145.000000, 145.000000, 60
2020/06/10 09:05, 145.000000, 145.500000, 144.500000, 145.000000, 32
2020/06/10 09:06, 145.000000, 145.000000, 145.000000, 145.000000, 2
2020/06/10 09:07, 145.000000, 145.000000, 144.500000, 144.500000, 7
2020/06/10 09:08, 144.500000, 145.000000, 144.500000, 145.000000, 8
2020/06/10 09:09, 145.000000, 145.000000, 144.500000, 144.500000, 5
2020/06/10 09:10, 145.000000, 145.000000, 145.000000, 145.000000, 59
2020/06/10 09:11, 145.000000, 145.500000, 144.500000, 145.500000, 48
2020/06/10 09:12, 145.500000, 145.500000, 145.000000, 145.000000, 8
2020/06/10 09:13, 145.000000, 145.500000, 145.000000, 145.000000, 23
2020/06/10 09:14, 145.000000, 145.000000, 143.500000, 143.500000, 98
2020/06/10 09:15, 143.500000, 144.000000, 143.500000, 144.000000, 36
2020/06/10 09:16, 144.000000, 144.500000, 144.000000, 144.000000, 19
2020/06/10 09:17, 144.000000, 144.500000, 144.000000, 144.500000, 5
2020/06/10 09:18, 144.500000, 144.500000, 144.500000, 144.500000, 11
2020/06/10 09:19, 144.500000, 144.500000, 143.500000, 144.000000, 47
2020/06/10 09:20, 144.000000, 144.000000, 143.500000, 143.500000, 50
2020/06/10 09:21, 143.500000, 143.500000, 143.500000, 143.500000, 9
2020/06/10 09:22, 143.500000, 144.000000, 143.500000, 143.500000, 20
2020/06/10 09:23, 143.500000, 143.500000, 143.500000, 143.500000, 9
2020/06/10 09:24, 143.500000, 143.500000, 143.500000, 143.500000, 4
2020/06/10 09:25, 143.500000, 144.000000, 143.500000, 144.000000, 2
2020/06/10 09:26, 144.000000, 144.000000, 143.500000, 144.000000, 7
2020/06/10 09:27, 144.000000, 144.000000, 143.500000, 144.000000, 12
2020/06/10 09:28, 144.000000, 144.500000, 144.000000, 144.500000, 9
2020/06/10 09:29, 144.500000, 144.500000, 144.500000, 144.500000, 2
2020/06/10 09:30, 144.500000, 144.500000, 144.000000, 144.000000, 7
2020/06/10 09:31, 144.000000, 144.500000, 144.000000, 144.000000, 32
2020/06/10 09:32, 144.000000, 144.000000, 144.000000, 144.000000, 0
2020/06/10 09:33, 144.000000, 144.000000, 144.000000, 144.000000, 1
2020/06/10 09:34, 144.000000, 144.000000, 144.000000, 144.000000, 2
2020/06/10 09:35, 144.000000, 144.000000, 144.000000, 144.000000, 0
2020/06/10 09:36, 144.000000, 144.000000, 143.500000, 143.500000, 9
2020/06/10 09:37, 143.500000, 143.500000, 143.500000, 143.500000, 18
2020/06/10 09:38, 143.500000, 144.000000, 143.500000, 144.000000, 2
2020/06/10 09:39, 144.000000, 144.000000, 144.000000, 144.000000, 0
2020/06/10 09:40, 144.000000, 144.000000, 143.500000, 143.500000, 2
2020/06/10 09:41, 144.000000, 144.000000, 144.000000, 144.000000, 33
2020/06/10 09:42, 144.000000, 144.500000, 144.000000, 144.000000, 18
2020/06/10 09:43, 144.000000, 144.000000, 144.000000, 144.000000, 7
2020/06/10 09:44, 144.000000, 144.000000, 143.500000, 143.500000, 2
2020/06/10 09:45, 143.500000, 143.500000, 143.500000, 143.500000, 25
2020/06/10 09:46, 143.500000, 143.500000, 143.500000, 143.500000, 3
2020/06/10 09:47, 143.500000, 143.500000, 143.000000, 143.000000, 7
2020/06/10 09:48, 143.000000, 143.000000, 143.000000, 143.000000, 6
2020/06/10 09:49, 143.500000, 143.500000, 143.500000, 143.500000, 5
2020/06/10 09:50, 143.500000, 143.500000, 143.500000, 143.500000, 3
2020/06/10 09:51, 143.500000, 143.500000, 143.500000, 143.500000, 3
2020/06/10 09:52, 143.500000, 143.500000, 143.500000, 143.500000, 2
2020/06/10 09:53, 143.500000, 144.000000, 143.500000, 144.000000, 9
2020/06/10 09:54, 143.500000, 143.500000, 143.500000, 143.500000, 3
2020/06/10 09:55, 143.500000, 144.000000, 143.500000, 143.500000, 13
2020/06/10 09:56, 143.500000, 143.500000, 143.500000, 143.500000, 5
2020/06/10 09:57, 143.000000, 143.500000, 143.000000, 143.500000, 14
2020/06/10 09:58, 143.500000, 144.000000, 143.500000, 144.000000, 12
2020/06/10 09:59, 143.500000, 143.500000, 143.500000, 143.500000, 6
2020/06/10 10:00, 143.000000, 143.000000, 142.500000, 143.000000, 71
2020/06/10 10:01, 143.000000, 143.000000, 143.000000, 143.000000, 2
2020/06/10 10:02, 143.000000, 143.000000, 142.500000, 142.500000, 27
2020/06/10 10:03, 142.500000, 142.500000, 142.500000, 142.500000, 11
2020/06/10 10:04, 142.500000, 142.500000, 142.500000, 142.500000, 4
2020/06/10 10:05, 143.000000, 143.000000, 142.500000, 142.500000, 2
2020/06/10 10:06, 143.000000, 143.000000, 143.000000, 143.000000, 1
2020/06/10 10:07, 142.500000, 143.000000, 142.500000, 142.500000, 17
2020/06/10 10:08, 143.000000, 143.500000, 143.000000, 143.500000, 7
2020/06/10 10:09, 143.500000, 143.500000, 143.500000, 143.500000, 0
2020/06/10 10:10, 143.500000, 143.500000, 143.000000, 143.000000, 3
2020/06/10 10:11, 143.500000, 143.500000, 143.000000, 143.000000, 4
2020/06/10 10:12, 143.000000, 143.000000, 142.500000, 142.500000, 26
2020/06/10 10:13, 143.000000, 143.000000, 143.000000, 143.000000, 2
2020/06/10 10:14, 142.500000, 142.500000, 142.500000, 142.500000, 2
2020/06/10 10:15, 142.500000, 142.500000, 142.500000, 142.500000, 0
2020/06/10 10:16, 142.500000, 142.500000, 142.500000, 142.500000, 0
2020/06/10 10:17, 143.000000, 143.000000, 143.000000, 143.000000, 5
2020/06/10 10:18, 143.000000, 143.000000, 143.000000, 143.000000, 1
2020/06/10 10:19, 143.000000, 143.000000, 143.000000, 143.000000, 1
2020/06/10 10:20, 143.000000, 143.000000, 143.000000, 143.000000, 1
2020/06/10 10:21, 142.500000, 142.500000, 142.500000, 142.500000, 1
2020/06/10 10:22, 142.500000, 142.500000, 142.500000, 142.500000, 0
2020/06/10 10:23, 142.500000, 142.500000, 142.500000, 142.500000, 6
2020/06/10 10:24, 142.500000, 142.500000, 142.500000, 142.500000, 9
2020/06/10 10:25, 142.500000, 142.500000, 142.000000, 142.500000, 36
2020/06/10 10:26, 142.000000, 142.500000, 142.000000, 142.000000, 28
2020/06/10 10:27, 142.000000, 142.000000, 142.000000, 142.000000, 5
2020/06/10 10:28, 142.000000, 142.000000, 142.000000, 142.000000, 55
2020/06/10 10:29, 142.000000, 142.000000, 141.500000, 142.000000, 24
2020/06/10 10:30, 142.000000, 142.000000, 142.000000, 142.000000, 3
2020/06/10 10:31, 142.000000, 142.500000, 142.000000, 142.500000, 6
2020/06/10 10:32, 142.500000, 142.500000, 142.500000, 142.500000, 4
2020/06/10 10:33, 142.500000, 142.500000, 142.500000, 142.500000, 3
2020/06/10 10:34, 142.500000, 142.500000, 142.500000, 142.500000, 0
2020/06/10 10:35, 142.500000, 143.000000, 142.000000, 143.000000, 11
2020/06/10 10:36, 142.500000, 142.500000, 142.500000, 142.500000, 1
2020/06/10 10:37, 142.500000, 142.500000, 142.500000, 142.500000, 9
2020/06/10 10:38, 142.500000, 142.500000, 142.500000, 142.500000, 6
2020/06/10 10:39, 142.500000, 142.500000, 142.500000, 142.500000, 0
2020/06/10 10:40, 142.500000, 142.500000, 142.500000, 142.500000, 0
2020/06/10 10:41, 142.500000, 142.500000, 142.500000, 142.500000, 2
2020/06/10 10:42, 142.500000, 142.500000, 142.500000, 142.500000, 0
2020/06/10 10:43, 142.500000, 142.500000, 142.500000, 142.500000, 0
2020/06/10 10:44, 142.500000, 142.500000, 142.500000, 142.500000, 1
2020/06/10 10:45, 142.500000, 142.500000, 142.500000, 142.500000, 1
2020/06/10 10:46, 142.500000, 142.500000, 142.500000, 142.500000, 0
2020/06/10 10:47, 142.500000, 142.500000, 142.500000, 142.500000, 1
2020/06/10 10:48, 142.500000, 142.500000, 142.500000, 142.500000, 1
2020/06/10 10:49, 142.500000, 142.500000, 142.500000, 142.500000, 0
2020/06/10 10:50, 142.500000, 142.500000, 142.500000, 142.500000, 0
2020/06/10 10:51, 142.000000, 142.500000, 142.000000, 142.000000, 3
2020/06/10 10:52, 142.000000, 142.000000, 142.000000, 142.000000, 0
2020/06/10 10:53, 142.000000, 142.000000, 142.000000, 142.000000, 2
2020/06/10 10:54, 142.000000, 142.000000, 142.000000, 142.000000, 25
2020/06/10 10:55, 142.000000, 142.000000, 142.000000, 142.000000, 1
2020/06/10 10:56, 142.000000, 142.000000, 142.000000, 142.000000, 0
2020/06/10 10:57, 142.000000, 142.000000, 142.000000, 142.000000, 1
2020/06/10 10:58, 142.500000, 142.500000, 142.000000, 142.000000, 2
2020/06/10 10:59, 142.000000, 142.000000, 142.000000, 142.000000, 6
2020/06/10 11:00, 142.000000, 142.000000, 142.000000, 142.000000, 3
2020/06/10 11:01, 142.000000, 142.000000, 142.000000, 142.000000, 0
2020/06/10 11:02, 142.000000, 142.000000, 142.000000, 142.000000, 0
2020/06/10 11:03, 142.500000, 142.500000, 142.000000, 142.000000, 3
2020/06/10 11:04, 142.000000, 142.000000, 142.000000, 142.000000, 35
2020/06/10 11:05, 142.000000, 142.000000, 142.000000, 142.000000, 6
2020/06/10 11:06, 142.000000, 142.000000, 142.000000, 142.000000, 3
2020/06/10 11:07, 142.000000, 142.000000, 141.500000, 141.500000, 2
2020/06/10 11:08, 141.500000, 141.500000, 141.500000, 141.500000, 7
2020/06/10 11:09, 141.500000, 141.500000, 141.500000, 141.500000, 1
2020/06/10 11:10, 142.000000, 142.000000, 142.000000, 142.000000, 9
2020/06/10 11:11, 142.000000, 142.500000, 142.000000, 142.000000, 6
2020/06/10 11:12, 142.000000, 142.000000, 141.500000, 141.500000, 5
2020/06/10 11:13, 141.500000, 141.500000, 141.500000, 141.500000, 0
2020/06/10 11:14, 141.500000, 141.500000, 141.500000, 141.500000, 0
2020/06/10 11:15, 141.500000, 141.500000, 141.500000, 141.500000, 1
2020/06/10 11:16, 141.500000, 141.500000, 141.500000, 141.500000, 6
2020/06/10 11:17, 141.500000, 141.500000, 141.500000, 141.500000, 8
2020/06/10 11:18, 141.500000, 141.500000, 141.500000, 141.500000, 0
2020/06/10 11:19, 142.000000, 142.000000, 142.000000, 142.000000, 1
2020/06/10 11:20, 142.000000, 142.000000, 142.000000, 142.000000, 3
2020/06/10 11:21, 142.000000, 142.000000, 142.000000, 142.000000, 8
2020/06/10 11:22, 142.000000, 142.000000, 142.000000, 142.000000, 8
2020/06/10 11:23, 142.500000, 142.500000, 142.000000, 142.000000, 4
2020/06/10 11:24, 142.500000, 142.500000, 142.500000, 142.500000, 1
2020/06/10 11:25, 142.500000, 142.500000, 142.500000, 142.500000, 0
2020/06/10 11:26, 142.000000, 142.000000, 142.000000, 142.000000, 12
2020/06/10 11:27, 142.000000, 142.000000, 142.000000, 142.000000, 1
2020/06/10 11:28, 142.000000, 142.000000, 141.500000, 141.500000, 4
2020/06/10 11:29, 141.500000, 141.500000, 141.500000, 141.500000, 1
2020/06/10 11:30, 142.000000, 142.000000, 142.000000, 142.000000, 2
2020/06/10 11:31, 142.000000, 142.000000, 142.000000, 142.000000, 0
2020/06/10 11:32, 142.000000, 142.000000, 142.000000, 142.000000, 0
2020/06/10 11:33, 142.000000, 142.000000, 142.000000, 142.000000, 0
2020/06/10 11:34, 142.000000, 142.000000, 142.000000, 142.000000, 0
2020/06/10 11:35, 142.000000, 142.000000, 142.000000, 142.000000, 0
2020/06/10 11:36, 142.000000, 142.000000, 142.000000, 142.000000, 0
2020/06/10 11:37, 142.000000, 142.000000, 142.000000, 142.000000, 0
2020/06/10 11:38, 142.000000, 142.000000, 142.000000, 142.000000, 0
2020/06/10 11:39, 142.000000, 142.000000, 142.000000, 142.000000, 0
2020/06/10 11:40, 141.500000, 141.500000, 141.500000, 141.500000, 2
2020/06/10 11:41, 141.500000, 141.500000, 141.500000, 141.500000, 0
2020/06/10 11:42, 141.500000, 141.500000, 141.500000, 141.500000, 0
2020/06/10 11:43, 142.000000, 142.000000, 142.000000, 142.000000, 4
2020/06/10 11:44, 142.000000, 142.000000, 142.000000, 142.000000, 0
2020/06/10 11:45, 142.000000, 142.000000, 142.000000, 142.000000, 0
2020/06/10 11:46, 142.000000, 142.000000, 142.000000, 142.000000, 1
2020/06/10 11:47, 142.000000, 142.000000, 142.000000, 142.000000, 0
2020/06/10 11:48, 142.000000, 142.000000, 142.000000, 142.000000, 0
2020/06/10 11:49, 141.500000, 141.500000, 141.500000, 141.500000, 4
2020/06/10 11:50, 141.500000, 141.500000, 141.500000, 141.500000, 3
2020/06/10 11:51, 142.000000, 142.000000, 142.000000, 142.000000, 1
2020/06/10 11:52, 142.000000, 142.000000, 142.000000, 142.000000, 0
2020/06/10 11:53, 142.000000, 142.000000, 142.000000, 142.000000, 1
2020/06/10 11:54, 142.000000, 142.000000, 142.000000, 142.000000, 1
2020/06/10 11:55, 141.500000, 141.500000, 141.500000, 141.500000, 1
2020/06/10 11:56, 141.500000, 142.000000, 141.500000, 142.000000, 2
2020/06/10 11:57, 142.000000, 142.000000, 142.000000, 142.000000, 0
2020/06/10 11:58, 142.000000, 142.000000, 142.000000, 142.000000, 0
2020/06/10 11:59, 141.500000, 141.500000, 141.500000, 141.500000, 1
2020/06/10 12:00, 141.500000, 142.000000, 141.500000, 141.500000, 3
2020/06/10 12:01, 141.500000, 142.000000, 141.500000, 141.500000, 7
2020/06/10 12:02, 141.500000, 141.500000, 141.500000, 141.500000, 0
2020/06/10 12:03, 141.500000, 141.500000, 141.500000, 141.500000, 0
2020/06/10 12:04, 141.500000, 141.500000, 141.500000, 141.500000, 76
2020/06/10 12:05, 141.500000, 141.500000, 141.000000, 141.000000, 4
2020/06/10 12:06, 141.000000, 141.500000, 141.000000, 141.500000, 4
2020/06/10 12:07, 141.000000, 141.500000, 141.000000, 141.500000, 6
2020/06/10 12:08, 141.000000, 141.000000, 141.000000, 141.000000, 2
2020/06/10 12:09, 141.000000, 141.000000, 141.000000, 141.000000, 1
2020/06/10 12:10, 141.000000, 141.000000, 141.000000, 141.000000, 0
2020/06/10 12:11, 141.500000, 141.500000, 141.000000, 141.000000, 3
2020/06/10 12:12, 141.500000, 141.500000, 141.500000, 141.500000, 2
2020/06/10 12:13, 141.500000, 141.500000, 141.500000, 141.500000, 10
2020/06/10 12:14, 141.500000, 141.500000, 141.500000, 141.500000, 17
2020/06/10 12:15, 142.000000, 142.000000, 142.000000, 142.000000, 2
2020/06/10 12:16, 142.000000, 142.000000, 142.000000, 142.000000, 2
2020/06/10 12:17, 142.000000, 142.000000, 142.000000, 142.000000, 0
2020/06/10 12:18, 142.000000, 142.000000, 142.000000, 142.000000, 0
2020/06/10 12:19, 142.000000, 142.000000, 142.000000, 142.000000, 0
2020/06/10 12:20, 142.000000, 142.000000, 142.000000, 142.000000, 0
2020/06/10 12:21, 142.000000, 142.000000, 142.000000, 142.000000, 2
2020/06/10 12:22, 142.000000, 142.000000, 142.000000, 142.000000, 2
2020/06/10 12:23, 142.000000, 142.000000, 142.000000, 142.000000, 0
2020/06/10 12:24, 142.000000, 142.000000, 141.500000, 141.500000, 6
2020/06/10 12:25, 141.500000, 141.500000, 141.500000, 141.500000, 1
2020/06/10 12:26, 141.500000, 142.000000, 141.500000, 141.500000, 36
2020/06/10 12:27, 141.500000, 141.500000, 141.500000, 141.500000, 11
2020/06/10 12:28, 141.500000, 141.500000, 141.500000, 141.500000, 15
2020/06/10 12:29, 141.500000, 141.500000, 141.500000, 141.500000, 2
2020/06/10 12:30, 141.000000, 141.500000, 141.000000, 141.500000, 3
2020/06/10 12:31, 141.500000, 141.500000, 141.500000, 141.500000, 0
2020/06/10 12:32, 141.500000, 141.500000, 141.500000, 141.500000, 4
2020/06/10 12:33, 141.500000, 141.500000, 141.500000, 141.500000, 3
2020/06/10 12:34, 141.500000, 142.000000, 141.500000, 141.500000, 3
2020/06/10 12:35, 141.500000, 141.500000, 141.500000, 141.500000, 0
2020/06/10 12:36, 141.500000, 141.500000, 141.500000, 141.500000, 5
2020/06/10 12:37, 141.500000, 141.500000, 141.500000, 141.500000, 0
2020/06/10 12:38, 141.500000, 141.500000, 141.000000, 141.000000, 10
2020/06/10 12:39, 141.000000, 141.000000, 141.000000, 141.000000, 0
2020/06/10 12:40, 141.500000, 141.500000, 141.500000, 141.500000, 2
2020/06/10 12:41, 141.500000, 141.500000, 141.500000, 141.500000, 10
2020/06/10 12:42, 141.500000, 141.500000, 141.500000, 141.500000, 5
2020/06/10 12:43, 141.500000, 141.500000, 141.500000, 141.500000, 3
2020/06/10 12:44, 141.500000, 141.500000, 141.500000, 141.500000, 3
2020/06/10 12:45, 142.000000, 142.000000, 142.000000, 142.000000, 1
2020/06/10 12:46, 142.000000, 142.000000, 142.000000, 142.000000, 0
2020/06/10 12:47, 142.000000, 142.000000, 142.000000, 142.000000, 0
2020/06/10 12:48, 141.500000, 141.500000, 141.500000, 141.500000, 10
2020/06/10 12:49, 141.500000, 141.500000, 141.500000, 141.500000, 7
2020/06/10 12:50, 141.500000, 141.500000, 141.500000, 141.500000, 6
2020/06/10 12:51, 141.000000, 141.500000, 141.000000, 141.500000, 13
2020/06/10 12:52, 141.500000, 141.500000, 141.500000, 141.500000, 13
2020/06/10 12:53, 141.500000, 141.500000, 141.500000, 141.500000, 3
2020/06/10 12:54, 141.000000, 141.500000, 141.000000, 141.500000, 4
2020/06/10 12:55, 141.500000, 141.500000, 141.500000, 141.500000, 3
2020/06/10 12:56, 141.500000, 141.500000, 141.500000, 141.500000, 21
2020/06/10 12:57, 141.500000, 141.500000, 141.000000, 141.500000, 10
2020/06/10 12:58, 141.500000, 141.500000, 141.500000, 141.500000, 5
2020/06/10 12:59, 141.500000, 142.000000, 141.000000, 142.000000, 19
2020/06/10 13:00, 141.500000, 141.500000, 141.500000, 141.500000, 4
2020/06/10 13:01, 141.500000, 141.500000, 141.500000, 141.500000, 4
2020/06/10 13:02, 141.500000, 141.500000, 141.500000, 141.500000, 0
2020/06/10 13:03, 142.000000, 142.000000, 142.000000, 142.000000, 1
2020/06/10 13:04, 142.000000, 142.000000, 142.000000, 142.000000, 0
2020/06/10 13:05, 141.500000, 141.500000, 141.500000, 141.500000, 22
2020/06/10 13:06, 141.500000, 141.500000, 141.000000, 141.500000, 7
2020/06/10 13:07, 141.500000, 141.500000, 141.500000, 141.500000, 4
2020/06/10 13:08, 141.500000, 141.500000, 141.500000, 141.500000, 4
2020/06/10 13:09, 141.500000, 141.500000, 141.000000, 141.000000, 18
2020/06/10 13:10, 141.500000, 141.500000, 141.000000, 141.500000, 5
2020/06/10 13:11, 141.500000, 141.500000, 141.000000, 141.000000, 2
2020/06/10 13:12, 141.000000, 141.000000, 141.000000, 141.000000, 1
2020/06/10 13:13, 141.000000, 141.000000, 141.000000, 141.000000, 0
2020/06/10 13:14, 141.000000, 141.500000, 141.000000, 141.500000, 6
2020/06/10 13:15, 141.500000, 141.500000, 141.000000, 141.000000, 9
2020/06/10 13:16, 141.500000, 141.500000, 141.000000, 141.500000, 28
2020/06/10 13:17, 141.500000, 141.500000, 141.500000, 141.500000, 4
2020/06/10 13:18, 141.500000, 141.500000, 141.000000, 141.000000, 13
2020/06/10 13:19, 141.000000, 141.000000, 141.000000, 141.000000, 12
2020/06/10 13:20, 141.000000, 141.500000, 141.000000, 141.500000, 124
2020/06/10 13:21, 141.000000, 141.500000, 140.500000, 140.500000, 43
2020/06/10 13:22, 140.500000, 141.000000, 140.500000, 141.000000, 5
2020/06/10 13:23, 141.000000, 141.000000, 141.000000, 141.000000, 8
2020/06/10 13:24, 141.000000, 141.000000, 140.500000, 140.500000, 4
2020/06/10 13:25, 141.000000, 141.000000, 140.500000, 141.000000, 28
2020/06/10 13:26, 141.000000, 141.000000, 141.000000, 141.000000, 0
2020/06/10 13:27, 141.000000, 141.000000, 141.000000, 141.000000, 0
2020/06/10 13:28, 141.000000, 141.000000, 141.000000, 141.000000, 0
2020/06/10 13:29, 141.000000, 141.000000, 141.000000, 141.000000, 0
2020/06/10 13:30, 141.500000, 141.500000, 141.500000, 141.500000, 174
2020/06/11 09:01, 142.000000, 142.000000, 141.500000, 141.500000, 29
2020/06/11 09:02, 142.000000, 142.000000, 141.500000, 141.500000, 3
2020/06/11 09:03, 142.000000, 142.000000, 141.500000, 142.000000, 30
2020/06/11 09:04, 142.000000, 142.000000, 142.000000, 142.000000, 4
2020/06/11 09:05, 142.000000, 142.000000, 142.000000, 142.000000, 11
2020/06/11 09:06, 142.000000, 142.000000, 142.000000, 142.000000, 2
2020/06/11 09:07, 142.000000, 142.500000, 142.000000, 142.000000, 5
2020/06/11 09:08, 142.500000, 142.500000, 142.500000, 142.500000, 21
2020/06/11 09:09, 142.000000, 142.500000, 142.000000, 142.000000, 10
2020/06/11 09:10, 142.000000, 142.000000, 142.000000, 142.000000, 5
2020/06/11 09:11, 142.000000, 142.500000, 142.000000, 142.000000, 33
2020/06/11 09:12, 142.000000, 142.000000, 142.000000, 142.000000, 1
2020/06/11 09:13, 142.000000, 142.000000, 142.000000, 142.000000, 6
2020/06/11 09:14, 142.000000, 142.000000, 142.000000, 142.000000, 2
2020/06/11 09:15, 141.500000, 141.500000, 141.000000, 141.000000, 56
2020/06/11 09:16, 141.000000, 141.000000, 141.000000, 141.000000, 7
2020/06/11 09:17, 141.000000, 141.000000, 141.000000, 141.000000, 7
2020/06/11 09:18, 140.500000, 140.500000, 140.500000, 140.500000, 25
2020/06/11 09:19, 140.500000, 141.000000, 140.500000, 140.500000, 28
2020/06/11 09:20, 140.500000, 140.500000, 140.500000, 140.500000, 6
2020/06/11 09:21, 140.000000, 140.500000, 140.000000, 140.500000, 34
2020/06/11 09:22, 140.500000, 140.500000, 140.000000, 140.000000, 6
2020/06/11 09:23, 140.500000, 140.500000, 140.000000, 140.500000, 7
2020/06/11 09:24, 140.500000, 140.500000, 140.500000, 140.500000, 3
2020/06/11 09:25, 140.000000, 140.000000, 140.000000, 140.000000, 8
2020/06/11 09:26, 140.000000, 140.500000, 140.000000, 140.500000, 3
2020/06/11 09:27, 140.500000, 140.500000, 140.000000, 140.500000, 5
2020/06/11 09:28, 140.500000, 140.500000, 140.500000, 140.500000, 6
2020/06/11 09:29, 140.500000, 141.000000, 140.500000, 140.500000, 22
2020/06/11 09:30, 141.000000, 141.000000, 140.500000, 141.000000, 69
2020/06/11 09:31, 141.000000, 141.500000, 141.000000, 141.000000, 10
2020/06/11 09:32, 141.000000, 141.000000, 141.000000, 141.000000, 3
2020/06/11 09:33, 141.500000, 141.500000, 141.000000, 141.000000, 2
2020/06/11 09:34, 141.000000, 141.000000, 141.000000, 141.000000, 0
2020/06/11 09:35, 141.000000, 141.000000, 141.000000, 141.000000, 16
2020/06/11 09:36, 141.000000, 141.000000, 141.000000, 141.000000, 6
2020/06/11 09:37, 141.000000, 141.000000, 141.000000, 141.000000, 2
2020/06/11 09:38, 141.000000, 141.000000, 141.000000, 141.000000, 0
2020/06/11 09:39, 140.500000, 140.500000, 140.500000, 140.500000, 1
2020/06/11 09:40, 140.500000, 140.500000, 140.500000, 140.500000, 0
2020/06/11 09:41, 140.500000, 141.000000, 140.500000, 141.000000, 2
2020/06/11 09:42, 140.500000, 140.500000, 140.500000, 140.500000, 2
2020/06/11 09:43, 140.500000, 141.000000, 140.500000, 141.000000, 5
2020/06/11 09:44, 141.000000, 141.000000, 141.000000, 141.000000, 0
2020/06/11 09:45, 141.000000, 141.000000, 141.000000, 141.000000, 1
2020/06/11 09:46, 141.000000, 141.000000, 141.000000, 141.000000, 1
2020/06/11 09:47, 141.000000, 141.000000, 141.000000, 141.000000, 2
2020/06/11 09:48, 141.000000, 141.000000, 141.000000, 141.000000, 3
2020/06/11 09:49, 141.000000, 141.000000, 140.500000, 140.500000, 2
2020/06/11 09:50, 141.000000, 141.000000, 141.000000, 141.000000, 1
2020/06/11 09:51, 141.000000, 141.000000, 141.000000, 141.000000, 1
2020/06/11 09:52, 141.000000, 141.000000, 141.000000, 141.000000, 0
2020/06/11 09:53, 140.500000, 141.000000, 140.500000, 140.500000, 12
2020/06/11 09:54, 140.500000, 140.500000, 140.500000, 140.500000, 0
2020/06/11 09:55, 140.500000, 141.000000, 140.500000, 140.500000, 13
2020/06/11 09:56, 140.500000, 140.500000, 140.500000, 140.500000, 3
2020/06/11 09:57, 140.500000, 140.500000, 140.500000, 140.500000, 15
2020/06/11 09:58, 140.500000, 141.000000, 140.500000, 141.000000, 14
2020/06/11 09:59, 141.000000, 141.000000, 141.000000, 141.000000, 2
2020/06/11 10:00, 141.000000, 141.000000, 141.000000, 141.000000, 0
2020/06/11 10:01, 141.000000, 141.000000, 141.000000, 141.000000, 4
2020/06/11 10:02, 141.000000, 141.000000, 141.000000, 141.000000, 3
2020/06/11 10:03, 141.000000, 141.000000, 141.000000, 141.000000, 4
2020/06/11 10:04, 141.000000, 141.000000, 141.000000, 141.000000, 1
2020/06/11 10:05, 141.000000, 141.000000, 141.000000, 141.000000, 1
2020/06/11 10:06, 141.000000, 141.000000, 141.000000, 141.000000, 2
2020/06/11 10:07, 140.500000, 140.500000, 140.500000, 140.500000, 1
2020/06/11 10:08, 141.000000, 141.000000, 141.000000, 141.000000, 1
2020/06/11 10:09, 140.500000, 140.500000, 140.500000, 140.500000, 13
2020/06/11 10:10, 140.500000, 140.500000, 140.500000, 140.500000, 0
2020/06/11 10:11, 140.500000, 140.500000, 140.500000, 140.500000, 1
2020/06/11 10:12, 140.500000, 140.500000, 140.500000, 140.500000, 0
2020/06/11 10:13, 141.000000, 141.000000, 141.000000, 141.000000, 1
2020/06/11 10:14, 141.000000, 141.000000, 141.000000, 141.000000, 0
2020/06/11 10:15, 140.500000, 140.500000, 140.500000, 140.500000, 1
2020/06/11 10:16, 141.000000, 141.000000, 141.000000, 141.000000, 2
2020/06/11 10:17, 140.500000, 140.500000, 140.500000, 140.500000, 1
2020/06/11 10:18, 140.500000, 140.500000, 140.500000, 140.500000, 10
2020/06/11 10:19, 140.500000, 141.000000, 140.500000, 141.000000, 3
2020/06/11 10:20, 140.500000, 140.500000, 140.500000, 140.500000, 9
2020/06/11 10:21, 140.500000, 140.500000, 140.500000, 140.500000, 6
2020/06/11 10:22, 140.500000, 140.500000, 140.500000, 140.500000, 2
2020/06/11 10:23, 140.000000, 141.000000, 140.000000, 141.000000, 2
2020/06/11 10:24, 140.500000, 140.500000, 140.500000, 140.500000, 1
2020/06/11 10:25, 140.500000, 140.500000, 140.500000, 140.500000, 0
2020/06/11 10:26, 141.000000, 141.000000, 140.500000, 140.500000, 6
2020/06/11 10:27, 140.500000, 140.500000, 140.500000, 140.500000, 1
2020/06/11 10:28, 140.500000, 140.500000, 140.500000, 140.500000, 0
2020/06/11 10:29, 140.500000, 140.500000, 140.500000, 140.500000, 0
2020/06/11 10:30, 141.000000, 141.000000, 140.500000, 140.500000, 2
2020/06/11 10:31, 141.000000, 141.000000, 141.000000, 141.000000, 1
2020/06/11 10:32, 141.000000, 141.000000, 141.000000, 141.000000, 2
2020/06/11 10:33, 140.500000, 140.500000, 140.500000, 140.500000, 1
2020/06/11 10:34, 141.000000, 141.000000, 140.500000, 140.500000, 3
2020/06/11 10:35, 141.000000, 141.000000, 141.000000, 141.000000, 5
2020/06/11 10:36, 141.000000, 141.500000, 141.000000, 141.500000, 6
2020/06/11 10:37, 141.000000, 141.500000, 141.000000, 141.500000, 5
2020/06/11 10:38, 141.500000, 141.500000, 141.500000, 141.500000, 0
2020/06/11 10:39, 141.500000, 141.500000, 141.500000, 141.500000, 1
2020/06/11 10:40, 141.500000, 141.500000, 141.500000, 141.500000, 0
2020/06/11 10:41, 141.500000, 141.500000, 141.500000, 141.500000, 4
2020/06/11 10:42, 141.500000, 141.500000, 141.500000, 141.500000, 0
2020/06/11 10:43, 141.500000, 141.500000, 141.500000, 141.500000, 0
2020/06/11 10:44, 141.000000, 141.000000, 141.000000, 141.000000, 1
2020/06/11 10:45, 141.000000, 141.000000, 141.000000, 141.000000, 6
2020/06/11 10:46, 141.000000, 141.000000, 141.000000, 141.000000, 3
2020/06/11 10:47, 140.500000, 140.500000, 140.500000, 140.500000, 1
2020/06/11 10:48, 141.000000, 141.000000, 141.000000, 141.000000, 1
2020/06/11 10:49, 141.000000, 141.000000, 141.000000, 141.000000, 0
2020/06/11 10:50, 141.000000, 141.000000, 141.000000, 141.000000, 1
2020/06/11 10:51, 140.500000, 140.500000, 140.500000, 140.500000, 11
2020/06/11 10:52, 141.000000, 141.000000, 141.000000, 141.000000, 3
2020/06/11 10:53, 141.000000, 141.000000, 141.000000, 141.000000, 0
2020/06/11 10:54, 141.000000, 141.000000, 141.000000, 141.000000, 0
2020/06/11 10:55, 141.000000, 141.000000, 141.000000, 141.000000, 1
2020/06/11 10:56, 141.000000, 141.000000, 141.000000, 141.000000, 0
2020/06/11 10:57, 141.000000, 141.000000, 141.000000, 141.000000, 1
2020/06/11 10:58, 141.000000, 141.000000, 141.000000, 141.000000, 0
2020/06/11 10:59, 141.000000, 141.000000, 141.000000, 141.000000, 4
2020/06/11 11:00, 141.500000, 141.500000, 141.500000, 141.500000, 1
2020/06/11 11:01, 141.500000, 141.500000, 141.500000, 141.500000, 0
2020/06/11 11:02, 141.000000, 141.000000, 141.000000, 141.000000, 1
2020/06/11 11:03, 141.000000, 141.000000, 141.000000, 141.000000, 0
2020/06/11 11:04, 141.000000, 141.000000, 141.000000, 141.000000, 0
2020/06/11 11:05, 141.000000, 141.000000, 141.000000, 141.000000, 2
2020/06/11 11:06, 140.500000, 141.000000, 140.500000, 140.500000, 32
2020/06/11 11:07, 140.500000, 140.500000, 140.500000, 140.500000, 1
2020/06/11 11:08, 140.500000, 140.500000, 140.500000, 140.500000, 1
2020/06/11 11:09, 140.500000, 140.500000, 140.500000, 140.500000, 0
2020/06/11 11:10, 140.500000, 140.500000, 140.500000, 140.500000, 2
2020/06/11 11:11, 140.500000, 140.500000, 140.500000, 140.500000, 3
2020/06/11 11:12, 140.000000, 141.000000, 140.000000, 141.000000, 5
2020/06/11 11:13, 140.000000, 140.500000, 140.000000, 140.500000, 3
2020/06/11 11:14, 140.500000, 140.500000, 140.500000, 140.500000, 1
2020/06/11 11:15, 140.500000, 140.500000, 140.500000, 140.500000, 2
2020/06/11 11:16, 140.500000, 140.500000, 140.500000, 140.500000, 1
2020/06/11 11:17, 140.500000, 140.500000, 140.500000, 140.500000, 0
2020/06/11 11:18, 140.500000, 140.500000, 140.500000, 140.500000, 0
2020/06/11 11:19, 140.500000, 140.500000, 140.500000, 140.500000, 3
2020/06/11 11:20, 140.500000, 140.500000, 140.500000, 140.500000, 0
2020/06/11 11:21, 140.500000, 140.500000, 140.500000, 140.500000, 0
2020/06/11 11:22, 140.500000, 141.000000, 140.500000, 141.000000, 2
2020/06/11 11:23, 141.000000, 141.000000, 141.000000, 141.000000, 1
2020/06/11 11:24, 140.500000, 140.500000, 140.500000, 140.500000, 1
2020/06/11 11:25, 140.500000, 140.500000, 140.500000, 140.500000, 6
2020/06/11 11:26, 140.500000, 140.500000, 140.500000, 140.500000, 0
2020/06/11 11:27, 140.500000, 140.500000, 140.500000, 140.500000, 0
2020/06/11 11:28, 140.500000, 140.500000, 140.500000, 140.500000, 3
2020/06/11 11:29, 140.500000, 140.500000, 140.500000, 140.500000, 0
2020/06/11 11:30, 140.500000, 140.500000, 140.500000, 140.500000, 1
2020/06/11 11:31, 140.500000, 140.500000, 140.000000, 140.000000, 2
2020/06/11 11:32, 140.000000, 140.000000, 140.000000, 140.000000, 0
2020/06/11 11:33, 140.500000, 140.500000, 140.500000, 140.500000, 2
2020/06/11 11:34, 140.500000, 140.500000, 140.500000, 140.500000, 0
2020/06/11 11:35, 140.500000, 140.500000, 140.500000, 140.500000, 2
2020/06/11 11:36, 140.000000, 140.000000, 140.000000, 140.000000, 2
2020/06/11 11:37, 140.000000, 140.000000, 139.000000, 139.000000, 173
2020/06/11 11:38, 139.500000, 139.500000, 139.000000, 139.000000, 11
2020/06/11 11:39, 139.000000, 139.500000, 139.000000, 139.500000, 36
2020/06/11 11:40, 139.000000, 139.500000, 139.000000, 139.000000, 7
2020/06/11 11:41, 139.500000, 139.500000, 139.000000, 139.000000, 38
2020/06/11 11:42, 139.500000, 139.500000, 139.000000, 139.000000, 12
2020/06/11 11:43, 139.500000, 139.500000, 139.500000, 139.500000, 1
2020/06/11 11:44, 139.500000, 139.500000, 139.500000, 139.500000, 3
2020/06/11 11:45, 139.500000, 139.500000, 139.500000, 139.500000, 0
2020/06/11 11:46, 139.500000, 139.500000, 139.500000, 139.500000, 3
2020/06/11 11:47, 139.000000, 139.500000, 138.000000, 138.000000, 130
2020/06/11 11:48, 138.500000, 138.500000, 138.000000, 138.000000, 14
2020/06/11 11:49, 138.000000, 139.000000, 138.000000, 139.000000, 16
2020/06/11 11:50, 138.000000, 138.500000, 138.000000, 138.500000, 9
2020/06/11 11:51, 138.500000, 138.500000, 138.000000, 138.500000, 12
2020/06/11 11:52, 138.500000, 138.500000, 138.000000, 138.000000, 21
2020/06/11 11:53, 138.500000, 138.500000, 138.000000, 138.500000, 7
2020/06/11 11:54, 138.000000, 139.000000, 138.000000, 138.500000, 30
2020/06/11 11:55, 138.500000, 139.000000, 138.000000, 138.500000, 28
2020/06/11 11:56, 138.500000, 138.500000, 138.500000, 138.500000, 3
2020/06/11 11:57, 138.500000, 138.500000, 138.500000, 138.500000, 18
2020/06/11 11:58, 138.500000, 138.500000, 138.000000, 138.000000, 13
2020/06/11 11:59, 138.500000, 138.500000, 138.500000, 138.500000, 8
2020/06/11 12:00, 138.500000, 138.500000, 138.500000, 138.500000, 14
2020/06/11 12:01, 138.500000, 138.500000, 138.500000, 138.500000, 25
2020/06/11 12:02, 138.500000, 138.500000, 137.500000, 138.000000, 95
2020/06/11 12:03, 138.000000, 138.000000, 138.000000, 138.000000, 5
2020/06/11 12:04, 138.000000, 138.000000, 138.000000, 138.000000, 9
2020/06/11 12:05, 138.000000, 138.000000, 138.000000, 138.000000, 9
2020/06/11 12:06, 138.000000, 138.000000, 138.000000, 138.000000, 7
2020/06/11 12:07, 138.000000, 138.000000, 137.500000, 138.000000, 22
2020/06/11 12:08, 138.000000, 138.000000, 137.500000, 137.500000, 5
2020/06/11 12:09, 137.500000, 137.500000, 137.500000, 137.500000, 3
2020/06/11 12:10, 137.500000, 137.500000, 137.500000, 137.500000, 8
2020/06/11 12:11, 137.500000, 137.500000, 137.500000, 137.500000, 13
2020/06/11 12:12, 137.500000, 137.500000, 137.500000, 137.500000, 9
2020/06/11 12:13, 137.500000, 137.500000, 137.000000, 137.000000, 58
2020/06/11 12:14, 137.000000, 137.000000, 136.500000, 137.000000, 101
2020/06/11 12:15, 137.000000, 137.000000, 137.000000, 137.000000, 14
2020/06/11 12:16, 137.000000, 137.000000, 137.000000, 137.000000, 34
2020/06/11 12:17, 137.000000, 137.500000, 137.000000, 137.000000, 15
2020/06/11 12:18, 137.000000, 137.500000, 137.000000, 137.000000, 6
2020/06/11 12:19, 137.000000, 137.500000, 137.000000, 137.000000, 3
2020/06/11 12:20, 137.000000, 137.000000, 137.000000, 137.000000, 16
2020/06/11 12:21, 137.500000, 137.500000, 137.000000, 137.000000, 6
2020/06/11 12:22, 137.000000, 137.500000, 137.000000, 137.000000, 9
2020/06/11 12:23, 137.000000, 137.000000, 137.000000, 137.000000, 9
2020/06/11 12:24, 137.000000, 137.000000, 137.000000, 137.000000, 1
2020/06/11 12:25, 137.500000, 138.000000, 137.500000, 138.000000, 50
2020/06/11 12:26, 138.000000, 138.000000, 138.000000, 138.000000, 3
2020/06/11 12:27, 138.000000, 138.000000, 138.000000, 138.000000, 10
2020/06/11 12:28, 138.000000, 138.000000, 137.500000, 137.500000, 5
2020/06/11 12:29, 137.500000, 137.500000, 137.500000, 137.500000, 0
2020/06/11 12:30, 138.000000, 138.000000, 138.000000, 138.000000, 1
2020/06/11 12:31, 138.500000, 138.500000, 138.500000, 138.500000, 3
2020/06/11 12:32, 138.000000, 138.000000, 138.000000, 138.000000, 2
2020/06/11 12:33, 138.500000, 138.500000, 138.500000, 138.500000, 3
2020/06/11 12:34, 138.000000, 138.000000, 138.000000, 138.000000, 1
2020/06/11 12:35, 138.000000, 138.000000, 138.000000, 138.000000, 7
2020/06/11 12:36, 138.000000, 138.000000, 137.500000, 137.500000, 2
2020/06/11 12:37, 138.000000, 138.000000, 137.500000, 138.000000, 7
2020/06/11 12:38, 138.000000, 138.000000, 138.000000, 138.000000, 4
2020/06/11 12:39, 138.000000, 138.000000, 138.000000, 138.000000, 4
2020/06/11 12:40, 138.000000, 138.000000, 138.000000, 138.000000, 13
2020/06/11 12:41, 138.000000, 138.500000, 138.000000, 138.500000, 2
2020/06/11 12:42, 138.500000, 138.500000, 138.000000, 138.500000, 6
2020/06/11 12:43, 138.000000, 138.000000, 137.500000, 137.500000, 2
2020/06/11 12:44, 138.000000, 138.000000, 138.000000, 138.000000, 1
2020/06/11 12:45, 138.000000, 138.000000, 138.000000, 138.000000, 14
2020/06/11 12:46, 138.000000, 138.000000, 138.000000, 138.000000, 1
2020/06/11 12:47, 137.500000, 138.000000, 137.500000, 138.000000, 2
2020/06/11 12:48, 137.500000, 137.500000, 137.500000, 137.500000, 1
2020/06/11 12:49, 138.000000, 138.000000, 137.500000, 137.500000, 4
2020/06/11 12:50, 137.500000, 137.500000, 137.500000, 137.500000, 1
2020/06/11 12:51, 137.500000, 137.500000, 137.500000, 137.500000, 40
2020/06/11 12:52, 137.500000, 137.500000, 137.000000, 137.000000, 44
2020/06/11 12:53, 137.000000, 137.000000, 136.500000, 136.500000, 45
2020/06/11 12:54, 137.000000, 137.000000, 136.500000, 136.500000, 11
2020/06/11 12:55, 137.000000, 137.000000, 137.000000, 137.000000, 2
2020/06/11 12:56, 136.500000, 137.000000, 136.500000, 137.000000, 11
2020/06/11 12:57, 137.000000, 137.000000, 136.500000, 137.000000, 20
2020/06/11 12:58, 136.500000, 137.000000, 136.500000, 137.000000, 25
2020/06/11 12:59, 137.000000, 137.500000, 137.000000, 137.500000, 11
2020/06/11 13:00, 137.000000, 137.000000, 137.000000, 137.000000, 3
2020/06/11 13:01, 137.000000, 137.000000, 137.000000, 137.000000, 8
2020/06/11 13:02, 137.000000, 137.000000, 137.000000, 137.000000, 11
2020/06/11 13:03, 137.000000, 137.000000, 137.000000, 137.000000, 12
2020/06/11 13:04, 137.000000, 137.000000, 137.000000, 137.000000, 5
2020/06/11 13:05, 136.500000, 137.000000, 136.500000, 137.000000, 4
2020/06/11 13:06, 136.500000, 137.000000, 136.500000, 136.500000, 15
2020/06/11 13:07, 137.000000, 137.000000, 137.000000, 137.000000, 10
2020/06/11 13:08, 137.000000, 137.000000, 136.500000, 136.500000, 3
2020/06/11 13:09, 136.500000, 137.000000, 136.500000, 137.000000, 5
2020/06/11 13:10, 137.000000, 137.000000, 137.000000, 137.000000, 2
2020/06/11 13:11, 137.000000, 137.000000, 137.000000, 137.000000, 12
2020/06/11 13:12, 137.000000, 137.000000, 137.000000, 137.000000, 7
2020/06/11 13:13, 137.000000, 137.000000, 137.000000, 137.000000, 20
2020/06/11 13:14, 137.000000, 137.000000, 137.000000, 137.000000, 11
2020/06/11 13:15, 137.000000, 137.000000, 137.000000, 137.000000, 13
2020/06/11 13:16, 137.000000, 137.000000, 137.000000, 137.000000, 6
2020/06/11 13:17, 137.000000, 137.000000, 137.000000, 137.000000, 15
2020/06/11 13:18, 137.000000, 137.000000, 136.500000, 136.500000, 25
2020/06/11 13:19, 136.500000, 136.500000, 136.500000, 136.500000, 1
2020/06/11 13:20, 137.000000, 137.000000, 137.000000, 137.000000, 6
2020/06/11 13:21, 137.000000, 137.000000, 136.500000, 137.000000, 8
2020/06/11 13:22, 137.000000, 137.000000, 137.000000, 137.000000, 3
2020/06/11 13:23, 137.000000, 137.000000, 136.500000, 136.500000, 17
2020/06/11 13:24, 136.500000, 137.000000, 136.500000, 136.500000, 6
2020/06/11 13:25, 136.500000, 137.000000, 136.500000, 137.000000, 15
2020/06/11 13:26, 137.000000, 137.000000, 137.000000, 137.000000, 0
2020/06/11 13:27, 137.000000, 137.000000, 137.000000, 137.000000, 0
2020/06/11 13:28, 137.000000, 137.000000, 137.000000, 137.000000, 0
2020/06/11 13:29, 137.000000, 137.000000, 137.000000, 137.000000, 0
2020/06/11 13:30, 136.500000, 136.500000, 136.500000, 136.500000, 166
2020/06/12 09:01, 134.500000, 134.500000, 133.000000, 133.000000, 183
2020/06/12 09:02, 133.000000, 133.500000, 133.000000, 133.000000, 57
2020/06/12 09:03, 133.500000, 134.000000, 133.500000, 133.500000, 37
2020/06/12 09:04, 134.000000, 134.500000, 134.000000, 134.000000, 15
2020/06/12 09:05, 134.000000, 135.000000, 134.000000, 134.500000, 31
2020/06/12 09:06, 134.500000, 135.000000, 134.500000, 134.500000, 76
2020/06/12 09:07, 134.500000, 135.000000, 134.500000, 135.000000, 21
2020/06/12 09:08, 135.500000, 135.500000, 135.500000, 135.500000, 9
2020/06/12 09:09, 136.000000, 136.000000, 136.000000, 136.000000, 27
2020/06/12 09:10, 136.000000, 136.000000, 136.000000, 136.000000, 11
2020/06/12 09:11, 136.000000, 136.500000, 136.000000, 136.500000, 11
2020/06/12 09:12, 136.500000, 137.000000, 136.500000, 137.000000, 32
2020/06/12 09:13, 137.000000, 137.000000, 136.500000, 137.000000, 24
2020/06/12 09:14, 137.000000, 137.000000, 137.000000, 137.000000, 10
2020/06/12 09:15, 137.000000, 137.000000, 137.000000, 137.000000, 7
2020/06/12 09:16, 137.000000, 137.000000, 137.000000, 137.000000, 8
2020/06/12 09:17, 137.000000, 137.000000, 137.000000, 137.000000, 12
2020/06/12 09:18, 137.000000, 137.500000, 137.000000, 137.500000, 13
2020/06/12 09:19, 137.000000, 137.000000, 137.000000, 137.000000, 13
2020/06/12 09:20, 136.500000, 137.000000, 136.000000, 136.000000, 25
2020/06/12 09:21, 136.500000, 136.500000, 135.500000, 135.500000, 30
2020/06/12 09:22, 135.500000, 136.000000, 135.500000, 136.000000, 26
2020/06/12 09:23, 136.000000, 136.000000, 136.000000, 136.000000, 1
2020/06/12 09:24, 136.000000, 136.000000, 135.500000, 136.000000, 19
2020/06/12 09:25, 136.000000, 136.000000, 136.000000, 136.000000, 11
2020/06/12 09:26, 136.000000, 136.000000, 136.000000, 136.000000, 6
2020/06/12 09:27, 136.000000, 136.000000, 136.000000, 136.000000, 3
2020/06/12 09:28, 136.000000, 136.000000, 136.000000, 136.000000, 6
2020/06/12 09:29, 136.500000, 136.500000, 136.000000, 136.000000, 6
2020/06/12 09:30, 136.000000, 136.000000, 136.000000, 136.000000, 3
2020/06/12 09:31, 136.000000, 136.000000, 135.500000, 136.000000, 20
2020/06/12 09:32, 135.500000, 135.500000, 135.500000, 135.500000, 1
2020/06/12 09:33, 135.500000, 135.500000, 135.500000, 135.500000, 1
2020/06/12 09:34, 135.500000, 136.000000, 135.500000, 136.000000, 9
2020/06/12 09:35, 136.000000, 136.500000, 136.000000, 136.500000, 4
2020/06/12 09:36, 136.500000, 136.500000, 136.500000, 136.500000, 1
2020/06/12 09:37, 136.500000, 137.000000, 136.500000, 136.500000, 12
2020/06/12 09:38, 136.500000, 137.000000, 136.500000, 137.000000, 7
2020/06/12 09:39, 137.000000, 137.000000, 137.000000, 137.000000, 15
2020/06/12 09:40, 137.000000, 137.000000, 137.000000, 137.000000, 0
2020/06/12 09:41, 137.000000, 137.000000, 137.000000, 137.000000, 2
2020/06/12 09:42, 137.000000, 137.000000, 137.000000, 137.000000, 6
2020/06/12 09:43, 137.000000, 137.000000, 137.000000, 137.000000, 10
2020/06/12 09:44, 137.000000, 137.000000, 137.000000, 137.000000, 6
2020/06/12 09:45, 137.000000, 137.500000, 137.000000, 137.500000, 6
2020/06/12 09:46, 137.000000, 137.500000, 137.000000, 137.000000, 8
2020/06/12 09:47, 137.000000, 137.000000, 137.000000, 137.000000, 1
2020/06/12 09:48, 137.000000, 137.000000, 137.000000, 137.000000, 1
2020/06/12 09:49, 137.000000, 137.000000, 137.000000, 137.000000, 5
2020/06/12 09:50, 137.000000, 137.000000, 137.000000, 137.000000, 0
2020/06/12 09:51, 136.500000, 136.500000, 136.500000, 136.500000, 1
2020/06/12 09:52, 137.000000, 137.000000, 137.000000, 137.000000, 21
2020/06/12 09:53, 137.500000, 137.500000, 137.500000, 137.500000, 3
2020/06/12 09:54, 137.500000, 137.500000, 137.500000, 137.500000, 3
2020/06/12 09:55, 137.500000, 137.500000, 137.500000, 137.500000, 1
2020/06/12 09:56, 137.000000, 137.500000, 137.000000, 137.500000, 2
2020/06/12 09:57, 137.500000, 137.500000, 137.500000, 137.500000, 0
2020/06/12 09:58, 137.500000, 137.500000, 137.500000, 137.500000, 1
2020/06/12 09:59, 137.500000, 137.500000, 137.500000, 137.500000, 5
2020/06/12 10:00, 137.500000, 137.500000, 137.500000, 137.500000, 1
2020/06/12 10:01, 137.000000, 138.000000, 137.000000, 137.500000, 68
2020/06/12 10:02, 137.500000, 137.500000, 137.500000, 137.500000, 0
2020/06/12 10:03, 137.500000, 137.500000, 137.500000, 137.500000, 3
2020/06/12 10:04, 137.500000, 137.500000, 137.500000, 137.500000, 3
2020/06/12 10:05, 137.500000, 138.000000, 137.500000, 137.500000, 14
2020/06/12 10:06, 137.500000, 137.500000, 137.500000, 137.500000, 1
2020/06/12 10:07, 137.500000, 137.500000, 137.500000, 137.500000, 1
2020/06/12 10:08, 137.500000, 137.500000, 137.500000, 137.500000, 0
2020/06/12 10:09, 137.500000, 137.500000, 137.500000, 137.500000, 1
2020/06/12 10:10, 137.500000, 137.500000, 137.500000, 137.500000, 0
2020/06/12 10:11, 137.500000, 137.500000, 137.500000, 137.500000, 1
2020/06/12 10:12, 137.500000, 137.500000, 137.500000, 137.500000, 1
2020/06/12 10:13, 137.500000, 137.500000, 137.500000, 137.500000, 0
2020/06/12 10:14, 137.500000, 137.500000, 137.500000, 137.500000, 13
2020/06/12 10:15, 137.500000, 138.000000, 137.500000, 137.500000, 37
2020/06/12 10:16, 138.000000, 138.000000, 137.500000, 137.500000, 7
2020/06/12 10:17, 138.000000, 138.000000, 138.000000, 138.000000, 1
2020/06/12 10:18, 138.000000, 138.000000, 138.000000, 138.000000, 17
2020/06/12 10:19, 138.000000, 138.500000, 138.000000, 138.500000, 14
2020/06/12 10:20, 138.500000, 139.000000, 138.500000, 138.500000, 25
2020/06/12 10:21, 138.500000, 138.500000, 138.500000, 138.500000, 4
2020/06/12 10:22, 138.500000, 138.500000, 138.000000, 138.500000, 10
2020/06/12 10:23, 138.500000, 138.500000, 138.500000, 138.500000, 1
2020/06/12 10:24, 138.000000, 138.000000, 138.000000, 138.000000, 6
2020/06/12 10:25, 138.000000, 138.000000, 138.000000, 138.000000, 1
2020/06/12 10:26, 138.000000, 138.000000, 138.000000, 138.000000, 1
2020/06/12 10:27, 138.000000, 138.000000, 138.000000, 138.000000, 2
2020/06/12 10:28, 138.000000, 138.000000, 138.000000, 138.000000, 2
2020/06/12 10:29, 138.000000, 138.000000, 138.000000, 138.000000, 1
2020/06/12 10:30, 138.000000, 138.000000, 138.000000, 138.000000, 2
2020/06/12 10:31, 138.000000, 138.000000, 138.000000, 138.000000, 1
2020/06/12 10:32, 138.000000, 138.000000, 138.000000, 138.000000, 2
2020/06/12 10:33, 138.000000, 138.000000, 138.000000, 138.000000, 0
2020/06/12 10:34, 138.000000, 138.000000, 138.000000, 138.000000, 1
2020/06/12 10:35, 138.000000, 138.000000, 138.000000, 138.000000, 0
2020/06/12 10:36, 137.500000, 137.500000, 137.500000, 137.500000, 13
2020/06/12 10:37, 137.500000, 137.500000, 137.500000, 137.500000, 2
2020/06/12 10:38, 137.500000, 137.500000, 137.500000, 137.500000, 3
2020/06/12 10:39, 137.500000, 137.500000, 137.500000, 137.500000, 0
2020/06/12 10:40, 137.500000, 137.500000, 137.500000, 137.500000, 1
2020/06/12 10:41, 137.500000, 137.500000, 137.500000, 137.500000, 0
2020/06/12 10:42, 137.500000, 137.500000, 137.500000, 137.500000, 0
2020/06/12 10:43, 137.500000, 137.500000, 137.500000, 137.500000, 1
2020/06/12 10:44, 137.500000, 137.500000, 137.500000, 137.500000, 4
2020/06/12 10:45, 137.500000, 137.500000, 137.500000, 137.500000, 0
2020/06/12 10:46, 137.000000, 137.000000, 137.000000, 137.000000, 1
2020/06/12 10:47, 137.000000, 137.000000, 137.000000, 137.000000, 54
2020/06/12 10:48, 137.000000, 137.000000, 137.000000, 137.000000, 0
2020/06/12 10:49, 137.000000, 137.000000, 137.000000, 137.000000, 1
2020/06/12 10:50, 137.000000, 137.000000, 137.000000, 137.000000, 2
2020/06/12 10:51, 137.000000, 137.000000, 137.000000, 137.000000, 0
2020/06/12 10:52, 137.000000, 137.000000, 137.000000, 137.000000, 1
2020/06/12 10:53, 137.000000, 137.000000, 137.000000, 137.000000, 0
2020/06/12 10:54, 137.000000, 137.000000, 137.000000, 137.000000, 1
2020/06/12 10:55, 137.000000, 137.000000, 137.000000, 137.000000, 0
2020/06/12 10:56, 137.000000, 137.000000, 137.000000, 137.000000, 2
2020/06/12 10:57, 137.500000, 137.500000, 137.000000, 137.000000, 4
2020/06/12 10:58, 137.000000, 137.000000, 137.000000, 137.000000, 0
2020/06/12 10:59, 137.000000, 137.000000, 137.000000, 137.000000, 0
2020/06/12 11:00, 137.000000, 137.000000, 137.000000, 137.000000, 1
2020/06/12 11:01, 137.000000, 137.000000, 137.000000, 137.000000, 1
2020/06/12 11:02, 137.000000, 137.000000, 137.000000, 137.000000, 1
2020/06/12 11:03, 137.000000, 137.000000, 137.000000, 137.000000, 1
2020/06/12 11:04, 137.000000, 137.000000, 137.000000, 137.000000, 3
2020/06/12 11:05, 137.000000, 137.000000, 137.000000, 137.000000, 1
2020/06/12 11:06, 137.000000, 137.000000, 137.000000, 137.000000, 16
2020/06/12 11:07, 137.000000, 137.000000, 137.000000, 137.000000, 1
2020/06/12 11:08, 137.000000, 137.000000, 137.000000, 137.000000, 1
2020/06/12 11:09, 137.000000, 137.000000, 137.000000, 137.000000, 1
2020/06/12 11:10, 137.000000, 137.000000, 137.000000, 137.000000, 2
2020/06/12 11:11, 137.000000, 137.000000, 137.000000, 137.000000, 1
2020/06/12 11:12, 137.000000, 137.000000, 137.000000, 137.000000, 0
2020/06/12 11:13, 137.000000, 137.000000, 136.500000, 136.500000, 2
2020/06/12 11:14, 136.500000, 136.500000, 136.500000, 136.500000, 0
2020/06/12 11:15, 136.500000, 136.500000, 136.500000, 136.500000, 0
2020/06/12 11:16, 136.500000, 136.500000, 136.500000, 136.500000, 1
2020/06/12 11:17, 136.500000, 136.500000, 136.500000, 136.500000, 0
2020/06/12 11:18, 136.500000, 136.500000, 136.500000, 136.500000, 0
2020/06/12 11:19, 137.000000, 137.000000, 137.000000, 137.000000, 1
2020/06/12 11:20, 137.000000, 137.000000, 137.000000, 137.000000, 5
2020/06/12 11:21, 137.000000, 137.000000, 137.000000, 137.000000, 0
2020/06/12 11:22, 137.000000, 137.000000, 137.000000, 137.000000, 4
2020/06/12 11:23, 137.000000, 137.000000, 137.000000, 137.000000, 0
2020/06/12 11:24, 137.000000, 137.000000, 137.000000, 137.000000, 4
2020/06/12 11:25, 137.000000, 137.000000, 137.000000, 137.000000, 0
2020/06/12 11:26, 137.000000, 137.000000, 137.000000, 137.000000, 2
2020/06/12 11:27, 137.000000, 137.000000, 137.000000, 137.000000, 1
2020/06/12 11:28, 137.000000, 137.000000, 137.000000, 137.000000, 1
2020/06/12 11:29, 137.000000, 137.000000, 137.000000, 137.000000, 1
2020/06/12 11:30, 137.000000, 137.000000, 137.000000, 137.000000, 1
2020/06/12 11:31, 137.000000, 137.000000, 137.000000, 137.000000, 1
2020/06/12 11:32, 137.000000, 137.000000, 137.000000, 137.000000, 0
2020/06/12 11:33, 137.000000, 137.000000, 137.000000, 137.000000, 3
2020/06/12 11:34, 137.000000, 137.000000, 137.000000, 137.000000, 0
2020/06/12 11:35, 137.000000, 137.000000, 137.000000, 137.000000, 1
2020/06/12 11:36, 137.000000, 137.000000, 137.000000, 137.000000, 2
2020/06/12 11:37, 137.000000, 137.000000, 137.000000, 137.000000, 3
2020/06/12 11:38, 137.000000, 137.000000, 137.000000, 137.000000, 2
2020/06/12 11:39, 137.000000, 137.000000, 137.000000, 137.000000, 0
2020/06/12 11:40, 137.000000, 137.000000, 137.000000, 137.000000, 0
2020/06/12 11:41, 137.000000, 137.000000, 137.000000, 137.000000, 0
2020/06/12 11:42, 137.000000, 137.000000, 137.000000, 137.000000, 0
2020/06/12 11:43, 137.000000, 137.000000, 137.000000, 137.000000, 0
2020/06/12 11:44, 137.000000, 137.000000, 137.000000, 137.000000, 0
2020/06/12 11:45, 137.000000, 137.000000, 137.000000, 137.000000, 0
2020/06/12 11:46, 137.000000, 137.000000, 137.000000, 137.000000, 0
2020/06/12 11:47, 137.000000, 137.000000, 137.000000, 137.000000, 0
2020/06/12 11:48, 137.500000, 137.500000, 137.500000, 137.500000, 1
2020/06/12 11:49, 137.500000, 137.500000, 137.500000, 137.500000, 1
2020/06/12 11:50, 137.500000, 137.500000, 137.500000, 137.500000, 0
2020/06/12 11:51, 137.500000, 137.500000, 137.500000, 137.500000, 2
2020/06/12 11:52, 137.500000, 137.500000, 137.500000, 137.500000, 1
2020/06/12 11:53, 137.500000, 137.500000, 137.500000, 137.500000, 0
2020/06/12 11:54, 137.500000, 137.500000, 137.500000, 137.500000, 0
2020/06/12 11:55, 137.500000, 137.500000, 137.500000, 137.500000, 0
2020/06/12 11:56, 137.000000, 137.000000, 137.000000, 137.000000, 1
2020/06/12 11:57, 137.500000, 137.500000, 137.500000, 137.500000, 1
2020/06/12 11:58, 137.500000, 137.500000, 137.500000, 137.500000, 3
2020/06/12 11:59, 137.500000, 137.500000, 137.500000, 137.500000, 0
2020/06/12 12:00, 137.500000, 137.500000, 137.500000, 137.500000, 0
2020/06/12 12:01, 137.500000, 137.500000, 137.500000, 137.500000, 0
2020/06/12 12:02, 137.000000, 137.000000, 137.000000, 137.000000, 2
2020/06/12 12:03, 137.000000, 137.000000, 137.000000, 137.000000, 0
2020/06/12 12:04, 137.000000, 137.000000, 137.000000, 137.000000, 0
2020/06/12 12:05, 137.500000, 137.500000, 137.500000, 137.500000, 9
2020/06/12 12:06, 137.500000, 137.500000, 137.500000, 137.500000, 26
2020/06/12 12:07, 137.500000, 137.500000, 137.500000, 137.500000, 1
2020/06/12 12:08, 137.500000, 137.500000, 137.500000, 137.500000, 0
2020/06/12 12:09, 137.500000, 137.500000, 137.500000, 137.500000, 0
2020/06/12 12:10, 137.500000, 137.500000, 137.500000, 137.500000, 1
2020/06/12 12:11, 137.500000, 137.500000, 137.500000, 137.500000, 0
2020/06/12 12:12, 137.500000, 137.500000, 137.500000, 137.500000, 0
2020/06/12 12:13, 137.500000, 137.500000, 137.500000, 137.500000, 0
2020/06/12 12:14, 137.500000, 137.500000, 137.500000, 137.500000, 0
2020/06/12 12:15, 137.500000, 137.500000, 137.500000, 137.500000, 3
2020/06/12 12:16, 137.500000, 137.500000, 137.500000, 137.500000, 1
2020/06/12 12:17, 137.500000, 137.500000, 137.500000, 137.500000, 0
2020/06/12 12:18, 137.500000, 137.500000, 137.500000, 137.500000, 0
2020/06/12 12:19, 137.500000, 137.500000, 137.500000, 137.500000, 0
2020/06/12 12:20, 137.500000, 137.500000, 137.500000, 137.500000, 1
2020/06/12 12:21, 138.000000, 138.000000, 137.500000, 137.500000, 3
2020/06/12 12:22, 137.500000, 137.500000, 137.500000, 137.500000, 0
2020/06/12 12:23, 138.000000, 138.000000, 138.000000, 138.000000, 1
2020/06/12 12:24, 138.000000, 138.000000, 138.000000, 138.000000, 1
2020/06/12 12:25, 138.000000, 138.000000, 138.000000, 138.000000, 0
2020/06/12 12:26, 138.000000, 138.000000, 138.000000, 138.000000, 28
2020/06/12 12:27, 138.000000, 138.000000, 138.000000, 138.000000, 0
2020/06/12 12:28, 138.000000, 138.000000, 138.000000, 138.000000, 1
2020/06/12 12:29, 138.000000, 138.000000, 138.000000, 138.000000, 7
2020/06/12 12:30, 138.000000, 138.000000, 138.000000, 138.000000, 0
2020/06/12 12:31, 138.000000, 138.000000, 138.000000, 138.000000, 0
2020/06/12 12:32, 138.000000, 138.000000, 138.000000, 138.000000, 0
2020/06/12 12:33, 138.000000, 138.000000, 138.000000, 138.000000, 0
2020/06/12 12:34, 138.000000, 138.000000, 138.000000, 138.000000, 0
2020/06/12 12:35, 138.000000, 138.000000, 138.000000, 138.000000, 1
2020/06/12 12:36, 138.000000, 138.000000, 138.000000, 138.000000, 0
2020/06/12 12:37, 138.000000, 138.000000, 138.000000, 138.000000, 1
2020/06/12 12:38, 138.000000, 138.000000, 138.000000, 138.000000, 1
2020/06/12 12:39, 138.000000, 138.000000, 138.000000, 138.000000, 1
2020/06/12 12:40, 138.000000, 138.000000, 138.000000, 138.000000, 0
2020/06/12 12:41, 137.500000, 137.500000, 137.500000, 137.500000, 2
2020/06/12 12:42, 137.500000, 137.500000, 137.500000, 137.500000, 1
2020/06/12 12:43, 137.500000, 137.500000, 137.500000, 137.500000, 1
2020/06/12 12:44, 137.500000, 137.500000, 137.500000, 137.500000, 0
2020/06/12 12:45, 137.500000, 137.500000, 137.500000, 137.500000, 6
2020/06/12 12:46, 137.500000, 137.500000, 137.500000, 137.500000, 0
2020/06/12 12:47, 137.500000, 137.500000, 137.500000, 137.500000, 1
2020/06/12 12:48, 137.500000, 137.500000, 137.500000, 137.500000, 0
2020/06/12 12:49, 138.000000, 138.000000, 138.000000, 138.000000, 1
2020/06/12 12:50, 137.500000, 138.000000, 137.500000, 138.000000, 2
2020/06/12 12:51, 138.000000, 138.000000, 138.000000, 138.000000, 0
2020/06/12 12:52, 138.000000, 138.000000, 138.000000, 138.000000, 1
2020/06/12 12:53, 138.000000, 138.000000, 138.000000, 138.000000, 0
2020/06/12 12:54, 138.000000, 138.000000, 138.000000, 138.000000, 0
2020/06/12 12:55, 138.000000, 138.000000, 138.000000, 138.000000, 0
2020/06/12 12:56, 138.000000, 138.000000, 138.000000, 138.000000, 2
2020/06/12 12:57, 137.500000, 137.500000, 137.500000, 137.500000, 1
2020/06/12 12:58, 137.500000, 137.500000, 137.500000, 137.500000, 0
2020/06/12 12:59, 137.500000, 137.500000, 137.500000, 137.500000, 0
2020/06/12 13:00, 137.500000, 137.500000, 137.500000, 137.500000, 3
2020/06/12 13:01, 137.500000, 138.000000, 137.500000, 138.000000, 2
2020/06/12 13:02, 138.000000, 138.000000, 138.000000, 138.000000, 1
2020/06/12 13:03, 138.000000, 138.000000, 138.000000, 138.000000, 1
2020/06/12 13:04, 138.000000, 138.000000, 138.000000, 138.000000, 0
2020/06/12 13:05, 137.500000, 137.500000, 137.500000, 137.500000, 4
2020/06/12 13:06, 137.500000, 137.500000, 137.500000, 137.500000, 3
2020/06/12 13:07, 138.000000, 138.000000, 138.000000, 138.000000, 6
2020/06/12 13:08, 138.000000, 138.000000, 138.000000, 138.000000, 0
2020/06/12 13:09, 138.000000, 138.000000, 138.000000, 138.000000, 16
2020/06/12 13:10, 138.500000, 138.500000, 138.500000, 138.500000, 1
2020/06/12 13:11, 138.500000, 138.500000, 138.500000, 138.500000, 0
2020/06/12 13:12, 138.500000, 138.500000, 138.500000, 138.500000, 2
2020/06/12 13:13, 138.500000, 138.500000, 138.500000, 138.500000, 1
2020/06/12 13:14, 138.500000, 138.500000, 138.500000, 138.500000, 0
2020/06/12 13:15, 138.500000, 138.500000, 138.500000, 138.500000, 0
2020/06/12 13:16, 138.500000, 138.500000, 138.500000, 138.500000, 8
2020/06/12 13:17, 138.500000, 138.500000, 138.500000, 138.500000, 5
2020/06/12 13:18, 138.500000, 138.500000, 138.500000, 138.500000, 21
2020/06/12 13:19, 139.000000, 139.000000, 139.000000, 139.000000, 27
2020/06/12 13:20, 139.000000, 139.000000, 138.500000, 139.000000, 21
2020/06/12 13:21, 139.500000, 139.500000, 139.000000, 139.000000, 8
2020/06/12 13:22, 139.000000, 139.000000, 139.000000, 139.000000, 6
2020/06/12 13:23, 139.000000, 139.000000, 139.000000, 139.000000, 1
2020/06/12 13:24, 139.000000, 139.000000, 138.500000, 138.500000, 12
2020/06/12 13:25, 139.000000, 139.000000, 139.000000, 139.000000, 14
2020/06/12 13:26, 139.000000, 139.000000, 139.000000, 139.000000, 0
2020/06/12 13:27, 139.000000, 139.000000, 139.000000, 139.000000, 0
2020/06/12 13:28, 139.000000, 139.000000, 139.000000, 139.000000, 0
2020/06/12 13:29, 139.000000, 139.000000, 139.000000, 139.000000, 0
2020/06/12 13:30, 138.500000, 138.500000, 138.500000, 138.500000, 62
2020/06/15 09:01, 139.500000, 139.500000, 138.500000, 139.500000, 81
2020/06/15 09:02, 139.000000, 139.500000, 138.500000, 139.000000, 19
2020/06/15 09:03, 139.500000, 139.500000, 139.500000, 139.500000, 14
2020/06/15 09:04, 139.500000, 140.000000, 139.500000, 139.500000, 53
2020/06/15 09:05, 140.000000, 140.500000, 140.000000, 140.500000, 9
2020/06/15 09:06, 140.500000, 140.500000, 140.500000, 140.500000, 28
2020/06/15 09:07, 140.500000, 141.000000, 140.500000, 141.000000, 9
2020/06/15 09:08, 141.000000, 141.000000, 140.500000, 141.000000, 33
2020/06/15 09:09, 141.000000, 141.500000, 141.000000, 141.000000, 43
2020/06/15 09:10, 141.000000, 141.000000, 140.000000, 140.500000, 34
2020/06/15 09:11, 140.500000, 140.500000, 140.000000, 140.500000, 17
2020/06/15 09:12, 140.000000, 140.000000, 140.000000, 140.000000, 5
2020/06/15 09:13, 140.000000, 140.000000, 139.500000, 139.500000, 23
2020/06/15 09:14, 139.500000, 139.500000, 139.500000, 139.500000, 12
2020/06/15 09:15, 140.000000, 140.000000, 140.000000, 140.000000, 13
2020/06/15 09:16, 140.000000, 140.000000, 140.000000, 140.000000, 0
2020/06/15 09:17, 140.500000, 141.000000, 140.500000, 141.000000, 18
2020/06/15 09:18, 141.000000, 143.000000, 140.500000, 142.500000, 339
2020/06/15 09:19, 142.500000, 143.000000, 141.500000, 142.000000, 51
2020/06/15 09:20, 142.000000, 143.000000, 141.500000, 142.500000, 54
2020/06/15 09:21, 142.500000, 143.500000, 142.500000, 143.500000, 126
2020/06/15 09:22, 143.500000, 143.500000, 143.000000, 143.500000, 62
2020/06/15 09:23, 143.000000, 144.000000, 143.000000, 143.500000, 25
2020/06/15 09:24, 143.000000, 143.500000, 142.500000, 143.000000, 31
2020/06/15 09:25, 143.500000, 143.500000, 143.000000, 143.000000, 13
2020/06/15 09:26, 143.000000, 143.000000, 143.000000, 143.000000, 22
2020/06/15 09:27, 143.000000, 143.000000, 142.500000, 142.500000, 13
2020/06/15 09:28, 142.500000, 143.500000, 142.500000, 143.000000, 32
2020/06/15 09:29, 143.000000, 143.000000, 143.000000, 143.000000, 18
2020/06/15 09:30, 143.000000, 143.500000, 143.000000, 143.000000, 13
2020/06/15 09:31, 143.000000, 143.000000, 143.000000, 143.000000, 29
2020/06/15 09:32, 143.000000, 144.000000, 143.000000, 144.000000, 132
2020/06/15 09:33, 143.500000, 144.000000, 143.500000, 144.000000, 29
2020/06/15 09:34, 143.500000, 144.000000, 143.500000, 143.500000, 41
2020/06/15 09:35, 143.500000, 143.500000, 143.000000, 143.500000, 10
2020/06/15 09:36, 143.500000, 143.500000, 143.500000, 143.500000, 0
2020/06/15 09:37, 143.500000, 143.500000, 143.500000, 143.500000, 4
2020/06/15 09:38, 143.500000, 143.500000, 143.000000, 143.500000, 9
2020/06/15 09:39, 143.000000, 143.500000, 143.000000, 143.000000, 6
2020/06/15 09:40, 143.000000, 143.500000, 143.000000, 143.500000, 12
2020/06/15 09:41, 143.000000, 144.000000, 143.000000, 144.000000, 84
2020/06/15 09:42, 144.000000, 144.500000, 143.500000, 144.000000, 183
2020/06/15 09:43, 144.500000, 144.500000, 144.000000, 144.000000, 25
2020/06/15 09:44, 144.000000, 144.000000, 144.000000, 144.000000, 64
2020/06/15 09:45, 144.000000, 144.000000, 143.500000, 144.000000, 29
2020/06/15 09:46, 143.500000, 144.000000, 143.500000, 144.000000, 8
2020/06/15 09:47, 144.000000, 144.000000, 144.000000, 144.000000, 0
2020/06/15 09:48, 144.000000, 144.000000, 144.000000, 144.000000, 3
2020/06/15 09:49, 143.500000, 144.000000, 143.500000, 143.500000, 43
2020/06/15 09:50, 143.500000, 143.500000, 143.500000, 143.500000, 6
2020/06/15 09:51, 144.000000, 144.000000, 143.500000, 143.500000, 9
2020/06/15 09:52, 143.500000, 143.500000, 143.500000, 143.500000, 8
2020/06/15 09:53, 143.500000, 144.000000, 143.000000, 143.000000, 39
2020/06/15 09:54, 143.500000, 144.000000, 143.500000, 144.000000, 10
2020/06/15 09:55, 144.000000, 144.000000, 143.500000, 143.500000, 24
2020/06/15 09:56, 143.500000, 144.000000, 143.500000, 144.000000, 19
2020/06/15 09:57, 143.500000, 143.500000, 143.500000, 143.500000, 11
2020/06/15 09:58, 143.500000, 143.500000, 143.500000, 143.500000, 6
2020/06/15 09:59, 143.500000, 143.500000, 143.500000, 143.500000, 8
2020/06/15 10:00, 143.500000, 143.500000, 143.500000, 143.500000, 13
2020/06/15 10:01, 143.500000, 143.500000, 143.500000, 143.500000, 7
2020/06/15 10:02, 143.500000, 143.500000, 143.500000, 143.500000, 7
2020/06/15 10:03, 143.500000, 145.000000, 143.500000, 145.000000, 294
2020/06/15 10:04, 145.000000, 145.000000, 143.500000, 144.000000, 162
2020/06/15 10:05, 144.000000, 144.500000, 144.000000, 144.500000, 8
2020/06/15 10:06, 144.000000, 144.500000, 144.000000, 144.000000, 15
2020/06/15 10:07, 144.000000, 145.000000, 144.000000, 145.000000, 32
2020/06/15 10:08, 145.000000, 145.500000, 145.000000, 145.500000, 233
2020/06/15 10:09, 145.500000, 145.500000, 145.000000, 145.000000, 47
2020/06/15 10:10, 145.000000, 145.000000, 144.500000, 144.500000, 41
2020/06/15 10:11, 144.500000, 145.000000, 144.500000, 145.000000, 5
2020/06/15 10:12, 145.000000, 145.000000, 145.000000, 145.000000, 38
2020/06/15 10:13, 145.000000, 145.000000, 144.500000, 145.000000, 57
2020/06/15 10:14, 145.000000, 145.500000, 145.000000, 145.000000, 27
2020/06/15 10:15, 145.000000, 145.000000, 144.500000, 144.500000, 7
2020/06/15 10:16, 144.500000, 145.000000, 144.500000, 145.000000, 16
2020/06/15 10:17, 144.500000, 144.500000, 144.500000, 144.500000, 2
2020/06/15 10:18, 144.500000, 144.500000, 144.500000, 144.500000, 16
2020/06/15 10:19, 144.500000, 144.500000, 144.500000, 144.500000, 3
2020/06/15 10:20, 144.500000, 144.500000, 144.500000, 144.500000, 7
2020/06/15 10:21, 144.500000, 145.000000, 144.500000, 144.500000, 9
2020/06/15 10:22, 144.500000, 144.500000, 144.500000, 144.500000, 1
2020/06/15 10:23, 144.000000, 144.500000, 144.000000, 144.500000, 3
2020/06/15 10:24, 144.000000, 144.000000, 144.000000, 144.000000, 28
2020/06/15 10:25, 144.000000, 144.000000, 144.000000, 144.000000, 18
2020/06/15 10:26, 144.000000, 144.000000, 144.000000, 144.000000, 0
2020/06/15 10:27, 144.000000, 144.000000, 144.000000, 144.000000, 2
2020/06/15 10:28, 144.000000, 144.000000, 143.500000, 143.500000, 2
2020/06/15 10:29, 143.500000, 143.500000, 143.500000, 143.500000, 5
2020/06/15 10:30, 143.500000, 143.500000, 143.500000, 143.500000, 7
2020/06/15 10:31, 143.500000, 143.500000, 143.000000, 143.000000, 33
2020/06/15 10:32, 143.000000, 144.000000, 143.000000, 143.500000, 13
2020/06/15 10:33, 143.500000, 143.500000, 143.500000, 143.500000, 2
2020/06/15 10:34, 143.500000, 143.500000, 143.000000, 143.000000, 7
2020/06/15 10:35, 143.500000, 143.500000, 143.500000, 143.500000, 5
2020/06/15 10:36, 143.500000, 143.500000, 143.000000, 143.000000, 10
2020/06/15 10:37, 143.000000, 143.000000, 143.000000, 143.000000, 2
2020/06/15 10:38, 143.000000, 143.000000, 143.000000, 143.000000, 6
2020/06/15 10:39, 143.000000, 143.000000, 143.000000, 143.000000, 1
2020/06/15 10:40, 143.000000, 143.500000, 143.000000, 143.500000, 3
2020/06/15 10:41, 143.500000, 143.500000, 143.000000, 143.500000, 11
2020/06/15 10:42, 143.500000, 143.500000, 143.500000, 143.500000, 1
2020/06/15 10:43, 143.500000, 143.500000, 143.000000, 143.000000, 22
2020/06/15 10:44, 143.500000, 143.500000, 143.000000, 143.000000, 6
2020/06/15 10:45, 143.000000, 143.000000, 143.000000, 143.000000, 0
2020/06/15 10:46, 143.000000, 143.000000, 143.000000, 143.000000, 0
2020/06/15 10:47, 143.500000, 143.500000, 143.500000, 143.500000, 1
2020/06/15 10:48, 143.000000, 143.000000, 143.000000, 143.000000, 4
2020/06/15 10:49, 143.000000, 143.000000, 143.000000, 143.000000, 1
2020/06/15 10:50, 143.000000, 143.000000, 143.000000, 143.000000, 5
2020/06/15 10:51, 143.000000, 143.000000, 143.000000, 143.000000, 1
2020/06/15 10:52, 143.000000, 143.000000, 143.000000, 143.000000, 4
2020/06/15 10:53, 143.000000, 143.000000, 143.000000, 143.000000, 17
2020/06/15 10:54, 143.000000, 143.000000, 143.000000, 143.000000, 2
2020/06/15 10:55, 143.000000, 143.000000, 143.000000, 143.000000, 5
2020/06/15 10:56, 143.000000, 143.000000, 143.000000, 143.000000, 6
2020/06/15 10:57, 143.000000, 143.500000, 143.000000, 143.500000, 9
2020/06/15 10:58, 143.500000, 143.500000, 143.500000, 143.500000, 1
2020/06/15 10:59, 143.500000, 144.000000, 143.500000, 143.500000, 18
2020/06/15 11:00, 143.500000, 144.000000, 143.500000, 143.500000, 5
2020/06/15 11:01, 143.500000, 143.500000, 143.500000, 143.500000, 2
2020/06/15 11:02, 144.000000, 144.000000, 144.000000, 144.000000, 2
2020/06/15 11:03, 144.000000, 144.000000, 144.000000, 144.000000, 0
2020/06/15 11:04, 144.000000, 144.000000, 144.000000, 144.000000, 2
2020/06/15 11:05, 144.000000, 144.000000, 144.000000, 144.000000, 3
2020/06/15 11:06, 144.000000, 144.000000, 144.000000, 144.000000, 26
2020/06/15 11:07, 144.000000, 144.500000, 144.000000, 144.000000, 7
2020/06/15 11:08, 144.000000, 144.000000, 144.000000, 144.000000, 10
2020/06/15 11:09, 144.000000, 144.000000, 144.000000, 144.000000, 6
2020/06/15 11:10, 144.000000, 144.000000, 144.000000, 144.000000, 1
2020/06/15 11:11, 143.500000, 143.500000, 143.500000, 143.500000, 1
2020/06/15 11:12, 144.000000, 144.000000, 143.500000, 143.500000, 4
2020/06/15 11:13, 143.500000, 143.500000, 143.500000, 143.500000, 1
2020/06/15 11:14, 143.500000, 143.500000, 143.500000, 143.500000, 0
2020/06/15 11:15, 143.500000, 143.500000, 143.500000, 143.500000, 4
2020/06/15 11:16, 143.500000, 143.500000, 143.500000, 143.500000, 3
2020/06/15 11:17, 143.500000, 143.500000, 143.500000, 143.500000, 0
2020/06/15 11:18, 143.500000, 143.500000, 143.500000, 143.500000, 1
2020/06/15 11:19, 143.500000, 144.000000, 143.500000, 144.000000, 13
2020/06/15 11:20, 143.500000, 143.500000, 143.500000, 143.500000, 1
2020/06/15 11:21, 143.500000, 143.500000, 143.500000, 143.500000, 0
2020/06/15 11:22, 143.500000, 143.500000, 143.500000, 143.500000, 1
2020/06/15 11:23, 143.500000, 143.500000, 143.500000, 143.500000, 1
2020/06/15 11:24, 144.000000, 144.000000, 144.000000, 144.000000, 1
2020/06/15 11:25, 144.000000, 144.000000, 144.000000, 144.000000, 2
2020/06/15 11:26, 144.000000, 144.000000, 144.000000, 144.000000, 11
2020/06/15 11:27, 144.000000, 144.000000, 144.000000, 144.000000, 13
2020/06/15 11:28, 144.000000, 144.000000, 144.000000, 144.000000, 5
2020/06/15 11:29, 144.000000, 144.000000, 144.000000, 144.000000, 2
2020/06/15 11:30, 144.000000, 144.000000, 144.000000, 144.000000, 3
2020/06/15 11:31, 144.000000, 144.000000, 144.000000, 144.000000, 6
2020/06/15 11:32, 144.000000, 144.000000, 143.500000, 143.500000, 7
2020/06/15 11:33, 144.000000, 144.000000, 144.000000, 144.000000, 2
2020/06/15 11:34, 144.000000, 144.000000, 144.000000, 144.000000, 0
2020/06/15 11:35, 144.000000, 144.000000, 144.000000, 144.000000, 2
2020/06/15 11:36, 144.000000, 144.000000, 144.000000, 144.000000, 0
2020/06/15 11:37, 144.000000, 144.000000, 144.000000, 144.000000, 0
2020/06/15 11:38, 143.500000, 144.000000, 143.500000, 144.000000, 2
2020/06/15 11:39, 143.500000, 143.500000, 143.500000, 143.500000, 2
2020/06/15 11:40, 143.500000, 143.500000, 143.500000, 143.500000, 5
2020/06/15 11:41, 144.000000, 144.000000, 143.500000, 143.500000, 9
2020/06/15 11:42, 143.500000, 143.500000, 143.500000, 143.500000, 0
2020/06/15 11:43, 143.500000, 143.500000, 143.500000, 143.500000, 1
2020/06/15 11:44, 143.500000, 143.500000, 143.500000, 143.500000, 0
2020/06/15 11:45, 144.000000, 144.000000, 144.000000, 144.000000, 1
2020/06/15 11:46, 144.000000, 144.000000, 144.000000, 144.000000, 1
2020/06/15 11:47, 144.000000, 144.000000, 144.000000, 144.000000, 0
2020/06/15 11:48, 144.000000, 144.000000, 144.000000, 144.000000, 1
2020/06/15 11:49, 143.500000, 143.500000, 143.500000, 143.500000, 1
2020/06/15 11:50, 143.500000, 143.500000, 143.500000, 143.500000, 4
2020/06/15 11:51, 143.500000, 143.500000, 143.500000, 143.500000, 2
2020/06/15 11:52, 143.500000, 143.500000, 143.500000, 143.500000, 0
2020/06/15 11:53, 143.500000, 143.500000, 143.500000, 143.500000, 5
2020/06/15 11:54, 143.500000, 143.500000, 143.500000, 143.500000, 1
2020/06/15 11:55, 144.000000, 144.000000, 143.500000, 143.500000, 12
2020/06/15 11:56, 143.500000, 143.500000, 143.500000, 143.500000, 1
2020/06/15 11:57, 143.500000, 143.500000, 143.500000, 143.500000, 2
2020/06/15 11:58, 143.500000, 143.500000, 143.500000, 143.500000, 0
2020/06/15 11:59, 143.500000, 143.500000, 143.500000, 143.500000, 0
2020/06/15 12:00, 143.500000, 144.000000, 143.500000, 144.000000, 10
2020/06/15 12:01, 144.000000, 144.500000, 143.500000, 144.500000, 49
2020/06/15 12:02, 144.500000, 144.500000, 144.000000, 144.000000, 6
2020/06/15 12:03, 144.000000, 144.500000, 144.000000, 144.500000, 3
2020/06/15 12:04, 144.000000, 144.000000, 144.000000, 144.000000, 4
2020/06/15 12:05, 144.000000, 144.000000, 144.000000, 144.000000, 9
2020/06/15 12:06, 144.000000, 144.000000, 144.000000, 144.000000, 5
2020/06/15 12:07, 144.000000, 144.000000, 144.000000, 144.000000, 0
2020/06/15 12:08, 143.500000, 143.500000, 143.500000, 143.500000, 1
2020/06/15 12:09, 143.500000, 143.500000, 143.500000, 143.500000, 14
2020/06/15 12:10, 143.500000, 143.500000, 143.500000, 143.500000, 4
2020/06/15 12:11, 144.000000, 144.000000, 144.000000, 144.000000, 1
2020/06/15 12:12, 144.000000, 144.000000, 143.500000, 143.500000, 3
2020/06/15 12:13, 143.500000, 143.500000, 143.500000, 143.500000, 2
2020/06/15 12:14, 143.500000, 143.500000, 143.500000, 143.500000, 8
2020/06/15 12:15, 143.500000, 143.500000, 143.500000, 143.500000, 2
2020/06/15 12:16, 143.500000, 143.500000, 143.500000, 143.500000, 1
2020/06/15 12:17, 143.500000, 143.500000, 143.500000, 143.500000, 3
2020/06/15 12:18, 143.500000, 143.500000, 143.500000, 143.500000, 5
2020/06/15 12:19, 143.500000, 143.500000, 143.500000, 143.500000, 7
2020/06/15 12:20, 143.500000, 143.500000, 143.500000, 143.500000, 4
2020/06/15 12:21, 144.000000, 144.000000, 144.000000, 144.000000, 52
2020/06/15 12:22, 144.000000, 144.000000, 144.000000, 144.000000, 1
2020/06/15 12:23, 144.500000, 144.500000, 144.500000, 144.500000, 58
2020/06/15 12:24, 144.000000, 144.500000, 144.000000, 144.500000, 9
2020/06/15 12:25, 144.500000, 144.500000, 144.500000, 144.500000, 3
2020/06/15 12:26, 144.000000, 144.500000, 144.000000, 144.500000, 22
2020/06/15 12:27, 144.000000, 144.000000, 144.000000, 144.000000, 1
2020/06/15 12:28, 144.000000, 144.500000, 144.000000, 144.500000, 9
2020/06/15 12:29, 144.500000, 144.500000, 144.000000, 144.000000, 4
2020/06/15 12:30, 144.000000, 144.000000, 144.000000, 144.000000, 4
2020/06/15 12:31, 144.000000, 144.000000, 144.000000, 144.000000, 4
2020/06/15 12:32, 144.000000, 144.000000, 144.000000, 144.000000, 2
2020/06/15 12:33, 144.000000, 144.000000, 144.000000, 144.000000, 0
2020/06/15 12:34, 144.000000, 144.000000, 144.000000, 144.000000, 1
2020/06/15 12:35, 144.500000, 144.500000, 144.500000, 144.500000, 1
2020/06/15 12:36, 144.500000, 144.500000, 144.500000, 144.500000, 3
2020/06/15 12:37, 144.000000, 144.000000, 144.000000, 144.000000, 3
2020/06/15 12:38, 144.000000, 144.000000, 144.000000, 144.000000, 2
2020/06/15 12:39, 144.000000, 144.500000, 144.000000, 144.000000, 10
2020/06/15 12:40, 144.000000, 144.500000, 144.000000, 144.500000, 11
2020/06/15 12:41, 144.000000, 144.000000, 144.000000, 144.000000, 19
2020/06/15 12:42, 144.000000, 144.000000, 144.000000, 144.000000, 2
2020/06/15 12:43, 144.000000, 144.500000, 144.000000, 144.000000, 9
2020/06/15 12:44, 144.500000, 144.500000, 144.000000, 144.000000, 7
2020/06/15 12:45, 144.000000, 144.000000, 144.000000, 144.000000, 2
2020/06/15 12:46, 144.000000, 144.000000, 144.000000, 144.000000, 6
2020/06/15 12:47, 144.000000, 144.000000, 143.500000, 143.500000, 4
2020/06/15 12:48, 143.500000, 143.500000, 143.500000, 143.500000, 14
2020/06/15 12:49, 143.500000, 143.500000, 143.500000, 143.500000, 2
2020/06/15 12:50, 143.500000, 143.500000, 143.500000, 143.500000, 3
2020/06/15 12:51, 143.500000, 143.500000, 143.500000, 143.500000, 2
2020/06/15 12:52, 143.500000, 143.500000, 143.000000, 143.000000, 14
2020/06/15 12:53, 143.000000, 143.000000, 143.000000, 143.000000, 41
2020/06/15 12:54, 143.000000, 143.000000, 143.000000, 143.000000, 11
2020/06/15 12:55, 143.500000, 143.500000, 143.000000, 143.000000, 8
2020/06/15 12:56, 143.000000, 144.000000, 142.500000, 143.000000, 14
2020/06/15 12:57, 143.000000, 143.500000, 143.000000, 143.500000, 5
2020/06/15 12:58, 143.500000, 143.500000, 143.500000, 143.500000, 2
2020/06/15 12:59, 143.500000, 143.500000, 143.500000, 143.500000, 3
2020/06/15 13:00, 143.500000, 143.500000, 143.500000, 143.500000, 4
2020/06/15 13:01, 143.500000, 143.500000, 143.500000, 143.500000, 4
2020/06/15 13:02, 144.000000, 144.000000, 143.500000, 143.500000, 16
2020/06/15 13:03, 144.000000, 144.000000, 143.000000, 143.000000, 21
2020/06/15 13:04, 142.500000, 142.500000, 142.500000, 142.500000, 9
2020/06/15 13:05, 142.500000, 143.000000, 142.500000, 142.500000, 9
2020/06/15 13:06, 142.500000, 142.500000, 142.500000, 142.500000, 4
2020/06/15 13:07, 142.500000, 143.000000, 142.500000, 142.500000, 38
2020/06/15 13:08, 142.000000, 142.000000, 142.000000, 142.000000, 6
2020/06/15 13:09, 142.000000, 142.000000, 142.000000, 142.000000, 43
2020/06/15 13:10, 142.000000, 142.500000, 141.500000, 141.500000, 21
2020/06/15 13:11, 142.000000, 142.000000, 141.500000, 141.500000, 4
2020/06/15 13:12, 141.500000, 141.500000, 141.000000, 141.000000, 53
2020/06/15 13:13, 141.000000, 142.000000, 141.000000, 142.000000, 17
2020/06/15 13:14, 142.000000, 142.500000, 141.500000, 142.500000, 21
2020/06/15 13:15, 142.500000, 142.500000, 142.000000, 142.000000, 7
2020/06/15 13:16, 142.000000, 142.000000, 142.000000, 142.000000, 2
2020/06/15 13:17, 142.000000, 142.000000, 142.000000, 142.000000, 2
2020/06/15 13:18, 142.000000, 142.000000, 141.500000, 141.500000, 14
2020/06/15 13:19, 142.000000, 142.000000, 142.000000, 142.000000, 22
2020/06/15 13:20, 142.000000, 142.500000, 142.000000, 142.500000, 16
2020/06/15 13:21, 142.000000, 142.000000, 142.000000, 142.000000, 18
2020/06/15 13:22, 141.500000, 141.500000, 141.500000, 141.500000, 2
2020/06/15 13:23, 141.500000, 141.500000, 141.500000, 141.500000, 13
2020/06/15 13:24, 142.000000, 142.000000, 141.500000, 141.500000, 17
2020/06/15 13:25, 141.500000, 141.500000, 141.500000, 141.500000, 27
2020/06/15 13:26, 141.500000, 141.500000, 141.500000, 141.500000, 0
2020/06/15 13:27, 141.500000, 141.500000, 141.500000, 141.500000, 0
2020/06/15 13:28, 141.500000, 141.500000, 141.500000, 141.500000, 0
2020/06/15 13:29, 141.500000, 141.500000, 141.500000, 141.500000, 0
2020/06/15 13:30, 141.500000, 141.500000, 141.500000, 141.500000, 179
2020/06/16 09:01, 144.000000, 145.000000, 143.500000, 144.500000, 261
2020/06/16 09:02, 144.500000, 144.500000, 143.500000, 143.500000, 134
2020/06/16 09:03, 143.500000, 143.500000, 142.500000, 143.000000, 109
2020/06/16 09:04, 143.000000, 143.000000, 142.500000, 143.000000, 75
2020/06/16 09:05, 143.000000, 143.000000, 142.500000, 143.000000, 40
2020/06/16 09:06, 143.000000, 143.000000, 142.000000, 142.500000, 91
2020/06/16 09:07, 142.000000, 142.500000, 142.000000, 142.000000, 38
2020/06/16 09:08, 142.000000, 142.500000, 142.000000, 142.500000, 42
2020/06/16 09:09, 142.500000, 143.000000, 142.500000, 142.500000, 25
2020/06/16 09:10, 142.500000, 142.500000, 142.000000, 142.500000, 14
2020/06/16 09:11, 142.500000, 143.000000, 142.000000, 142.500000, 15
2020/06/16 09:12, 142.500000, 142.500000, 142.500000, 142.500000, 31
2020/06/16 09:13, 142.500000, 143.000000, 142.500000, 143.000000, 12
2020/06/16 09:14, 143.000000, 143.500000, 143.000000, 143.500000, 46
2020/06/16 09:15, 143.000000, 143.500000, 143.000000, 143.000000, 21
2020/06/16 09:16, 143.000000, 143.500000, 143.000000, 143.500000, 31
2020/06/16 09:17, 143.500000, 143.500000, 143.000000, 143.500000, 25
2020/06/16 09:18, 143.000000, 143.500000, 143.000000, 143.500000, 15
2020/06/16 09:19, 143.000000, 143.500000, 143.000000, 143.500000, 23
2020/06/16 09:20, 143.500000, 143.500000, 143.000000, 143.000000, 17
2020/06/16 09:21, 143.000000, 143.500000, 142.500000, 143.000000, 78
2020/06/16 09:22, 142.500000, 142.500000, 142.500000, 142.500000, 6
2020/06/16 09:23, 142.500000, 142.500000, 142.500000, 142.500000, 4
2020/06/16 09:24, 142.500000, 142.500000, 142.500000, 142.500000, 3
2020/06/16 09:25, 142.500000, 142.500000, 142.500000, 142.500000, 3
2020/06/16 09:26, 143.000000, 143.000000, 142.500000, 142.500000, 30
2020/06/16 09:27, 142.500000, 142.500000, 142.500000, 142.500000, 8
2020/06/16 09:28, 142.500000, 142.500000, 142.500000, 142.500000, 2
2020/06/16 09:29, 142.500000, 142.500000, 142.500000, 142.500000, 7
2020/06/16 09:30, 142.500000, 142.500000, 142.500000, 142.500000, 4
2020/06/16 09:31, 142.500000, 143.000000, 142.500000, 143.000000, 2
2020/06/16 09:32, 143.000000, 143.000000, 143.000000, 143.000000, 2
2020/06/16 09:33, 143.000000, 143.000000, 143.000000, 143.000000, 2
2020/06/16 09:34, 143.000000, 143.000000, 143.000000, 143.000000, 0
2020/06/16 09:35, 143.000000, 143.000000, 143.000000, 143.000000, 0
2020/06/16 09:36, 143.000000, 143.000000, 143.000000, 143.000000, 0
2020/06/16 09:37, 143.000000, 143.000000, 143.000000, 143.000000, 2
2020/06/16 09:38, 143.000000, 143.000000, 143.000000, 143.000000, 1
2020/06/16 09:39, 143.000000, 143.000000, 143.000000, 143.000000, 2
2020/06/16 09:40, 142.500000, 142.500000, 142.500000, 142.500000, 28
2020/06/16 09:41, 142.500000, 142.500000, 142.000000, 142.000000, 3
2020/06/16 09:42, 142.500000, 142.500000, 142.500000, 142.500000, 16
2020/06/16 09:43, 142.500000, 142.500000, 142.500000, 142.500000, 1
2020/06/16 09:44, 142.500000, 142.500000, 142.000000, 142.000000, 23
2020/06/16 09:45, 142.000000, 142.000000, 142.000000, 142.000000, 1
2020/06/16 09:46, 142.500000, 142.500000, 142.000000, 142.000000, 22
2020/06/16 09:47, 142.500000, 142.500000, 142.500000, 142.500000, 2
2020/06/16 09:48, 142.500000, 142.500000, 142.000000, 142.000000, 17
2020/06/16 09:49, 142.500000, 142.500000, 142.500000, 142.500000, 1
2020/06/16 09:50, 142.500000, 142.500000, 142.500000, 142.500000, 8
2020/06/16 09:51, 142.500000, 142.500000, 142.500000, 142.500000, 6
2020/06/16 09:52, 142.500000, 142.500000, 142.500000, 142.500000, 2
2020/06/16 09:53, 142.500000, 142.500000, 142.500000, 142.500000, 1
2020/06/16 09:54, 142.500000, 142.500000, 142.500000, 142.500000, 0
2020/06/16 09:55, 142.500000, 142.500000, 142.500000, 142.500000, 7
2020/06/16 09:56, 142.500000, 142.500000, 142.500000, 142.500000, 3
2020/06/16 09:57, 142.500000, 142.500000, 142.500000, 142.500000, 1
2020/06/16 09:58, 143.000000, 143.000000, 143.000000, 143.000000, 2
2020/06/16 09:59, 143.000000, 143.000000, 143.000000, 143.000000, 1
2020/06/16 10:00, 143.000000, 143.000000, 143.000000, 143.000000, 0
2020/06/16 10:01, 143.000000, 143.000000, 143.000000, 143.000000, 1
2020/06/16 10:02, 143.000000, 143.000000, 143.000000, 143.000000, 0
2020/06/16 10:03, 143.000000, 143.000000, 143.000000, 143.000000, 1
2020/06/16 10:04, 143.000000, 143.000000, 143.000000, 143.000000, 1
2020/06/16 10:05, 143.000000, 143.000000, 142.500000, 142.500000, 2
2020/06/16 10:06, 142.500000, 142.500000, 142.500000, 142.500000, 0
2020/06/16 10:07, 142.500000, 143.000000, 142.500000, 143.000000, 2
2020/06/16 10:08, 143.000000, 143.000000, 143.000000, 143.000000, 1
2020/06/16 10:09, 143.000000, 143.000000, 143.000000, 143.000000, 0
2020/06/16 10:10, 143.000000, 143.000000, 143.000000, 143.000000, 0
2020/06/16 10:11, 143.000000, 143.000000, 143.000000, 143.000000, 1
2020/06/16 10:12, 143.000000, 143.000000, 143.000000, 143.000000, 0
2020/06/16 10:13, 143.000000, 143.000000, 142.500000, 143.000000, 6
2020/06/16 10:14, 143.000000, 143.000000, 143.000000, 143.000000, 4
2020/06/16 10:15, 143.000000, 143.000000, 143.000000, 143.000000, 3
2020/06/16 10:16, 143.000000, 143.000000, 142.500000, 142.500000, 3
2020/06/16 10:17, 142.500000, 142.500000, 142.500000, 142.500000, 0
2020/06/16 10:18, 142.500000, 142.500000, 142.500000, 142.500000, 1
2020/06/16 10:19, 142.500000, 142.500000, 142.000000, 142.000000, 83
2020/06/16 10:20, 142.500000, 142.500000, 142.500000, 142.500000, 3
2020/06/16 10:21, 142.500000, 142.500000, 142.500000, 142.500000, 0
2020/06/16 10:22, 142.500000, 142.500000, 142.500000, 142.500000, 0
2020/06/16 10:23, 142.500000, 142.500000, 142.500000, 142.500000, 0
2020/06/16 10:24, 142.500000, 142.500000, 142.000000, 142.000000, 8
2020/06/16 10:25, 142.000000, 142.000000, 142.000000, 142.000000, 0
2020/06/16 10:26, 142.000000, 142.500000, 142.000000, 142.000000, 4
2020/06/16 10:27, 142.000000, 142.000000, 142.000000, 142.000000, 4
2020/06/16 10:28, 142.000000, 142.000000, 142.000000, 142.000000, 1
2020/06/16 10:29, 142.500000, 142.500000, 142.500000, 142.500000, 1
2020/06/16 10:30, 142.500000, 142.500000, 142.500000, 142.500000, 0
2020/06/16 10:31, 142.500000, 142.500000, 142.500000, 142.500000, 0
2020/06/16 10:32, 142.500000, 142.500000, 142.500000, 142.500000, 0
2020/06/16 10:33, 142.000000, 142.000000, 142.000000, 142.000000, 5
2020/06/16 10:34, 142.000000, 142.000000, 142.000000, 142.000000, 1
2020/06/16 10:35, 142.000000, 142.000000, 142.000000, 142.000000, 3
2020/06/16 10:36, 142.000000, 142.000000, 142.000000, 142.000000, 0
2020/06/16 10:37, 142.500000, 142.500000, 142.000000, 142.000000, 6
2020/06/16 10:38, 142.000000, 142.000000, 142.000000, 142.000000, 0
2020/06/16 10:39, 142.000000, 142.000000, 142.000000, 142.000000, 3
2020/06/16 10:40, 142.000000, 142.000000, 142.000000, 142.000000, 2
2020/06/16 10:41, 142.000000, 142.000000, 142.000000, 142.000000, 1
2020/06/16 10:42, 142.500000, 142.500000, 142.500000, 142.500000, 11
2020/06/16 10:43, 142.500000, 142.500000, 142.000000, 142.500000, 8
2020/06/16 10:44, 142.500000, 142.500000, 142.500000, 142.500000, 11
2020/06/16 10:45, 142.500000, 142.500000, 142.500000, 142.500000, 0
2020/06/16 10:46, 142.500000, 142.500000, 142.500000, 142.500000, 1
2020/06/16 10:47, 142.500000, 142.500000, 142.500000, 142.500000, 4
2020/06/16 10:48, 142.500000, 142.500000, 142.500000, 142.500000, 0
2020/06/16 10:49, 142.500000, 142.500000, 142.500000, 142.500000, 0
2020/06/16 10:50, 142.500000, 142.500000, 142.500000, 142.500000, 0
2020/06/16 10:51, 142.500000, 142.500000, 142.500000, 142.500000, 1
2020/06/16 10:52, 143.000000, 143.000000, 143.000000, 143.000000, 1
2020/06/16 10:53, 143.000000, 143.000000, 143.000000, 143.000000, 0
2020/06/16 10:54, 143.000000, 143.000000, 143.000000, 143.000000, 0
2020/06/16 10:55, 142.500000, 142.500000, 142.500000, 142.500000, 10
2020/06/16 10:56, 142.500000, 142.500000, 142.500000, 142.500000, 1
2020/06/16 10:57, 142.500000, 142.500000, 142.500000, 142.500000, 0
2020/06/16 10:58, 142.500000, 142.500000, 142.500000, 142.500000, 0
2020/06/16 10:59, 142.500000, 142.500000, 142.500000, 142.500000, 6
2020/06/16 11:00, 142.500000, 142.500000, 142.500000, 142.500000, 0
2020/06/16 11:01, 142.500000, 142.500000, 142.500000, 142.500000, 14
2020/06/16 11:02, 142.500000, 142.500000, 142.500000, 142.500000, 5
2020/06/16 11:03, 142.500000, 142.500000, 142.500000, 142.500000, 5
2020/06/16 11:04, 142.500000, 142.500000, 142.500000, 142.500000, 1
2020/06/16 11:05, 142.500000, 142.500000, 142.500000, 142.500000, 1
2020/06/16 11:06, 142.500000, 142.500000, 142.500000, 142.500000, 2
2020/06/16 11:07, 143.000000, 143.000000, 143.000000, 143.000000, 1
2020/06/16 11:08, 143.000000, 143.000000, 143.000000, 143.000000, 0
2020/06/16 11:09, 142.500000, 142.500000, 142.500000, 142.500000, 1
2020/06/16 11:10, 142.500000, 142.500000, 142.500000, 142.500000, 0
2020/06/16 11:11, 142.500000, 142.500000, 142.500000, 142.500000, 0
2020/06/16 11:12, 142.500000, 142.500000, 142.500000, 142.500000, 0
2020/06/16 11:13, 142.500000, 142.500000, 142.500000, 142.500000, 2
2020/06/16 11:14, 142.500000, 142.500000, 142.500000, 142.500000, 0
2020/06/16 11:15, 142.500000, 142.500000, 142.500000, 142.500000, 1
2020/06/16 11:16, 142.500000, 142.500000, 142.500000, 142.500000, 2
2020/06/16 11:17, 142.500000, 142.500000, 142.500000, 142.500000, 1
2020/06/16 11:18, 143.000000, 143.000000, 143.000000, 143.000000, 2
2020/06/16 11:19, 143.000000, 143.000000, 143.000000, 143.000000, 0
2020/06/16 11:20, 143.000000, 143.000000, 143.000000, 143.000000, 0
2020/06/16 11:21, 143.000000, 143.000000, 143.000000, 143.000000, 2
2020/06/16 11:22, 143.000000, 143.000000, 143.000000, 143.000000, 2
2020/06/16 11:23, 143.000000, 143.000000, 143.000000, 143.000000, 0
2020/06/16 11:24, 142.500000, 142.500000, 142.500000, 142.500000, 1
2020/06/16 11:25, 142.500000, 142.500000, 142.500000, 142.500000, 0
2020/06/16 11:26, 142.500000, 142.500000, 142.500000, 142.500000, 2
2020/06/16 11:27, 142.500000, 142.500000, 142.500000, 142.500000, 0
2020/06/16 11:28, 142.500000, 143.000000, 142.500000, 142.500000, 4
2020/06/16 11:29, 142.500000, 142.500000, 142.500000, 142.500000, 1
2020/06/16 11:30, 142.500000, 142.500000, 142.500000, 142.500000, 0
2020/06/16 11:31, 142.500000, 142.500000, 142.500000, 142.500000, 0
2020/06/16 11:32, 142.500000, 142.500000, 142.500000, 142.500000, 2
2020/06/16 11:33, 142.500000, 142.500000, 142.000000, 142.000000, 13
2020/06/16 11:34, 142.500000, 142.500000, 142.500000, 142.500000, 2
2020/06/16 11:35, 142.500000, 142.500000, 142.500000, 142.500000, 0
2020/06/16 11:36, 142.500000, 142.500000, 142.000000, 142.000000, 3
2020/06/16 11:37, 142.000000, 142.000000, 142.000000, 142.000000, 1
2020/06/16 11:38, 142.500000, 142.500000, 142.500000, 142.500000, 3
2020/06/16 11:39, 142.500000, 142.500000, 142.500000, 142.500000, 0
2020/06/16 11:40, 142.500000, 142.500000, 142.500000, 142.500000, 1
2020/06/16 11:41, 142.500000, 142.500000, 142.500000, 142.500000, 0
2020/06/16 11:42, 142.500000, 142.500000, 142.500000, 142.500000, 0
2020/06/16 11:43, 142.500000, 142.500000, 142.500000, 142.500000, 17
2020/06/16 11:44, 142.500000, 142.500000, 142.500000, 142.500000, 0
2020/06/16 11:45, 142.500000, 142.500000, 142.500000, 142.500000, 12
2020/06/16 11:46, 142.500000, 142.500000, 142.500000, 142.500000, 3
2020/06/16 11:47, 142.000000, 142.000000, 142.000000, 142.000000, 2
2020/06/16 11:48, 142.500000, 142.500000, 142.500000, 142.500000, 1
2020/06/16 11:49, 142.500000, 142.500000, 142.500000, 142.500000, 0
2020/06/16 11:50, 142.500000, 142.500000, 142.500000, 142.500000, 0
2020/06/16 11:51, 142.500000, 142.500000, 142.500000, 142.500000, 2
2020/06/16 11:52, 142.500000, 142.500000, 142.500000, 142.500000, 6
2020/06/16 11:53, 142.500000, 142.500000, 142.500000, 142.500000, 2
2020/06/16 11:54, 142.500000, 142.500000, 142.500000, 142.500000, 1
2020/06/16 11:55, 142.500000, 142.500000, 142.000000, 142.000000, 9
2020/06/16 11:56, 142.000000, 142.000000, 142.000000, 142.000000, 0
2020/06/16 11:57, 142.000000, 142.000000, 142.000000, 142.000000, 0
2020/06/16 11:58, 142.000000, 142.000000, 142.000000, 142.000000, 0
2020/06/16 11:59, 142.000000, 142.000000, 142.000000, 142.000000, 0
2020/06/16 12:00, 142.000000, 142.000000, 141.500000, 141.500000, 101
2020/06/16 12:01, 141.500000, 141.500000, 141.500000, 141.500000, 3
2020/06/16 12:02, 141.500000, 141.500000, 141.500000, 141.500000, 41
2020/06/16 12:03, 141.500000, 141.500000, 141.000000, 141.000000, 6
2020/06/16 12:04, 141.000000, 141.500000, 141.000000, 141.500000, 9
2020/06/16 12:05, 141.000000, 141.000000, 141.000000, 141.000000, 4
2020/06/16 12:06, 141.500000, 141.500000, 141.000000, 141.500000, 11
2020/06/16 12:07, 141.500000, 141.500000, 141.500000, 141.500000, 1
2020/06/16 12:08, 141.500000, 141.500000, 141.500000, 141.500000, 0
2020/06/16 12:09, 141.500000, 141.500000, 141.500000, 141.500000, 1
2020/06/16 12:10, 141.500000, 141.500000, 141.500000, 141.500000, 0
2020/06/16 12:11, 141.500000, 141.500000, 141.500000, 141.500000, 5
2020/06/16 12:12, 141.500000, 141.500000, 141.500000, 141.500000, 0
2020/06/16 12:13, 141.500000, 141.500000, 141.500000, 141.500000, 3
2020/06/16 12:14, 141.500000, 141.500000, 141.500000, 141.500000, 0
2020/06/16 12:15, 142.000000, 142.000000, 141.500000, 141.500000, 22
2020/06/16 12:16, 141.500000, 141.500000, 141.500000, 141.500000, 3
2020/06/16 12:17, 141.500000, 141.500000, 141.500000, 141.500000, 1
2020/06/16 12:18, 141.500000, 141.500000, 141.500000, 141.500000, 3
2020/06/16 12:19, 141.500000, 141.500000, 141.500000, 141.500000, 0
2020/06/16 12:20, 141.500000, 141.500000, 141.500000, 141.500000, 3
2020/06/16 12:21, 141.500000, 141.500000, 141.500000, 141.500000, 0
2020/06/16 12:22, 141.500000, 141.500000, 141.500000, 141.500000, 1
2020/06/16 12:23, 141.500000, 141.500000, 141.500000, 141.500000, 2
2020/06/16 12:24, 141.500000, 141.500000, 141.500000, 141.500000, 0
2020/06/16 12:25, 141.500000, 141.500000, 141.500000, 141.500000, 3
2020/06/16 12:26, 142.000000, 142.000000, 142.000000, 142.000000, 1
2020/06/16 12:27, 142.000000, 142.000000, 142.000000, 142.000000, 0
2020/06/16 12:28, 142.000000, 142.000000, 142.000000, 142.000000, 0
2020/06/16 12:29, 142.000000, 142.000000, 142.000000, 142.000000, 2
2020/06/16 12:30, 142.000000, 142.000000, 142.000000, 142.000000, 0
2020/06/16 12:31, 142.000000, 142.000000, 142.000000, 142.000000, 1
2020/06/16 12:32, 142.000000, 142.000000, 142.000000, 142.000000, 13
2020/06/16 12:33, 142.000000, 142.000000, 142.000000, 142.000000, 4
2020/06/16 12:34, 142.000000, 142.000000, 141.500000, 141.500000, 2
2020/06/16 12:35, 141.500000, 141.500000, 141.500000, 141.500000, 0
2020/06/16 12:36, 141.500000, 141.500000, 141.500000, 141.500000, 0
2020/06/16 12:37, 141.500000, 142.000000, 141.500000, 142.000000, 3
2020/06/16 12:38, 142.000000, 142.000000, 142.000000, 142.000000, 3
2020/06/16 12:39, 142.000000, 142.000000, 142.000000, 142.000000, 0
2020/06/16 12:40, 142.000000, 142.000000, 142.000000, 142.000000, 0
2020/06/16 12:41, 142.000000, 142.000000, 142.000000, 142.000000, 2
2020/06/16 12:42, 142.000000, 142.000000, 142.000000, 142.000000, 5
2020/06/16 12:43, 142.000000, 142.000000, 142.000000, 142.000000, 18
2020/06/16 12:44, 142.000000, 142.000000, 142.000000, 142.000000, 0
2020/06/16 12:45, 142.000000, 142.000000, 142.000000, 142.000000, 1
2020/06/16 12:46, 142.500000, 142.500000, 142.500000, 142.500000, 2
2020/06/16 12:47, 142.500000, 142.500000, 142.500000, 142.500000, 0
2020/06/16 12:48, 142.500000, 142.500000, 142.500000, 142.500000, 0
2020/06/16 12:49, 142.500000, 142.500000, 142.500000, 142.500000, 1
2020/06/16 12:50, 142.500000, 142.500000, 142.500000, 142.500000, 0
2020/06/16 12:51, 142.500000, 142.500000, 142.500000, 142.500000, 0
2020/06/16 12:52, 142.500000, 142.500000, 142.500000, 142.500000, 1
2020/06/16 12:53, 142.500000, 142.500000, 142.500000, 142.500000, 1
2020/06/16 12:54, 142.500000, 142.500000, 142.500000, 142.500000, 0
2020/06/16 12:55, 142.500000, 142.500000, 142.500000, 142.500000, 0
2020/06/16 12:56, 142.000000, 142.000000, 142.000000, 142.000000, 9
2020/06/16 12:57, 142.000000, 142.000000, 141.500000, 142.000000, 19
2020/06/16 12:58, 142.000000, 142.000000, 142.000000, 142.000000, 1
2020/06/16 12:59, 142.000000, 142.000000, 142.000000, 142.000000, 1
2020/06/16 13:00, 142.000000, 142.000000, 142.000000, 142.000000, 8
2020/06/16 13:01, 142.000000, 142.000000, 141.500000, 141.500000, 16
2020/06/16 13:02, 141.500000, 141.500000, 141.500000, 141.500000, 0
2020/06/16 13:03, 141.500000, 141.500000, 141.500000, 141.500000, 1
2020/06/16 13:04, 141.500000, 141.500000, 141.500000, 141.500000, 2
2020/06/16 13:05, 142.000000, 142.000000, 142.000000, 142.000000, 10
2020/06/16 13:06, 142.000000, 142.000000, 142.000000, 142.000000, 11
2020/06/16 13:07, 142.000000, 142.000000, 142.000000, 142.000000, 14
2020/06/16 13:08, 142.500000, 142.500000, 142.500000, 142.500000, 1
2020/06/16 13:09, 142.000000, 142.000000, 141.500000, 142.000000, 11
2020/06/16 13:10, 142.000000, 142.500000, 142.000000, 142.500000, 10
2020/06/16 13:11, 142.500000, 142.500000, 142.500000, 142.500000, 0
2020/06/16 13:12, 142.000000, 142.000000, 142.000000, 142.000000, 1
2020/06/16 13:13, 142.000000, 142.500000, 142.000000, 142.000000, 9
2020/06/16 13:14, 142.000000, 142.000000, 142.000000, 142.000000, 2
2020/06/16 13:15, 142.000000, 142.500000, 142.000000, 142.000000, 10
2020/06/16 13:16, 142.000000, 142.000000, 142.000000, 142.000000, 2
2020/06/16 13:17, 142.000000, 142.500000, 142.000000, 142.500000, 3
2020/06/16 13:18, 142.000000, 142.500000, 142.000000, 142.500000, 7
2020/06/16 13:19, 142.000000, 142.000000, 142.000000, 142.000000, 16
2020/06/16 13:20, 141.500000, 142.000000, 141.500000, 141.500000, 9
2020/06/16 13:21, 142.000000, 142.000000, 142.000000, 142.000000, 15
2020/06/16 13:22, 142.500000, 142.500000, 142.000000, 142.500000, 7
2020/06/16 13:23, 142.500000, 143.000000, 142.000000, 142.500000, 48
2020/06/16 13:24, 142.500000, 143.000000, 142.500000, 142.500000, 9
2020/06/16 13:25, 143.000000, 143.000000, 142.500000, 143.000000, 31
2020/06/16 13:26, 143.000000, 143.000000, 143.000000, 143.000000, 0
2020/06/16 13:27, 143.000000, 143.000000, 143.000000, 143.000000, 0
2020/06/16 13:28, 143.000000, 143.000000, 143.000000, 143.000000, 0
2020/06/16 13:29, 143.000000, 143.000000, 143.000000, 143.000000, 0
2020/06/16 13:30, 143.000000, 143.000000, 143.000000, 143.000000, 155
2020/06/17 09:01, 143.000000, 143.500000, 143.000000, 143.500000, 29
2020/06/17 09:02, 143.500000, 143.500000, 143.000000, 143.000000, 45
2020/06/17 09:03, 143.000000, 143.000000, 142.500000, 142.500000, 7
2020/06/17 09:04, 142.500000, 142.500000, 142.000000, 142.000000, 12
2020/06/17 09:05, 142.500000, 142.500000, 142.000000, 142.500000, 29
2020/06/17 09:06, 142.500000, 142.500000, 142.000000, 142.500000, 20
2020/06/17 09:07, 142.500000, 142.500000, 142.000000, 142.000000, 11
2020/06/17 09:08, 142.500000, 142.500000, 142.500000, 142.500000, 10
2020/06/17 09:09, 142.500000, 142.500000, 142.000000, 142.000000, 5
2020/06/17 09:10, 142.500000, 143.000000, 142.500000, 143.000000, 10
2020/06/17 09:11, 143.000000, 143.000000, 143.000000, 143.000000, 52
2020/06/17 09:12, 143.000000, 144.000000, 143.000000, 143.500000, 26
2020/06/17 09:13, 144.000000, 144.000000, 144.000000, 144.000000, 22
2020/06/17 09:14, 144.000000, 144.000000, 143.500000, 144.000000, 16
2020/06/17 09:15, 144.000000, 144.000000, 144.000000, 144.000000, 23
2020/06/17 09:16, 144.000000, 144.000000, 143.500000, 143.500000, 18
2020/06/17 09:17, 143.500000, 144.000000, 143.000000, 143.000000, 26
2020/06/17 09:18, 143.000000, 143.000000, 143.000000, 143.000000, 5
2020/06/17 09:19, 143.000000, 143.000000, 143.000000, 143.000000, 1
2020/06/17 09:20, 143.000000, 143.000000, 143.000000, 143.000000, 1
2020/06/17 09:21, 143.000000, 143.000000, 143.000000, 143.000000, 2
2020/06/17 09:22, 143.500000, 143.500000, 143.500000, 143.500000, 18
2020/06/17 09:23, 143.000000, 144.000000, 143.000000, 143.500000, 3
2020/06/17 09:24, 144.000000, 144.000000, 143.500000, 143.500000, 7
2020/06/17 09:25, 143.500000, 143.500000, 143.500000, 143.500000, 3
2020/06/17 09:26, 143.500000, 143.500000, 143.500000, 143.500000, 4
2020/06/17 09:27, 143.500000, 144.500000, 143.500000, 144.000000, 118
2020/06/17 09:28, 144.500000, 144.500000, 144.000000, 144.500000, 71
2020/06/17 09:29, 144.500000, 144.500000, 144.500000, 144.500000, 10
2020/06/17 09:30, 144.500000, 144.500000, 144.000000, 144.500000, 4
2020/06/17 09:31, 144.000000, 144.500000, 144.000000, 144.500000, 5
2020/06/17 09:32, 144.500000, 144.500000, 144.000000, 144.000000, 6
2020/06/17 09:33, 144.000000, 144.000000, 144.000000, 144.000000, 3
2020/06/17 09:34, 144.000000, 144.000000, 144.000000, 144.000000, 8
2020/06/17 09:35, 144.000000, 145.000000, 144.000000, 144.500000, 193
2020/06/17 09:36, 144.500000, 145.500000, 144.500000, 145.000000, 38
2020/06/17 09:37, 145.000000, 146.000000, 145.000000, 146.000000, 123
2020/06/17 09:38, 146.000000, 146.000000, 145.500000, 146.000000, 252
2020/06/17 09:39, 146.000000, 146.500000, 145.500000, 146.000000, 93
2020/06/17 09:40, 146.000000, 147.000000, 146.000000, 146.500000, 120
2020/06/17 09:41, 147.000000, 147.000000, 146.500000, 146.500000, 154
2020/06/17 09:42, 146.500000, 146.500000, 146.000000, 146.500000, 45
2020/06/17 09:43, 146.500000, 146.500000, 146.000000, 146.500000, 58
2020/06/17 09:44, 146.500000, 146.500000, 146.000000, 146.000000, 27
2020/06/17 09:45, 146.500000, 146.500000, 146.000000, 146.000000, 70
2020/06/17 09:46, 146.000000, 146.500000, 146.000000, 146.500000, 21
2020/06/17 09:47, 146.500000, 147.000000, 146.500000, 147.000000, 176
2020/06/17 09:48, 147.000000, 147.500000, 147.000000, 147.000000, 75
2020/06/17 09:49, 147.000000, 147.500000, 146.500000, 147.000000, 38
2020/06/17 09:50, 147.000000, 147.000000, 146.500000, 146.500000, 27
2020/06/17 09:51, 146.500000, 147.000000, 146.500000, 146.500000, 20
2020/06/17 09:52, 146.500000, 147.000000, 146.500000, 146.500000, 8
2020/06/17 09:53, 146.500000, 146.500000, 146.500000, 146.500000, 15
2020/06/17 09:54, 146.500000, 147.000000, 146.500000, 147.000000, 18
2020/06/17 09:55, 146.500000, 147.000000, 146.500000, 147.000000, 5
2020/06/17 09:56, 146.500000, 146.500000, 146.500000, 146.500000, 6
2020/06/17 09:57, 146.500000, 146.500000, 146.500000, 146.500000, 48
2020/06/17 09:58, 146.000000, 146.000000, 146.000000, 146.000000, 12
2020/06/17 09:59, 146.000000, 146.000000, 145.500000, 145.500000, 76
2020/06/17 10:00, 145.500000, 146.000000, 145.500000, 146.000000, 8
2020/06/17 10:01, 146.000000, 146.000000, 146.000000, 146.000000, 12
2020/06/17 10:02, 146.000000, 146.500000, 146.000000, 146.500000, 32
2020/06/17 10:03, 146.000000, 146.500000, 146.000000, 146.500000, 4
2020/06/17 10:04, 146.500000, 146.500000, 146.500000, 146.500000, 0
2020/06/17 10:05, 146.000000, 146.500000, 146.000000, 146.500000, 12
2020/06/17 10:06, 146.000000, 146.000000, 146.000000, 146.000000, 10
2020/06/17 10:07, 146.000000, 146.000000, 146.000000, 146.000000, 9
2020/06/17 10:08, 146.000000, 146.000000, 145.500000, 146.000000, 12
2020/06/17 10:09, 146.000000, 146.000000, 145.500000, 146.000000, 5
2020/06/17 10:10, 146.000000, 146.000000, 145.500000, 145.500000, 3
2020/06/17 10:11, 146.000000, 146.000000, 146.000000, 146.000000, 1
2020/06/17 10:12, 145.500000, 146.500000, 145.500000, 146.500000, 27
2020/06/17 10:13, 146.500000, 146.500000, 146.500000, 146.500000, 10
2020/06/17 10:14, 146.500000, 146.500000, 146.500000, 146.500000, 24
2020/06/17 10:15, 146.500000, 147.000000, 146.500000, 146.500000, 21
2020/06/17 10:16, 146.500000, 147.000000, 146.000000, 146.000000, 21
2020/06/17 10:17, 146.500000, 146.500000, 146.000000, 146.500000, 4
2020/06/17 10:18, 146.500000, 146.500000, 146.500000, 146.500000, 3
2020/06/17 10:19, 146.500000, 146.500000, 146.500000, 146.500000, 3
2020/06/17 10:20, 146.500000, 147.000000, 146.500000, 147.000000, 45
2020/06/17 10:21, 147.000000, 147.000000, 146.500000, 147.000000, 64
2020/06/17 10:22, 147.000000, 148.000000, 147.000000, 147.500000, 302
2020/06/17 10:23, 147.500000, 148.000000, 147.000000, 148.000000, 44
2020/06/17 10:24, 148.000000, 148.000000, 147.000000, 147.000000, 11
2020/06/17 10:25, 147.000000, 147.000000, 147.000000, 147.000000, 8
2020/06/17 10:26, 147.000000, 147.000000, 147.000000, 147.000000, 16
2020/06/17 10:27, 147.000000, 147.500000, 147.000000, 147.000000, 41
2020/06/17 10:28, 147.000000, 147.000000, 147.000000, 147.000000, 7
2020/06/17 10:29, 147.000000, 147.500000, 147.000000, 147.000000, 6
2020/06/17 10:30, 147.000000, 147.000000, 147.000000, 147.000000, 2
2020/06/17 10:31, 147.000000, 147.000000, 147.000000, 147.000000, 20
2020/06/17 10:32, 146.500000, 146.500000, 146.500000, 146.500000, 3
2020/06/17 10:33, 147.000000, 147.000000, 147.000000, 147.000000, 2
2020/06/17 10:34, 147.000000, 147.000000, 147.000000, 147.000000, 0
2020/06/17 10:35, 146.500000, 146.500000, 146.500000, 146.500000, 27
2020/06/17 10:36, 146.500000, 146.500000, 146.000000, 146.500000, 25
2020/06/17 10:37, 146.000000, 146.000000, 146.000000, 146.000000, 1
2020/06/17 10:38, 146.500000, 146.500000, 146.500000, 146.500000, 4
2020/06/17 10:39, 146.500000, 146.500000, 146.500000, 146.500000, 0
2020/06/17 10:40, 146.000000, 146.500000, 146.000000, 146.000000, 11
2020/06/17 10:41, 146.000000, 146.500000, 146.000000, 146.500000, 8
2020/06/17 10:42, 146.000000, 146.500000, 146.000000, 146.000000, 28
2020/06/17 10:43, 146.000000, 146.000000, 146.000000, 146.000000, 36
2020/06/17 10:44, 146.500000, 146.500000, 146.500000, 146.500000, 2
2020/06/17 10:45, 146.500000, 146.500000, 146.000000, 146.000000, 7
2020/06/17 10:46, 146.000000, 146.000000, 146.000000, 146.000000, 8
2020/06/17 10:47, 146.000000, 146.000000, 146.000000, 146.000000, 8
2020/06/17 10:48, 146.000000, 146.000000, 146.000000, 146.000000, 1
2020/06/17 10:49, 145.500000, 146.000000, 145.500000, 146.000000, 5
2020/06/17 10:50, 146.000000, 146.500000, 146.000000, 146.000000, 42
2020/06/17 10:51, 146.000000, 146.000000, 146.000000, 146.000000, 2
2020/06/17 10:52, 146.500000, 146.500000, 146.500000, 146.500000, 3
2020/06/17 10:53, 146.500000, 146.500000, 146.000000, 146.500000, 3
2020/06/17 10:54, 146.500000, 146.500000, 146.000000, 146.500000, 24
2020/06/17 10:55, 147.000000, 147.000000, 146.500000, 147.000000, 23
2020/06/17 10:56, 147.000000, 147.000000, 147.000000, 147.000000, 7
2020/06/17 10:57, 147.000000, 147.500000, 147.000000, 147.500000, 78
2020/06/17 10:58, 147.500000, 148.000000, 147.500000, 147.500000, 133
2020/06/17 10:59, 147.500000, 147.500000, 147.500000, 147.500000, 48
2020/06/17 11:00, 147.500000, 147.500000, 147.000000, 147.500000, 18
2020/06/17 11:01, 147.500000, 147.500000, 147.000000, 147.000000, 7
2020/06/17 11:02, 147.500000, 147.500000, 147.000000, 147.500000, 8
2020/06/17 11:03, 147.500000, 147.500000, 147.000000, 147.500000, 32
2020/06/17 11:04, 147.500000, 147.500000, 147.000000, 147.500000, 25
2020/06/17 11:05, 147.000000, 147.500000, 147.000000, 147.000000, 12
2020/06/17 11:06, 147.500000, 147.500000, 147.000000, 147.000000, 11
2020/06/17 11:07, 147.000000, 147.000000, 147.000000, 147.000000, 2
2020/06/17 11:08, 147.000000, 147.500000, 146.500000, 146.500000, 27
2020/06/17 11:09, 147.000000, 147.000000, 147.000000, 147.000000, 6
2020/06/17 11:10, 147.000000, 147.000000, 147.000000, 147.000000, 8
2020/06/17 11:11, 147.000000, 147.500000, 147.000000, 147.000000, 13
2020/06/17 11:12, 147.000000, 147.500000, 147.000000, 147.000000, 9
2020/06/17 11:13, 147.000000, 147.000000, 147.000000, 147.000000, 4
2020/06/17 11:14, 147.000000, 147.000000, 147.000000, 147.000000, 1
2020/06/17 11:15, 147.000000, 147.000000, 147.000000, 147.000000, 12
2020/06/17 11:16, 147.000000, 147.500000, 147.000000, 147.500000, 15
2020/06/17 11:17, 147.500000, 148.000000, 147.000000, 148.000000, 88
2020/06/17 11:18, 148.000000, 148.000000, 147.500000, 147.500000, 14
2020/06/17 11:19, 147.500000, 148.000000, 147.500000, 148.000000, 24
2020/06/17 11:20, 148.000000, 149.500000, 147.500000, 149.500000, 615
2020/06/17 11:21, 149.500000, 149.500000, 148.500000, 149.000000, 88
2020/06/17 11:22, 149.000000, 149.000000, 148.500000, 148.500000, 32
2020/06/17 11:23, 148.500000, 148.500000, 148.500000, 148.500000, 5
2020/06/17 11:24, 148.500000, 148.500000, 148.000000, 148.500000, 32
2020/06/17 11:25, 148.500000, 149.000000, 148.500000, 148.500000, 12
2020/06/17 11:26, 148.500000, 148.500000, 148.500000, 148.500000, 8
2020/06/17 11:27, 148.500000, 148.500000, 148.500000, 148.500000, 23
2020/06/17 11:28, 149.000000, 149.500000, 148.500000, 149.000000, 211
2020/06/17 11:29, 148.500000, 149.000000, 148.500000, 149.000000, 21
2020/06/17 11:30, 149.000000, 149.500000, 149.000000, 149.500000, 97
2020/06/17 11:31, 149.500000, 150.000000, 149.500000, 150.000000, 23
2020/06/17 11:32, 149.500000, 150.000000, 149.000000, 149.500000, 97
2020/06/17 11:33, 149.500000, 149.500000, 149.000000, 149.000000, 23
2020/06/17 11:34, 149.500000, 149.500000, 149.000000, 149.500000, 13
2020/06/17 11:35, 149.500000, 149.500000, 148.500000, 148.500000, 28
2020/06/17 11:36, 148.500000, 149.500000, 148.500000, 149.000000, 20
2020/06/17 11:37, 149.000000, 149.000000, 149.000000, 149.000000, 11
2020/06/17 11:38, 149.000000, 149.000000, 148.500000, 148.500000, 38
2020/06/17 11:39, 148.500000, 148.500000, 148.000000, 148.000000, 7
2020/06/17 11:40, 148.500000, 148.500000, 148.500000, 148.500000, 3
2020/06/17 11:41, 148.500000, 149.000000, 148.500000, 149.000000, 18
2020/06/17 11:42, 149.000000, 149.000000, 148.500000, 148.500000, 10
2020/06/17 11:43, 148.500000, 148.500000, 148.500000, 148.500000, 2
2020/06/17 11:44, 148.500000, 148.500000, 148.500000, 148.500000, 11
2020/06/17 11:45, 148.000000, 148.500000, 148.000000, 148.000000, 21
2020/06/17 11:46, 148.000000, 148.500000, 148.000000, 148.500000, 3
2020/06/17 11:47, 148.500000, 149.000000, 148.500000, 148.500000, 23
2020/06/17 11:48, 148.500000, 148.500000, 148.500000, 148.500000, 3
2020/06/17 11:49, 149.000000, 149.000000, 148.500000, 148.500000, 2
2020/06/17 11:50, 149.000000, 149.000000, 148.500000, 149.000000, 42
2020/06/17 11:51, 149.000000, 149.500000, 149.000000, 149.000000, 50
2020/06/17 11:52, 149.000000, 149.000000, 149.000000, 149.000000, 11
2020/06/17 11:53, 149.000000, 149.000000, 149.000000, 149.000000, 6
2020/06/17 11:54, 148.500000, 148.500000, 148.500000, 148.500000, 27
2020/06/17 11:55, 148.500000, 148.500000, 148.500000, 148.500000, 2
2020/06/17 11:56, 148.000000, 148.000000, 148.000000, 148.000000, 4
2020/06/17 11:57, 148.000000, 148.000000, 147.500000, 147.500000, 43
2020/06/17 11:58, 147.500000, 148.000000, 147.500000, 148.000000, 10
2020/06/17 11:59, 148.000000, 148.000000, 147.500000, 148.000000, 15
2020/06/17 12:00, 148.000000, 148.000000, 147.500000, 148.000000, 9
2020/06/17 12:01, 148.000000, 148.000000, 148.000000, 148.000000, 2
2020/06/17 12:02, 148.000000, 148.000000, 148.000000, 148.000000, 8
2020/06/17 12:03, 148.000000, 148.000000, 148.000000, 148.000000, 3
2020/06/17 12:04, 148.000000, 148.000000, 148.000000, 148.000000, 3
2020/06/17 12:05, 148.000000, 148.000000, 148.000000, 148.000000, 4
2020/06/17 12:06, 148.500000, 148.500000, 148.000000, 148.000000, 33
2020/06/17 12:07, 148.500000, 148.500000, 148.500000, 148.500000, 4
2020/06/17 12:08, 148.500000, 148.500000, 148.500000, 148.500000, 2
2020/06/17 12:09, 148.500000, 149.000000, 148.500000, 149.000000, 22
2020/06/17 12:10, 149.000000, 149.500000, 148.500000, 149.000000, 59
2020/06/17 12:11, 149.000000, 149.000000, 148.500000, 149.000000, 10
2020/06/17 12:12, 149.000000, 149.000000, 149.000000, 149.000000, 0
2020/06/17 12:13, 149.000000, 149.000000, 149.000000, 149.000000, 0
2020/06/17 12:14, 149.000000, 149.000000, 149.000000, 149.000000, 4
2020/06/17 12:15, 149.000000, 149.000000, 149.000000, 149.000000, 0
2020/06/17 12:16, 149.000000, 149.000000, 148.500000, 148.500000, 21
2020/06/17 12:17, 149.000000, 149.000000, 149.000000, 149.000000, 7
2020/06/17 12:18, 149.000000, 149.000000, 148.500000, 148.500000, 8
2020/06/17 12:19, 148.500000, 149.000000, 148.500000, 149.000000, 17
2020/06/17 12:20, 148.500000, 148.500000, 148.500000, 148.500000, 8
2020/06/17 12:21, 148.500000, 148.500000, 148.500000, 148.500000, 28
2020/06/17 12:22, 148.500000, 148.500000, 148.500000, 148.500000, 7
2020/06/17 12:23, 148.500000, 148.500000, 148.500000, 148.500000, 12
2020/06/17 12:24, 148.500000, 148.500000, 148.500000, 148.500000, 7
2020/06/17 12:25, 148.500000, 149.000000, 148.500000, 149.000000, 8
2020/06/17 12:26, 149.000000, 149.000000, 149.000000, 149.000000, 0
2020/06/17 12:27, 149.000000, 149.000000, 149.000000, 149.000000, 1
2020/06/17 12:28, 149.000000, 149.000000, 149.000000, 149.000000, 2
2020/06/17 12:29, 149.000000, 149.500000, 148.500000, 149.500000, 57
2020/06/17 12:30, 149.500000, 149.500000, 149.000000, 149.000000, 9
2020/06/17 12:31, 149.500000, 149.500000, 149.500000, 149.500000, 10
2020/06/17 12:32, 149.500000, 149.500000, 149.000000, 149.000000, 18
2020/06/17 12:33, 149.000000, 149.000000, 149.000000, 149.000000, 17
2020/06/17 12:34, 149.000000, 149.000000, 148.500000, 149.000000, 15
2020/06/17 12:35, 149.000000, 149.000000, 149.000000, 149.000000, 6
2020/06/17 12:36, 149.000000, 149.000000, 149.000000, 149.000000, 0
2020/06/17 12:37, 149.000000, 149.000000, 148.500000, 149.000000, 6
2020/06/17 12:38, 149.000000, 149.000000, 149.000000, 149.000000, 1
2020/06/17 12:39, 149.000000, 149.000000, 149.000000, 149.000000, 12
2020/06/17 12:40, 149.000000, 149.000000, 149.000000, 149.000000, 14
2020/06/17 12:41, 149.000000, 149.500000, 149.000000, 149.000000, 14
2020/06/17 12:42, 149.000000, 149.000000, 149.000000, 149.000000, 5
2020/06/17 12:43, 148.500000, 149.000000, 148.500000, 149.000000, 3
2020/06/17 12:44, 149.000000, 149.000000, 148.500000, 148.500000, 4
2020/06/17 12:45, 148.500000, 148.500000, 148.500000, 148.500000, 18
2020/06/17 12:46, 148.500000, 148.500000, 148.500000, 148.500000, 10
2020/06/17 12:47, 148.500000, 148.500000, 148.500000, 148.500000, 3
2020/06/17 12:48, 148.500000, 148.500000, 148.500000, 148.500000, 12
2020/06/17 12:49, 148.500000, 148.500000, 148.500000, 148.500000, 1
2020/06/17 12:50, 148.500000, 148.500000, 148.500000, 148.500000, 1
2020/06/17 12:51, 148.500000, 148.500000, 148.500000, 148.500000, 2
2020/06/17 12:52, 148.500000, 148.500000, 148.000000, 148.000000, 9
2020/06/17 12:53, 148.000000, 148.000000, 148.000000, 148.000000, 4
2020/06/17 12:54, 148.000000, 148.500000, 147.500000, 147.500000, 50
2020/06/17 12:55, 147.500000, 147.500000, 147.500000, 147.500000, 3
2020/06/17 12:56, 147.500000, 147.500000, 147.500000, 147.500000, 22
2020/06/17 12:57, 147.500000, 148.000000, 147.000000, 147.500000, 22
2020/06/17 12:58, 147.500000, 147.500000, 147.500000, 147.500000, 3
2020/06/17 12:59, 147.500000, 147.500000, 147.500000, 147.500000, 4
2020/06/17 13:00, 147.500000, 148.000000, 147.500000, 148.000000, 16
2020/06/17 13:01, 148.000000, 148.500000, 148.000000, 148.500000, 4
2020/06/17 13:02, 148.500000, 148.500000, 148.000000, 148.000000, 15
2020/06/17 13:03, 148.000000, 148.000000, 148.000000, 148.000000, 2
2020/06/17 13:04, 148.000000, 148.000000, 148.000000, 148.000000, 3
2020/06/17 13:05, 148.000000, 148.000000, 147.500000, 147.500000, 17
2020/06/17 13:06, 147.500000, 147.500000, 147.500000, 147.500000, 7
2020/06/17 13:07, 148.000000, 148.500000, 147.500000, 148.000000, 39
2020/06/17 13:08, 148.500000, 148.500000, 148.000000, 148.000000, 2
2020/06/17 13:09, 148.500000, 148.500000, 148.000000, 148.000000, 75
2020/06/17 13:10, 149.000000, 149.000000, 148.000000, 148.500000, 20
2020/06/17 13:11, 148.500000, 149.000000, 148.500000, 148.500000, 31
2020/06/17 13:12, 148.500000, 149.000000, 148.500000, 149.000000, 14
2020/06/17 13:13, 148.500000, 149.000000, 148.500000, 148.500000, 14
2020/06/17 13:14, 148.500000, 149.000000, 148.500000, 148.500000, 37
2020/06/17 13:15, 148.500000, 149.000000, 148.000000, 148.000000, 10
2020/06/17 13:16, 148.500000, 148.500000, 148.000000, 148.000000, 5
2020/06/17 13:17, 148.000000, 148.000000, 148.000000, 148.000000, 4
2020/06/17 13:18, 148.000000, 148.000000, 148.000000, 148.000000, 22
2020/06/17 13:19, 148.000000, 148.000000, 147.500000, 147.500000, 7
2020/06/17 13:20, 148.000000, 148.000000, 148.000000, 148.000000, 17
2020/06/17 13:21, 148.500000, 148.500000, 148.000000, 148.500000, 38
2020/06/17 13:22, 148.000000, 148.500000, 148.000000, 148.000000, 13
2020/06/17 13:23, 148.500000, 148.500000, 148.000000, 148.000000, 9
2020/06/17 13:24, 148.000000, 148.500000, 148.000000, 148.500000, 16
2020/06/17 13:25, 148.000000, 148.500000, 147.500000, 148.000000, 44
2020/06/17 13:26, 148.000000, 148.000000, 148.000000, 148.000000, 0
2020/06/17 13:27, 148.000000, 148.000000, 148.000000, 148.000000, 0
2020/06/17 13:28, 148.000000, 148.000000, 148.000000, 148.000000, 0
2020/06/17 13:29, 148.000000, 148.000000, 148.000000, 148.000000, 0
2020/06/17 13:30, 148.000000, 148.000000, 148.000000, 148.000000, 253
2020/06/18 09:01, 146.500000, 147.500000, 146.500000, 147.000000, 215
2020/06/18 09:02, 147.000000, 147.000000, 146.000000, 146.500000, 96
2020/06/18 09:03, 146.500000, 147.000000, 146.000000, 146.000000, 69
2020/06/18 09:04, 146.000000, 146.500000, 145.500000, 146.000000, 133
2020/06/18 09:05, 145.500000, 146.500000, 145.500000, 146.500000, 82
2020/06/18 09:06, 146.500000, 147.000000, 146.000000, 146.500000, 61
2020/06/18 09:07, 146.500000, 147.000000, 146.500000, 146.500000, 47
2020/06/18 09:08, 147.000000, 147.000000, 146.500000, 147.000000, 31
2020/06/18 09:09, 147.000000, 147.500000, 146.000000, 146.500000, 100
2020/06/18 09:10, 146.000000, 146.000000, 146.000000, 146.000000, 18
2020/06/18 09:11, 146.500000, 146.500000, 146.000000, 146.500000, 56
2020/06/18 09:12, 146.500000, 146.500000, 146.000000, 146.500000, 30
2020/06/18 09:13, 146.500000, 146.500000, 146.500000, 146.500000, 15
2020/06/18 09:14, 146.500000, 146.500000, 146.500000, 146.500000, 9
2020/06/18 09:15, 146.500000, 146.500000, 146.500000, 146.500000, 28
2020/06/18 09:16, 146.500000, 146.500000, 146.500000, 146.500000, 14
2020/06/18 09:17, 146.500000, 147.000000, 146.500000, 147.000000, 9
2020/06/18 09:18, 146.500000, 147.500000, 146.500000, 147.500000, 19
2020/06/18 09:19, 147.500000, 147.500000, 147.000000, 147.500000, 11
2020/06/18 09:20, 147.000000, 148.000000, 147.000000, 147.500000, 46
2020/06/18 09:21, 147.500000, 148.000000, 147.500000, 148.000000, 49
2020/06/18 09:22, 148.000000, 148.500000, 147.500000, 148.000000, 66
2020/06/18 09:23, 148.000000, 148.000000, 147.500000, 147.500000, 9
2020/06/18 09:24, 148.000000, 148.000000, 147.000000, 147.000000, 110
2020/06/18 09:25, 147.000000, 147.500000, 147.000000, 147.000000, 60
2020/06/18 09:26, 147.000000, 147.000000, 147.000000, 147.000000, 18
2020/06/18 09:27, 147.000000, 147.000000, 146.500000, 147.000000, 32
2020/06/18 09:28, 146.500000, 147.000000, 146.500000, 147.000000, 6
2020/06/18 09:29, 147.000000, 147.000000, 147.000000, 147.000000, 18
2020/06/18 09:30, 147.000000, 147.000000, 147.000000, 147.000000, 11
2020/06/18 09:31, 147.000000, 147.000000, 147.000000, 147.000000, 8
2020/06/18 09:32, 147.000000, 147.000000, 146.500000, 146.500000, 27
2020/06/18 09:33, 147.000000, 147.000000, 147.000000, 147.000000, 2
2020/06/18 09:34, 147.000000, 147.000000, 147.000000, 147.000000, 1
2020/06/18 09:35, 146.500000, 147.000000, 146.500000, 146.500000, 22
2020/06/18 09:36, 146.500000, 147.000000, 146.000000, 146.000000, 41
2020/06/18 09:37, 146.500000, 146.500000, 146.000000, 146.000000, 15
2020/06/18 09:38, 146.000000, 146.500000, 146.000000, 146.500000, 22
2020/06/18 09:39, 146.500000, 146.500000, 146.000000, 146.500000, 25
2020/06/18 09:40, 146.500000, 146.500000, 146.500000, 146.500000, 23
2020/06/18 09:41, 146.500000, 147.000000, 146.500000, 146.500000, 13
2020/06/18 09:42, 146.500000, 146.500000, 146.500000, 146.500000, 7
2020/06/18 09:43, 146.500000, 146.500000, 146.500000, 146.500000, 6
2020/06/18 09:44, 146.500000, 146.500000, 146.500000, 146.500000, 4
2020/06/18 09:45, 146.500000, 146.500000, 146.000000, 146.500000, 13
2020/06/18 09:46, 146.500000, 146.500000, 146.000000, 146.000000, 18
2020/06/18 09:47, 146.500000, 146.500000, 146.000000, 146.500000, 16
2020/06/18 09:48, 146.500000, 146.500000, 146.500000, 146.500000, 5
2020/06/18 09:49, 146.500000, 146.500000, 146.500000, 146.500000, 1
2020/06/18 09:50, 146.500000, 146.500000, 146.500000, 146.500000, 1
2020/06/18 09:51, 146.500000, 146.500000, 146.500000, 146.500000, 0
2020/06/18 09:52, 146.500000, 147.000000, 146.500000, 147.000000, 6
2020/06/18 09:53, 146.500000, 147.000000, 146.500000, 147.000000, 2
2020/06/18 09:54, 147.000000, 147.000000, 147.000000, 147.000000, 0
2020/06/18 09:55, 147.000000, 147.000000, 147.000000, 147.000000, 0
2020/06/18 09:56, 147.000000, 147.000000, 147.000000, 147.000000, 3
2020/06/18 09:57, 147.000000, 147.000000, 147.000000, 147.000000, 8
2020/06/18 09:58, 146.500000, 147.000000, 146.500000, 147.000000, 25
2020/06/18 09:59, 147.000000, 147.500000, 146.500000, 147.500000, 14
2020/06/18 10:00, 147.500000, 147.500000, 147.000000, 147.500000, 15
2020/06/18 10:01, 147.000000, 147.500000, 147.000000, 147.500000, 16
2020/06/18 10:02, 147.000000, 147.000000, 147.000000, 147.000000, 1
2020/06/18 10:03, 147.000000, 147.000000, 147.000000, 147.000000, 6
2020/06/18 10:04, 147.000000, 147.000000, 147.000000, 147.000000, 1
2020/06/18 10:05, 147.000000, 147.000000, 147.000000, 147.000000, 2
2020/06/18 10:06, 147.500000, 147.500000, 147.500000, 147.500000, 1
2020/06/18 10:07, 147.500000, 147.500000, 147.000000, 147.000000, 5
2020/06/18 10:08, 147.000000, 147.000000, 147.000000, 147.000000, 0
2020/06/18 10:09, 147.000000, 147.000000, 147.000000, 147.000000, 1
2020/06/18 10:10, 147.000000, 147.500000, 147.000000, 147.000000, 6
2020/06/18 10:11, 147.000000, 147.000000, 147.000000, 147.000000, 8
2020/06/18 10:12, 147.000000, 147.000000, 147.000000, 147.000000, 1
2020/06/18 10:13, 147.000000, 147.000000, 147.000000, 147.000000, 1
2020/06/18 10:14, 147.000000, 147.500000, 147.000000, 147.500000, 7
2020/06/18 10:15, 147.500000, 147.500000, 147.500000, 147.500000, 4
2020/06/18 10:16, 147.500000, 147.500000, 147.500000, 147.500000, 9
2020/06/18 10:17, 147.500000, 148.000000, 147.000000, 147.500000, 48
2020/06/18 10:18, 147.500000, 147.500000, 147.500000, 147.500000, 1
2020/06/18 10:19, 147.500000, 147.500000, 147.000000, 147.500000, 6
2020/06/18 10:20, 147.500000, 147.500000, 147.500000, 147.500000, 4
2020/06/18 10:21, 147.500000, 147.500000, 147.000000, 147.000000, 3
2020/06/18 10:22, 147.000000, 147.000000, 147.000000, 147.000000, 2
2020/06/18 10:23, 147.500000, 147.500000, 147.000000, 147.500000, 6
2020/06/18 10:24, 147.000000, 147.000000, 147.000000, 147.000000, 1
2020/06/18 10:25, 147.000000, 147.000000, 147.000000, 147.000000, 0
2020/06/18 10:26, 147.500000, 147.500000, 147.500000, 147.500000, 2
2020/06/18 10:27, 147.500000, 147.500000, 147.500000, 147.500000, 1
2020/06/18 10:28, 147.500000, 147.500000, 147.500000, 147.500000, 1
2020/06/18 10:29, 147.000000, 147.000000, 146.500000, 146.500000, 49
2020/06/18 10:30, 146.500000, 146.500000, 146.000000, 146.000000, 42
2020/06/18 10:31, 146.500000, 146.500000, 146.000000, 146.000000, 3
2020/06/18 10:32, 146.500000, 146.500000, 146.500000, 146.500000, 4
2020/06/18 10:33, 146.500000, 146.500000, 146.500000, 146.500000, 14
2020/06/18 10:34, 146.500000, 146.500000, 146.000000, 146.500000, 9
2020/06/18 10:35, 146.500000, 146.500000, 146.500000, 146.500000, 6
2020/06/18 10:36, 146.500000, 146.500000, 146.500000, 146.500000, 0
2020/06/18 10:37, 146.500000, 146.500000, 146.500000, 146.500000, 0
2020/06/18 10:38, 147.000000, 147.000000, 147.000000, 147.000000, 1
2020/06/18 10:39, 146.500000, 146.500000, 146.500000, 146.500000, 1
2020/06/18 10:40, 146.500000, 146.500000, 146.500000, 146.500000, 0
2020/06/18 10:41, 147.000000, 147.000000, 146.500000, 146.500000, 3
2020/06/18 10:42, 146.500000, 146.500000, 146.500000, 146.500000, 1
2020/06/18 10:43, 146.500000, 146.500000, 146.500000, 146.500000, 2
2020/06/18 10:44, 146.500000, 147.000000, 146.500000, 147.000000, 11
2020/06/18 10:45, 147.000000, 147.000000, 147.000000, 147.000000, 0
2020/06/18 10:46, 147.000000, 147.000000, 146.000000, 146.000000, 25
2020/06/18 10:47, 146.000000, 146.500000, 146.000000, 146.500000, 4
2020/06/18 10:48, 146.500000, 146.500000, 146.000000, 146.500000, 25
2020/06/18 10:49, 146.500000, 146.500000, 146.000000, 146.500000, 3
2020/06/18 10:50, 147.000000, 147.000000, 147.000000, 147.000000, 2
2020/06/18 10:51, 147.000000, 147.000000, 146.500000, 146.500000, 10
2020/06/18 10:52, 146.500000, 146.500000, 146.500000, 146.500000, 3
2020/06/18 10:53, 146.500000, 146.500000, 145.000000, 145.500000, 290
2020/06/18 10:54, 145.500000, 146.000000, 145.500000, 145.500000, 15
2020/06/18 10:55, 146.000000, 146.000000, 145.500000, 145.500000, 6
2020/06/18 10:56, 145.500000, 146.000000, 145.500000, 146.000000, 16
2020/06/18 10:57, 145.500000, 146.000000, 145.500000, 146.000000, 15
2020/06/18 10:58, 146.500000, 146.500000, 146.500000, 146.500000, 6
2020/06/18 10:59, 146.500000, 147.000000, 146.000000, 146.500000, 17
2020/06/18 11:00, 146.500000, 146.500000, 146.500000, 146.500000, 4
2020/06/18 11:01, 146.500000, 146.500000, 146.500000, 146.500000, 1
2020/06/18 11:02, 146.000000, 146.000000, 146.000000, 146.000000, 3
2020/06/18 11:03, 146.000000, 146.000000, 146.000000, 146.000000, 2
2020/06/18 11:04, 146.000000, 146.000000, 146.000000, 146.000000, 6
2020/06/18 11:05, 146.000000, 146.000000, 146.000000, 146.000000, 8
2020/06/18 11:06, 146.000000, 146.000000, 145.500000, 146.000000, 9
2020/06/18 11:07, 146.000000, 146.000000, 146.000000, 146.000000, 2
2020/06/18 11:08, 146.000000, 146.000000, 146.000000, 146.000000, 1
2020/06/18 11:09, 146.500000, 146.500000, 145.500000, 145.500000, 3
2020/06/18 11:10, 145.500000, 145.500000, 145.500000, 145.500000, 1
2020/06/18 11:11, 146.000000, 146.000000, 146.000000, 146.000000, 8
2020/06/18 11:12, 146.000000, 146.000000, 146.000000, 146.000000, 1
2020/06/18 11:13, 146.000000, 146.000000, 146.000000, 146.000000, 1
2020/06/18 11:14, 146.000000, 146.000000, 146.000000, 146.000000, 0
2020/06/18 11:15, 146.000000, 146.000000, 146.000000, 146.000000, 0
2020/06/18 11:16, 146.000000, 146.000000, 146.000000, 146.000000, 3
2020/06/18 11:17, 146.000000, 146.000000, 146.000000, 146.000000, 20
2020/06/18 11:18, 146.000000, 146.000000, 146.000000, 146.000000, 2
2020/06/18 11:19, 146.000000, 146.000000, 146.000000, 146.000000, 5
2020/06/18 11:20, 146.000000, 146.000000, 145.500000, 146.000000, 6
2020/06/18 11:21, 146.000000, 146.000000, 145.500000, 146.000000, 8
2020/06/18 11:22, 146.000000, 146.000000, 146.000000, 146.000000, 0
2020/06/18 11:23, 146.000000, 146.000000, 145.500000, 145.500000, 6
2020/06/18 11:24, 145.500000, 145.500000, 145.500000, 145.500000, 1
2020/06/18 11:25, 145.500000, 146.000000, 145.500000, 145.500000, 4
2020/06/18 11:26, 145.500000, 145.500000, 145.000000, 145.500000, 116
2020/06/18 11:27, 145.500000, 145.500000, 145.500000, 145.500000, 5
2020/06/18 11:28, 145.500000, 145.500000, 145.000000, 145.000000, 9
2020/06/18 11:29, 145.000000, 145.500000, 144.500000, 144.500000, 171
2020/06/18 11:30, 144.500000, 145.000000, 144.500000, 145.000000, 30
2020/06/18 11:31, 144.500000, 145.000000, 144.500000, 145.000000, 22
2020/06/18 11:32, 145.000000, 145.000000, 144.500000, 145.000000, 23
2020/06/18 11:33, 145.000000, 145.000000, 145.000000, 145.000000, 8
2020/06/18 11:34, 145.000000, 145.000000, 145.000000, 145.000000, 13
2020/06/18 11:35, 145.000000, 145.500000, 145.000000, 145.500000, 3
2020/06/18 11:36, 145.500000, 145.500000, 145.500000, 145.500000, 2
2020/06/18 11:37, 145.500000, 145.500000, 145.500000, 145.500000, 1
2020/06/18 11:38, 145.500000, 145.500000, 145.500000, 145.500000, 0
2020/06/18 11:39, 145.500000, 145.500000, 145.500000, 145.500000, 0
2020/06/18 11:40, 145.500000, 145.500000, 145.500000, 145.500000, 0
2020/06/18 11:41, 145.500000, 145.500000, 145.500000, 145.500000, 0
2020/06/18 11:42, 145.500000, 145.500000, 145.500000, 145.500000, 1
2020/06/18 11:43, 145.000000, 145.500000, 145.000000, 145.500000, 13
2020/06/18 11:44, 145.000000, 145.000000, 145.000000, 145.000000, 3
2020/06/18 11:45, 145.000000, 145.000000, 145.000000, 145.000000, 1
2020/06/18 11:46, 145.000000, 145.000000, 145.000000, 145.000000, 2
2020/06/18 11:47, 145.000000, 145.000000, 145.000000, 145.000000, 6
2020/06/18 11:48, 145.000000, 145.500000, 145.000000, 145.500000, 3
2020/06/18 11:49, 145.500000, 145.500000, 145.000000, 145.500000, 6
2020/06/18 11:50, 145.500000, 145.500000, 145.500000, 145.500000, 6
2020/06/18 11:51, 145.000000, 145.500000, 145.000000, 145.000000, 12
2020/06/18 11:52, 145.500000, 145.500000, 145.000000, 145.500000, 40
2020/06/18 11:53, 145.500000, 145.500000, 144.500000, 144.500000, 23
2020/06/18 11:54, 145.000000, 145.000000, 144.500000, 144.500000, 10
2020/06/18 11:55, 145.000000, 145.000000, 145.000000, 145.000000, 11
2020/06/18 11:56, 145.000000, 145.000000, 145.000000, 145.000000, 16
2020/06/18 11:57, 145.000000, 145.000000, 145.000000, 145.000000, 4
2020/06/18 11:58, 145.000000, 145.500000, 145.000000, 145.500000, 6
2020/06/18 11:59, 145.000000, 145.000000, 145.000000, 145.000000, 7
2020/06/18 12:00, 145.000000, 145.000000, 145.000000, 145.000000, 2
2020/06/18 12:01, 145.000000, 145.000000, 144.500000, 145.000000, 29
2020/06/18 12:02, 145.000000, 145.000000, 145.000000, 145.000000, 3
2020/06/18 12:03, 145.000000, 145.000000, 145.000000, 145.000000, 8
2020/06/18 12:04, 145.000000, 145.000000, 145.000000, 145.000000, 4
2020/06/18 12:05, 145.000000, 145.000000, 145.000000, 145.000000, 5
2020/06/18 12:06, 145.000000, 145.000000, 144.500000, 145.000000, 12
2020/06/18 12:07, 145.000000, 145.000000, 145.000000, 145.000000, 2
2020/06/18 12:08, 145.000000, 145.000000, 145.000000, 145.000000, 5
2020/06/18 12:09, 145.000000, 145.000000, 145.000000, 145.000000, 3
2020/06/18 12:10, 145.000000, 145.000000, 145.000000, 145.000000, 17
2020/06/18 12:11, 145.000000, 145.000000, 145.000000, 145.000000, 9
2020/06/18 12:12, 145.000000, 145.000000, 144.500000, 145.000000, 6
2020/06/18 12:13, 145.000000, 145.000000, 145.000000, 145.000000, 0
2020/06/18 12:14, 145.000000, 145.000000, 145.000000, 145.000000, 7
2020/06/18 12:15, 145.000000, 145.000000, 145.000000, 145.000000, 3
2020/06/18 12:16, 145.000000, 145.500000, 145.000000, 145.000000, 15
2020/06/18 12:17, 145.000000, 145.000000, 145.000000, 145.000000, 4
2020/06/18 12:18, 145.000000, 145.000000, 145.000000, 145.000000, 13
2020/06/18 12:19, 145.000000, 145.000000, 145.000000, 145.000000, 22
2020/06/18 12:20, 145.000000, 145.000000, 144.500000, 145.000000, 8
2020/06/18 12:21, 145.000000, 145.000000, 145.000000, 145.000000, 3
2020/06/18 12:22, 145.000000, 145.500000, 145.000000, 145.000000, 3
2020/06/18 12:23, 144.500000, 145.000000, 144.000000, 144.000000, 142
2020/06/18 12:24, 144.000000, 144.500000, 144.000000, 144.500000, 22
2020/06/18 12:25, 144.000000, 144.500000, 144.000000, 144.500000, 6
2020/06/18 12:26, 144.500000, 144.500000, 144.500000, 144.500000, 15
2020/06/18 12:27, 144.500000, 144.500000, 144.500000, 144.500000, 3
2020/06/18 12:28, 144.500000, 144.500000, 144.000000, 144.500000, 19
2020/06/18 12:29, 144.500000, 145.000000, 144.500000, 145.000000, 7
2020/06/18 12:30, 144.500000, 145.000000, 144.500000, 145.000000, 10
2020/06/18 12:31, 145.000000, 145.000000, 145.000000, 145.000000, 2
2020/06/18 12:32, 144.500000, 144.500000, 144.500000, 144.500000, 22
2020/06/18 12:33, 144.500000, 144.500000, 144.000000, 144.000000, 5
2020/06/18 12:34, 144.500000, 144.500000, 144.500000, 144.500000, 6
2020/06/18 12:35, 144.500000, 144.500000, 144.500000, 144.500000, 2
2020/06/18 12:36, 144.500000, 144.500000, 144.500000, 144.500000, 7
2020/06/18 12:37, 144.500000, 144.500000, 144.500000, 144.500000, 6
2020/06/18 12:38, 144.500000, 144.500000, 144.500000, 144.500000, 22
2020/06/18 12:39, 144.500000, 144.500000, 144.500000, 144.500000, 2
2020/06/18 12:40, 144.500000, 144.500000, 144.000000, 144.500000, 6
2020/06/18 12:41, 144.500000, 144.500000, 144.000000, 144.500000, 40
2020/06/18 12:42, 144.500000, 144.500000, 144.500000, 144.500000, 33
2020/06/18 12:43, 144.500000, 144.500000, 144.000000, 144.500000, 17
2020/06/18 12:44, 144.500000, 144.500000, 144.000000, 144.000000, 17
2020/06/18 12:45, 144.500000, 144.500000, 144.500000, 144.500000, 1
2020/06/18 12:46, 144.500000, 144.500000, 144.000000, 144.500000, 8
2020/06/18 12:47, 144.500000, 144.500000, 144.000000, 144.000000, 12
2020/06/18 12:48, 144.500000, 144.500000, 144.500000, 144.500000, 9
2020/06/18 12:49, 144.500000, 145.000000, 144.500000, 144.500000, 5
2020/06/18 12:50, 144.500000, 144.500000, 144.500000, 144.500000, 1
2020/06/18 12:51, 144.500000, 144.500000, 144.500000, 144.500000, 18
2020/06/18 12:52, 144.500000, 144.500000, 144.000000, 144.500000, 8
2020/06/18 12:53, 144.500000, 144.500000, 144.500000, 144.500000, 7
2020/06/18 12:54, 144.500000, 145.000000, 144.500000, 145.000000, 21
2020/06/18 12:55, 145.000000, 145.000000, 144.500000, 145.000000, 3
2020/06/18 12:56, 145.000000, 145.000000, 145.000000, 145.000000, 1
2020/06/18 12:57, 145.000000, 145.000000, 145.000000, 145.000000, 1
2020/06/18 12:58, 145.000000, 145.000000, 145.000000, 145.000000, 0
2020/06/18 12:59, 145.000000, 145.000000, 144.500000, 144.500000, 5
2020/06/18 13:00, 145.000000, 145.000000, 145.000000, 145.000000, 1
2020/06/18 13:01, 144.500000, 145.000000, 144.500000, 145.000000, 34
2020/06/18 13:02, 145.000000, 145.000000, 145.000000, 145.000000, 26
2020/06/18 13:03, 145.000000, 145.500000, 145.000000, 145.500000, 10
2020/06/18 13:04, 145.000000, 145.000000, 145.000000, 145.000000, 17
2020/06/18 13:05, 145.000000, 145.000000, 144.500000, 145.000000, 7
2020/06/18 13:06, 145.000000, 145.000000, 145.000000, 145.000000, 14
2020/06/18 13:07, 145.000000, 145.000000, 145.000000, 145.000000, 2
2020/06/18 13:08, 145.000000, 145.000000, 145.000000, 145.000000, 6
2020/06/18 13:09, 145.000000, 145.000000, 145.000000, 145.000000, 6
2020/06/18 13:10, 145.000000, 145.000000, 145.000000, 145.000000, 1
2020/06/18 13:11, 145.000000, 145.000000, 145.000000, 145.000000, 4
2020/06/18 13:12, 145.000000, 145.000000, 145.000000, 145.000000, 5
2020/06/18 13:13, 145.000000, 145.000000, 144.500000, 144.500000, 5
2020/06/18 13:14, 144.500000, 144.500000, 144.500000, 144.500000, 11
2020/06/18 13:15, 145.000000, 145.000000, 144.500000, 145.000000, 9
2020/06/18 13:16, 145.000000, 145.000000, 144.500000, 144.500000, 2
2020/06/18 13:17, 145.000000, 145.000000, 145.000000, 145.000000, 5
2020/06/18 13:18, 144.500000, 144.500000, 144.500000, 144.500000, 6
2020/06/18 13:19, 144.500000, 145.000000, 144.500000, 145.000000, 4
2020/06/18 13:20, 145.000000, 145.000000, 144.500000, 144.500000, 4
2020/06/18 13:21, 145.000000, 145.000000, 144.500000, 144.500000, 24
2020/06/18 13:22, 144.500000, 145.000000, 144.500000, 144.500000, 15
2020/06/18 13:23, 144.500000, 144.500000, 144.000000, 144.500000, 64
2020/06/18 13:24, 144.500000, 144.500000, 144.000000, 144.000000, 9
2020/06/18 13:25, 144.500000, 144.500000, 144.000000, 144.500000, 36
2020/06/18 13:26, 144.500000, 144.500000, 144.500000, 144.500000, 0
2020/06/18 13:27, 144.500000, 144.500000, 144.500000, 144.500000, 0
2020/06/18 13:28, 144.500000, 144.500000, 144.500000, 144.500000, 0
2020/06/18 13:29, 144.500000, 144.500000, 144.500000, 144.500000, 0
2020/06/18 13:30, 144.500000, 144.500000, 144.500000, 144.500000, 236
2020/06/19 09:01, 145.500000, 146.000000, 145.500000, 146.000000, 119
2020/06/19 09:02, 146.000000, 146.000000, 145.500000, 145.500000, 40
2020/06/19 09:03, 145.000000, 145.500000, 145.000000, 145.000000, 10
2020/06/19 09:04, 145.000000, 145.500000, 145.000000, 145.500000, 6
2020/06/19 09:05, 145.000000, 145.500000, 145.000000, 145.000000, 6
2020/06/19 09:06, 145.500000, 145.500000, 145.000000, 145.000000, 24
2020/06/19 09:07, 145.500000, 146.000000, 145.500000, 145.500000, 45
2020/06/19 09:08, 146.000000, 146.000000, 145.500000, 145.500000, 31
2020/06/19 09:09, 145.500000, 146.000000, 145.500000, 145.500000, 19
2020/06/19 09:10, 145.500000, 145.500000, 145.000000, 145.500000, 16
2020/06/19 09:11, 145.500000, 145.500000, 145.000000, 145.500000, 18
2020/06/19 09:12, 145.500000, 145.500000, 145.000000, 145.000000, 12
2020/06/19 09:13, 145.000000, 145.000000, 144.500000, 144.500000, 60
2020/06/19 09:14, 145.000000, 145.000000, 144.000000, 144.000000, 25
2020/06/19 09:15, 144.000000, 144.500000, 144.000000, 144.500000, 32
2020/06/19 09:16, 144.500000, 144.500000, 144.500000, 144.500000, 4
2020/06/19 09:17, 144.000000, 144.500000, 144.000000, 144.500000, 4
2020/06/19 09:18, 144.500000, 145.000000, 144.000000, 144.500000, 13
2020/06/19 09:19, 144.000000, 145.000000, 144.000000, 144.500000, 7
2020/06/19 09:20, 144.500000, 145.000000, 144.000000, 144.500000, 16
2020/06/19 09:21, 144.500000, 144.500000, 144.500000, 144.500000, 0
2020/06/19 09:22, 144.500000, 144.500000, 144.500000, 144.500000, 10
2020/06/19 09:23, 144.500000, 144.500000, 144.000000, 144.000000, 5
2020/06/19 09:24, 144.500000, 144.500000, 144.500000, 144.500000, 18
2020/06/19 09:25, 145.000000, 145.000000, 144.500000, 145.000000, 11
2020/06/19 09:26, 145.000000, 145.000000, 145.000000, 145.000000, 4
2020/06/19 09:27, 145.000000, 145.000000, 145.000000, 145.000000, 5
2020/06/19 09:28, 145.000000, 145.000000, 145.000000, 145.000000, 4
2020/06/19 09:29, 145.000000, 145.000000, 145.000000, 145.000000, 13
2020/06/19 09:30, 145.500000, 145.500000, 145.500000, 145.500000, 4
2020/06/19 09:31, 145.500000, 145.500000, 145.500000, 145.500000, 1
2020/06/19 09:32, 145.000000, 145.500000, 145.000000, 145.000000, 7
2020/06/19 09:33, 145.000000, 145.000000, 145.000000, 145.000000, 17
2020/06/19 09:34, 145.000000, 145.000000, 145.000000, 145.000000, 1
2020/06/19 09:35, 144.500000, 145.000000, 144.500000, 145.000000, 18
2020/06/19 09:36, 144.500000, 145.000000, 144.500000, 145.000000, 2
2020/06/19 09:37, 145.000000, 145.000000, 144.500000, 144.500000, 2
2020/06/19 09:38, 144.500000, 144.500000, 144.500000, 144.500000, 15
2020/06/19 09:39, 144.500000, 144.500000, 144.500000, 144.500000, 14
2020/06/19 09:40, 144.500000, 144.500000, 144.000000, 144.500000, 12
2020/06/19 09:41, 144.500000, 144.500000, 144.000000, 144.000000, 2
2020/06/19 09:42, 144.500000, 144.500000, 144.500000, 144.500000, 3
2020/06/19 09:43, 144.500000, 144.500000, 144.500000, 144.500000, 15
2020/06/19 09:44, 144.500000, 144.500000, 144.500000, 144.500000, 4
2020/06/19 09:45, 144.500000, 144.500000, 144.500000, 144.500000, 0
2020/06/19 09:46, 144.500000, 144.500000, 144.500000, 144.500000, 1
2020/06/19 09:47, 144.500000, 144.500000, 144.500000, 144.500000, 1
2020/06/19 09:48, 144.000000, 144.000000, 144.000000, 144.000000, 1
2020/06/19 09:49, 144.000000, 144.000000, 144.000000, 144.000000, 3
2020/06/19 09:50, 144.000000, 144.000000, 143.500000, 143.500000, 107
2020/06/19 09:51, 143.500000, 143.500000, 143.000000, 143.000000, 41
2020/06/19 09:52, 143.000000, 145.000000, 143.000000, 145.000000, 30
2020/06/19 09:53, 144.500000, 144.500000, 144.000000, 144.000000, 4
2020/06/19 09:54, 143.500000, 144.000000, 143.500000, 144.000000, 13
2020/06/19 09:55, 144.000000, 144.000000, 144.000000, 144.000000, 6
2020/06/19 09:56, 144.000000, 144.000000, 144.000000, 144.000000, 0
2020/06/19 09:57, 144.000000, 144.000000, 144.000000, 144.000000, 3
2020/06/19 09:58, 144.000000, 144.000000, 144.000000, 144.000000, 4
2020/06/19 09:59, 144.000000, 144.000000, 144.000000, 144.000000, 2
2020/06/19 10:00, 144.000000, 144.000000, 144.000000, 144.000000, 0
2020/06/19 10:01, 144.000000, 144.000000, 144.000000, 144.000000, 0
2020/06/19 10:02, 144.000000, 144.000000, 144.000000, 144.000000, 0
2020/06/19 10:03, 143.500000, 143.500000, 143.500000, 143.500000, 19
2020/06/19 10:04, 143.500000, 143.500000, 143.500000, 143.500000, 7
2020/06/19 10:05, 143.500000, 143.500000, 143.500000, 143.500000, 2
2020/06/19 10:06, 143.500000, 143.500000, 143.500000, 143.500000, 12
2020/06/19 10:07, 143.500000, 143.500000, 143.500000, 143.500000, 3
2020/06/19 10:08, 143.500000, 143.500000, 143.500000, 143.500000, 9
2020/06/19 10:09, 143.500000, 143.500000, 143.500000, 143.500000, 2
2020/06/19 10:10, 143.500000, 143.500000, 143.500000, 143.500000, 3
2020/06/19 10:11, 143.500000, 143.500000, 143.500000, 143.500000, 5
2020/06/19 10:12, 143.000000, 143.500000, 143.000000, 143.500000, 2
2020/06/19 10:13, 143.500000, 143.500000, 143.500000, 143.500000, 1
2020/06/19 10:14, 143.500000, 143.500000, 143.500000, 143.500000, 0
2020/06/19 10:15, 143.500000, 143.500000, 143.500000, 143.500000, 2
2020/06/19 10:16, 143.000000, 143.000000, 143.000000, 143.000000, 3
2020/06/19 10:17, 143.500000, 143.500000, 143.500000, 143.500000, 1
2020/06/19 10:18, 143.000000, 143.000000, 143.000000, 143.000000, 113
2020/06/19 10:19, 143.000000, 143.000000, 143.000000, 143.000000, 6
2020/06/19 10:20, 142.500000, 142.500000, 142.500000, 142.500000, 6
2020/06/19 10:21, 143.000000, 143.000000, 142.500000, 142.500000, 3
2020/06/19 10:22, 143.000000, 143.000000, 143.000000, 143.000000, 1
2020/06/19 10:23, 143.000000, 143.000000, 142.500000, 142.500000, 5
2020/06/19 10:24, 143.000000, 143.000000, 143.000000, 143.000000, 17
2020/06/19 10:25, 143.500000, 143.500000, 143.000000, 143.000000, 3
2020/06/19 10:26, 143.000000, 143.000000, 143.000000, 143.000000, 0
2020/06/19 10:27, 143.000000, 143.000000, 143.000000, 143.000000, 5
2020/06/19 10:28, 143.000000, 143.000000, 143.000000, 143.000000, 2
2020/06/19 10:29, 143.500000, 144.000000, 143.500000, 144.000000, 28
2020/06/19 10:30, 143.500000, 143.500000, 143.500000, 143.500000, 5
2020/06/19 10:31, 143.500000, 143.500000, 143.500000, 143.500000, 0
2020/06/19 10:32, 143.500000, 143.500000, 143.500000, 143.500000, 5
2020/06/19 10:33, 143.500000, 143.500000, 143.500000, 143.500000, 6
2020/06/19 10:34, 143.500000, 143.500000, 143.500000, 143.500000, 5
2020/06/19 10:35, 143.500000, 144.000000, 143.000000, 143.000000, 30
2020/06/19 10:36, 143.000000, 143.000000, 143.000000, 143.000000, 0
2020/06/19 10:37, 143.000000, 143.000000, 143.000000, 143.000000, 0
2020/06/19 10:38, 143.000000, 143.000000, 143.000000, 143.000000, 0
2020/06/19 10:39, 143.500000, 143.500000, 143.500000, 143.500000, 5
2020/06/19 10:40, 143.500000, 143.500000, 143.500000, 143.500000, 1
2020/06/19 10:41, 143.500000, 143.500000, 143.500000, 143.500000, 0
2020/06/19 10:42, 143.500000, 143.500000, 143.500000, 143.500000, 0
2020/06/19 10:43, 144.000000, 144.000000, 144.000000, 144.000000, 1
2020/06/19 10:44, 144.000000, 144.000000, 144.000000, 144.000000, 0
2020/06/19 10:45, 144.000000, 144.000000, 144.000000, 144.000000, 1
2020/06/19 10:46, 144.000000, 144.000000, 144.000000, 144.000000, 1
2020/06/19 10:47, 144.000000, 144.000000, 144.000000, 144.000000, 2
2020/06/19 10:48, 143.500000, 143.500000, 143.500000, 143.500000, 17
2020/06/19 10:49, 143.500000, 143.500000, 143.500000, 143.500000, 2
2020/06/19 10:50, 143.500000, 143.500000, 143.500000, 143.500000, 0
2020/06/19 10:51, 143.500000, 143.500000, 143.500000, 143.500000, 6
2020/06/19 10:52, 144.000000, 144.000000, 143.500000, 143.500000, 4
2020/06/19 10:53, 143.500000, 143.500000, 143.500000, 143.500000, 1
2020/06/19 10:54, 144.000000, 144.000000, 144.000000, 144.000000, 1
2020/06/19 10:55, 144.000000, 144.000000, 144.000000, 144.000000, 1
2020/06/19 10:56, 144.000000, 144.500000, 144.000000, 144.500000, 19
2020/06/19 10:57, 144.500000, 144.500000, 144.500000, 144.500000, 55
2020/06/19 10:58, 145.000000, 145.000000, 145.000000, 145.000000, 2
2020/06/19 10:59, 145.000000, 145.000000, 145.000000, 145.000000, 10
2020/06/19 11:00, 145.000000, 145.000000, 145.000000, 145.000000, 2
2020/06/19 11:01, 145.000000, 145.000000, 144.500000, 145.000000, 11
2020/06/19 11:02, 145.000000, 145.000000, 145.000000, 145.000000, 35
2020/06/19 11:03, 145.000000, 145.500000, 145.000000, 145.500000, 8
2020/06/19 11:04, 145.500000, 145.500000, 145.500000, 145.500000, 2
2020/06/19 11:05, 145.500000, 145.500000, 145.500000, 145.500000, 57
2020/06/19 11:06, 145.000000, 145.500000, 145.000000, 145.500000, 7
2020/06/19 11:07, 145.500000, 145.500000, 145.000000, 145.000000, 6
2020/06/19 11:08, 145.000000, 145.000000, 145.000000, 145.000000, 16
2020/06/19 11:09, 144.500000, 144.500000, 144.500000, 144.500000, 1
2020/06/19 11:10, 144.500000, 144.500000, 144.500000, 144.500000, 0
2020/06/19 11:11, 144.500000, 144.500000, 144.500000, 144.500000, 2
2020/06/19 11:12, 145.000000, 145.000000, 145.000000, 145.000000, 1
2020/06/19 11:13, 145.000000, 145.000000, 145.000000, 145.000000, 1
2020/06/19 11:14, 145.000000, 145.000000, 145.000000, 145.000000, 0
2020/06/19 11:15, 145.000000, 145.000000, 145.000000, 145.000000, 1
2020/06/19 11:16, 145.000000, 145.000000, 145.000000, 145.000000, 0
2020/06/19 11:17, 144.500000, 144.500000, 144.500000, 144.500000, 1
2020/06/19 11:18, 144.500000, 144.500000, 144.500000, 144.500000, 0
2020/06/19 11:19, 144.500000, 144.500000, 144.500000, 144.500000, 1
2020/06/19 11:20, 144.500000, 144.500000, 144.500000, 144.500000, 1
2020/06/19 11:21, 144.500000, 144.500000, 144.500000, 144.500000, 0
2020/06/19 11:22, 144.500000, 144.500000, 144.500000, 144.500000, 1
2020/06/19 11:23, 144.500000, 144.500000, 144.500000, 144.500000, 12
2020/06/19 11:24, 144.500000, 144.500000, 144.500000, 144.500000, 10
2020/06/19 11:25, 144.500000, 144.500000, 144.500000, 144.500000, 0
2020/06/19 11:26, 144.500000, 144.500000, 144.500000, 144.500000, 0
2020/06/19 11:27, 144.500000, 144.500000, 144.500000, 144.500000, 0
2020/06/19 11:28, 144.500000, 144.500000, 144.500000, 144.500000, 0
2020/06/19 11:29, 144.500000, 144.500000, 144.500000, 144.500000, 1
2020/06/19 11:30, 144.500000, 144.500000, 144.500000, 144.500000, 0
2020/06/19 11:31, 144.500000, 144.500000, 144.500000, 144.500000, 0
2020/06/19 11:32, 144.500000, 144.500000, 144.500000, 144.500000, 0
2020/06/19 11:33, 144.500000, 144.500000, 144.500000, 144.500000, 0
2020/06/19 11:34, 144.500000, 144.500000, 144.500000, 144.500000, 0
2020/06/19 11:35, 144.500000, 144.500000, 144.500000, 144.500000, 1
2020/06/19 11:36, 144.500000, 144.500000, 144.500000, 144.500000, 0
2020/06/19 11:37, 144.000000, 144.000000, 144.000000, 144.000000, 1
2020/06/19 11:38, 144.000000, 144.500000, 144.000000, 144.500000, 17
2020/06/19 11:39, 144.500000, 144.500000, 144.500000, 144.500000, 0
2020/06/19 11:40, 144.500000, 144.500000, 144.500000, 144.500000, 0
2020/06/19 11:41, 144.000000, 144.000000, 144.000000, 144.000000, 1
2020/06/19 11:42, 144.000000, 144.000000, 144.000000, 144.000000, 2
2020/06/19 11:43, 144.000000, 144.000000, 144.000000, 144.000000, 0
2020/06/19 11:44, 143.500000, 143.500000, 143.500000, 143.500000, 1
2020/06/19 11:45, 143.500000, 143.500000, 143.500000, 143.500000, 2
2020/06/19 11:46, 143.500000, 143.500000, 143.500000, 143.500000, 0
2020/06/19 11:47, 143.500000, 143.500000, 143.500000, 143.500000, 0
2020/06/19 11:48, 143.500000, 144.000000, 143.500000, 143.500000, 4
2020/06/19 11:49, 144.000000, 144.000000, 144.000000, 144.000000, 1
2020/06/19 11:50, 144.000000, 144.000000, 144.000000, 144.000000, 4
2020/06/19 11:51, 144.000000, 144.000000, 144.000000, 144.000000, 6
2020/06/19 11:52, 144.000000, 144.000000, 144.000000, 144.000000, 0
2020/06/19 11:53, 144.000000, 144.500000, 144.000000, 144.500000, 5
2020/06/19 11:54, 144.500000, 144.500000, 144.500000, 144.500000, 0
2020/06/19 11:55, 144.500000, 144.500000, 144.500000, 144.500000, 0
2020/06/19 11:56, 144.500000, 144.500000, 144.500000, 144.500000, 0
2020/06/19 11:57, 144.500000, 144.500000, 144.500000, 144.500000, 0
2020/06/19 11:58, 144.500000, 144.500000, 144.500000, 144.500000, 7
2020/06/19 11:59, 144.500000, 144.500000, 144.500000, 144.500000, 3
2020/06/19 12:00, 144.500000, 144.500000, 144.500000, 144.500000, 0
2020/06/19 12:01, 144.500000, 144.500000, 144.500000, 144.500000, 0
2020/06/19 12:02, 144.500000, 144.500000, 144.500000, 144.500000, 0
2020/06/19 12:03, 144.000000, 144.000000, 144.000000, 144.000000, 6
2020/06/19 12:04, 144.000000, 144.000000, 144.000000, 144.000000, 1
2020/06/19 12:05, 144.000000, 144.000000, 144.000000, 144.000000, 0
2020/06/19 12:06, 144.000000, 144.000000, 144.000000, 144.000000, 13
2020/06/19 12:07, 144.000000, 144.000000, 144.000000, 144.000000, 0
2020/06/19 12:08, 144.000000, 144.000000, 143.500000, 143.500000, 2
2020/06/19 12:09, 143.500000, 143.500000, 143.500000, 143.500000, 0
2020/06/19 12:10, 143.500000, 143.500000, 143.500000, 143.500000, 0
2020/06/19 12:11, 143.500000, 143.500000, 143.500000, 143.500000, 0
2020/06/19 12:12, 143.500000, 143.500000, 143.500000, 143.500000, 2
2020/06/19 12:13, 143.500000, 143.500000, 143.500000, 143.500000, 1
2020/06/19 12:14, 143.500000, 143.500000, 143.500000, 143.500000, 3
2020/06/19 12:15, 144.000000, 144.000000, 144.000000, 144.000000, 2
2020/06/19 12:16, 144.000000, 144.000000, 144.000000, 144.000000, 0
2020/06/19 12:17, 144.000000, 144.500000, 144.000000, 144.500000, 12
2020/06/19 12:18, 144.500000, 144.500000, 144.500000, 144.500000, 0
2020/06/19 12:19, 144.500000, 144.500000, 144.500000, 144.500000, 0
2020/06/19 12:20, 144.500000, 144.500000, 144.500000, 144.500000, 2
2020/06/19 12:21, 144.500000, 144.500000, 144.500000, 144.500000, 0
2020/06/19 12:22, 144.500000, 144.500000, 144.500000, 144.500000, 3
2020/06/19 12:23, 144.500000, 144.500000, 144.500000, 144.500000, 0
2020/06/19 12:24, 144.500000, 144.500000, 144.500000, 144.500000, 2
2020/06/19 12:25, 144.000000, 144.000000, 144.000000, 144.000000, 2
2020/06/19 12:26, 144.000000, 144.000000, 144.000000, 144.000000, 13
2020/06/19 12:27, 144.000000, 144.000000, 144.000000, 144.000000, 0
2020/06/19 12:28, 143.500000, 144.000000, 143.500000, 143.500000, 3
2020/06/19 12:29, 144.000000, 144.000000, 143.500000, 143.500000, 3
2020/06/19 12:30, 144.000000, 144.000000, 144.000000, 144.000000, 2
2020/06/19 12:31, 144.000000, 144.000000, 144.000000, 144.000000, 0
2020/06/19 12:32, 144.000000, 144.000000, 144.000000, 144.000000, 0
2020/06/19 12:33, 144.000000, 144.000000, 144.000000, 144.000000, 0
2020/06/19 12:34, 144.000000, 144.000000, 144.000000, 144.000000, 0
2020/06/19 12:35, 144.000000, 144.000000, 144.000000, 144.000000, 1
2020/06/19 12:36, 144.000000, 144.000000, 144.000000, 144.000000, 1
2020/06/19 12:37, 143.500000, 143.500000, 143.500000, 143.500000, 2
2020/06/19 12:38, 143.500000, 143.500000, 143.500000, 143.500000, 1
2020/06/19 12:39, 143.500000, 143.500000, 143.500000, 143.500000, 0
2020/06/19 12:40, 143.500000, 143.500000, 143.500000, 143.500000, 1
2020/06/19 12:41, 143.500000, 143.500000, 143.500000, 143.500000, 1
2020/06/19 12:42, 143.500000, 143.500000, 143.500000, 143.500000, 0
2020/06/19 12:43, 143.500000, 143.500000, 143.500000, 143.500000, 0
2020/06/19 12:44, 143.500000, 143.500000, 143.500000, 143.500000, 2
2020/06/19 12:45, 144.000000, 144.000000, 144.000000, 144.000000, 7
2020/06/19 12:46, 144.000000, 144.000000, 144.000000, 144.000000, 0
2020/06/19 12:47, 144.000000, 144.000000, 144.000000, 144.000000, 1
2020/06/19 12:48, 144.000000, 144.000000, 144.000000, 144.000000, 0
2020/06/19 12:49, 144.000000, 144.000000, 143.500000, 143.500000, 2
2020/06/19 12:50, 144.000000, 144.000000, 144.000000, 144.000000, 3
2020/06/19 12:51, 143.500000, 143.500000, 143.500000, 143.500000, 3
2020/06/19 12:52, 143.500000, 143.500000, 143.500000, 143.500000, 1
2020/06/19 12:53, 143.500000, 143.500000, 143.500000, 143.500000, 1
2020/06/19 12:54, 144.000000, 144.000000, 144.000000, 144.000000, 1
2020/06/19 12:55, 144.000000, 144.000000, 144.000000, 144.000000, 2
2020/06/19 12:56, 144.000000, 144.000000, 144.000000, 144.000000, 5
2020/06/19 12:57, 144.000000, 144.000000, 144.000000, 144.000000, 1
2020/06/19 12:58, 144.000000, 144.000000, 144.000000, 144.000000, 1
2020/06/19 12:59, 144.000000, 144.000000, 144.000000, 144.000000, 1
2020/06/19 13:00, 144.000000, 144.000000, 144.000000, 144.000000, 1
2020/06/19 13:01, 143.500000, 143.500000, 143.500000, 143.500000, 2
2020/06/19 13:02, 143.500000, 143.500000, 143.500000, 143.500000, 7
2020/06/19 13:03, 143.500000, 144.000000, 143.500000, 144.000000, 7
2020/06/19 13:04, 144.000000, 144.000000, 144.000000, 144.000000, 2
2020/06/19 13:05, 143.500000, 144.000000, 143.500000, 144.000000, 3
2020/06/19 13:06, 144.000000, 144.000000, 143.500000, 144.000000, 7
2020/06/19 13:07, 143.500000, 144.000000, 143.500000, 143.500000, 15
2020/06/19 13:08, 143.500000, 143.500000, 143.000000, 143.000000, 84
2020/06/19 13:09, 143.000000, 143.000000, 143.000000, 143.000000, 44
2020/06/19 13:10, 143.000000, 143.000000, 143.000000, 143.000000, 35
2020/06/19 13:11, 143.000000, 143.000000, 143.000000, 143.000000, 15
2020/06/19 13:12, 143.000000, 143.000000, 143.000000, 143.000000, 9
2020/06/19 13:13, 143.000000, 143.000000, 143.000000, 143.000000, 9
2020/06/19 13:14, 143.000000, 143.500000, 143.000000, 143.500000, 19
2020/06/19 13:15, 143.000000, 143.000000, 142.500000, 143.000000, 16
2020/06/19 13:16, 142.500000, 143.000000, 142.500000, 143.000000, 14
2020/06/19 13:17, 142.500000, 143.000000, 142.500000, 142.500000, 10
2020/06/19 13:18, 142.500000, 143.000000, 142.500000, 142.500000, 7
2020/06/19 13:19, 143.000000, 143.000000, 142.500000, 142.500000, 4
2020/06/19 13:20, 143.000000, 143.000000, 142.500000, 142.500000, 6
2020/06/19 13:21, 142.500000, 143.000000, 142.500000, 143.000000, 8
2020/06/19 13:22, 143.000000, 143.000000, 142.500000, 142.500000, 9
2020/06/19 13:23, 142.500000, 143.000000, 142.500000, 143.000000, 8
2020/06/19 13:24, 142.500000, 142.500000, 142.500000, 142.500000, 14
2020/06/19 13:25, 142.500000, 143.000000, 142.500000, 143.000000, 27
2020/06/19 13:26, 143.000000, 143.000000, 143.000000, 143.000000, 0
2020/06/19 13:27, 143.000000, 143.000000, 143.000000, 143.000000, 0
2020/06/19 13:28, 143.000000, 143.000000, 143.000000, 143.000000, 0
2020/06/19 13:29, 143.000000, 143.000000, 143.000000, 143.000000, 0
2020/06/19 13:30, 143.500000, 143.500000, 143.500000, 143.500000, 128
2020/06/22 09:01, 146.000000, 146.000000, 145.500000, 146.000000, 221
2020/06/22 09:02, 146.000000, 146.500000, 146.000000, 146.500000, 97
2020/06/22 09:03, 146.500000, 147.500000, 146.000000, 147.000000, 134
2020/06/22 09:04, 147.000000, 147.000000, 146.000000, 146.000000, 51
2020/06/22 09:05, 146.000000, 146.000000, 145.500000, 145.500000, 56
2020/06/22 09:06, 145.500000, 145.500000, 145.500000, 145.500000, 8
2020/06/22 09:07, 145.500000, 146.000000, 145.500000, 145.500000, 24
2020/06/22 09:08, 145.500000, 146.000000, 145.000000, 145.500000, 74
2020/06/22 09:09, 146.000000, 146.000000, 145.500000, 145.500000, 25
2020/06/22 09:10, 145.500000, 146.000000, 145.500000, 146.000000, 23
2020/06/22 09:11, 146.000000, 146.000000, 145.500000, 145.500000, 8
2020/06/22 09:12, 145.500000, 146.000000, 145.500000, 146.000000, 10
2020/06/22 09:13, 146.000000, 146.000000, 145.500000, 146.000000, 61
2020/06/22 09:14, 146.000000, 146.000000, 145.500000, 145.500000, 25
2020/06/22 09:15, 146.000000, 146.000000, 146.000000, 146.000000, 24
2020/06/22 09:16, 146.000000, 146.500000, 146.000000, 146.000000, 5
2020/06/22 09:17, 146.000000, 146.000000, 146.000000, 146.000000, 18
2020/06/22 09:18, 146.000000, 146.000000, 145.500000, 145.500000, 19
2020/06/22 09:19, 146.000000, 146.000000, 146.000000, 146.000000, 1
2020/06/22 09:20, 146.000000, 146.000000, 146.000000, 146.000000, 8
2020/06/22 09:21, 146.000000, 146.000000, 146.000000, 146.000000, 1
2020/06/22 09:22, 146.000000, 146.000000, 145.000000, 145.500000, 50
2020/06/22 09:23, 145.500000, 145.500000, 145.500000, 145.500000, 5
2020/06/22 09:24, 145.500000, 145.500000, 145.500000, 145.500000, 7
2020/06/22 09:25, 145.500000, 145.500000, 145.500000, 145.500000, 19
2020/06/22 09:26, 145.500000, 145.500000, 145.000000, 145.500000, 13
2020/06/22 09:27, 145.500000, 145.500000, 145.000000, 145.000000, 57
2020/06/22 09:28, 145.000000, 145.000000, 145.000000, 145.000000, 6
2020/06/22 09:29, 145.000000, 145.000000, 145.000000, 145.000000, 6
2020/06/22 09:30, 145.000000, 145.000000, 145.000000, 145.000000, 2
2020/06/22 09:31, 144.500000, 145.000000, 144.500000, 145.000000, 15
2020/06/22 09:32, 145.000000, 145.000000, 144.000000, 144.500000, 62
2020/06/22 09:33, 144.000000, 144.500000, 144.000000, 144.000000, 19
2020/06/22 09:34, 144.000000, 144.500000, 144.000000, 144.500000, 3
2020/06/22 09:35, 144.500000, 144.500000, 144.500000, 144.500000, 15
2020/06/22 09:36, 144.500000, 144.500000, 143.500000, 143.500000, 78
2020/06/22 09:37, 143.500000, 144.000000, 143.000000, 143.500000, 80
2020/06/22 09:38, 143.500000, 143.500000, 143.500000, 143.500000, 13
2020/06/22 09:39, 143.500000, 143.500000, 143.500000, 143.500000, 15
2020/06/22 09:40, 143.500000, 144.000000, 143.500000, 144.000000, 7
2020/06/22 09:41, 144.000000, 144.000000, 144.000000, 144.000000, 8
2020/06/22 09:42, 144.000000, 144.000000, 144.000000, 144.000000, 5
2020/06/22 09:43, 144.500000, 144.500000, 144.500000, 144.500000, 5
2020/06/22 09:44, 144.500000, 144.500000, 144.500000, 144.500000, 3
2020/06/22 09:45, 144.500000, 144.500000, 144.500000, 144.500000, 2
2020/06/22 09:46, 144.500000, 144.500000, 144.500000, 144.500000, 1
2020/06/22 09:47, 144.500000, 144.500000, 144.500000, 144.500000, 10
2020/06/22 09:48, 144.500000, 144.500000, 144.500000, 144.500000, 0
2020/06/22 09:49, 144.500000, 144.500000, 144.500000, 144.500000, 9
2020/06/22 09:50, 144.500000, 144.500000, 144.500000, 144.500000, 2
2020/06/22 09:51, 144.500000, 144.500000, 144.500000, 144.500000, 0
2020/06/22 09:52, 144.500000, 144.500000, 144.500000, 144.500000, 0
2020/06/22 09:53, 144.500000, 145.000000, 144.500000, 145.000000, 5
2020/06/22 09:54, 145.000000, 145.000000, 144.500000, 144.500000, 6
2020/06/22 09:55, 144.500000, 145.000000, 144.500000, 145.000000, 13
2020/06/22 09:56, 145.000000, 145.000000, 145.000000, 145.000000, 0
2020/06/22 09:57, 144.500000, 144.500000, 144.500000, 144.500000, 1
2020/06/22 09:58, 144.500000, 144.500000, 144.500000, 144.500000, 2
2020/06/22 09:59, 144.500000, 144.500000, 144.500000, 144.500000, 0
2020/06/22 10:00, 144.000000, 144.000000, 144.000000, 144.000000, 21
2020/06/22 10:01, 144.000000, 144.000000, 144.000000, 144.000000, 1
2020/06/22 10:02, 144.000000, 144.000000, 144.000000, 144.000000, 0
2020/06/22 10:03, 144.000000, 144.000000, 144.000000, 144.000000, 2
2020/06/22 10:04, 144.000000, 144.000000, 144.000000, 144.000000, 0
2020/06/22 10:05, 144.000000, 144.000000, 144.000000, 144.000000, 3
2020/06/22 10:06, 144.000000, 144.000000, 144.000000, 144.000000, 1
2020/06/22 10:07, 144.000000, 144.000000, 144.000000, 144.000000, 2
2020/06/22 10:08, 144.000000, 144.000000, 144.000000, 144.000000, 0
2020/06/22 10:09, 144.000000, 144.000000, 144.000000, 144.000000, 6
2020/06/22 10:10, 144.000000, 144.500000, 144.000000, 144.500000, 2
2020/06/22 10:11, 144.500000, 144.500000, 144.500000, 144.500000, 13
2020/06/22 10:12, 144.500000, 144.500000, 144.500000, 144.500000, 8
2020/06/22 10:13, 144.500000, 144.500000, 144.500000, 144.500000, 10
2020/06/22 10:14, 144.500000, 144.500000, 144.500000, 144.500000, 1
2020/06/22 10:15, 144.500000, 144.500000, 144.500000, 144.500000, 6
2020/06/22 10:16, 144.500000, 144.500000, 144.500000, 144.500000, 2
2020/06/22 10:17, 144.500000, 144.500000, 144.500000, 144.500000, 0
2020/06/22 10:18, 144.500000, 144.500000, 144.500000, 144.500000, 0
2020/06/22 10:19, 144.500000, 144.500000, 144.500000, 144.500000, 1
2020/06/22 10:20, 144.500000, 144.500000, 144.500000, 144.500000, 0
2020/06/22 10:21, 144.500000, 144.500000, 144.500000, 144.500000, 11
2020/06/22 10:22, 144.500000, 144.500000, 144.500000, 144.500000, 0
2020/06/22 10:23, 145.000000, 145.500000, 144.500000, 145.500000, 87
2020/06/22 10:24, 145.500000, 145.500000, 145.500000, 145.500000, 34
2020/06/22 10:25, 145.500000, 145.500000, 145.500000, 145.500000, 11
2020/06/22 10:26, 145.500000, 145.500000, 145.500000, 145.500000, 1
2020/06/22 10:27, 145.500000, 146.000000, 145.500000, 145.500000, 29
2020/06/22 10:28, 145.500000, 145.500000, 145.500000, 145.500000, 6
2020/06/22 10:29, 145.500000, 145.500000, 145.500000, 145.500000, 3
2020/06/22 10:30, 145.500000, 145.500000, 145.500000, 145.500000, 0
2020/06/22 10:31, 145.500000, 145.500000, 145.500000, 145.500000, 8
2020/06/22 10:32, 145.500000, 145.500000, 145.500000, 145.500000, 1
2020/06/22 10:33, 145.000000, 145.000000, 145.000000, 145.000000, 3
2020/06/22 10:34, 145.500000, 145.500000, 145.500000, 145.500000, 1
2020/06/22 10:35, 145.500000, 145.500000, 145.500000, 145.500000, 0
2020/06/22 10:36, 145.000000, 145.500000, 145.000000, 145.500000, 31
2020/06/22 10:37, 145.000000, 145.000000, 145.000000, 145.000000, 6
2020/06/22 10:38, 145.500000, 145.500000, 145.500000, 145.500000, 3
2020/06/22 10:39, 145.500000, 145.500000, 145.500000, 145.500000, 0
2020/06/22 10:40, 145.500000, 145.500000, 145.500000, 145.500000, 3
2020/06/22 10:41, 145.500000, 145.500000, 145.500000, 145.500000, 1
2020/06/22 10:42, 145.000000, 145.000000, 145.000000, 145.000000, 2
2020/06/22 10:43, 145.000000, 145.000000, 145.000000, 145.000000, 0
2020/06/22 10:44, 145.000000, 145.000000, 145.000000, 145.000000, 12
2020/06/22 10:45, 145.000000, 145.000000, 145.000000, 145.000000, 0
2020/06/22 10:46, 145.000000, 145.000000, 145.000000, 145.000000, 0
2020/06/22 10:47, 144.500000, 145.000000, 144.500000, 145.000000, 3
2020/06/22 10:48, 145.000000, 145.000000, 145.000000, 145.000000, 0
2020/06/22 10:49, 145.000000, 145.000000, 145.000000, 145.000000, 0
2020/06/22 10:50, 144.500000, 144.500000, 144.500000, 144.500000, 1
2020/06/22 10:51, 144.500000, 144.500000, 144.500000, 144.500000, 0
2020/06/22 10:52, 144.500000, 144.500000, 144.500000, 144.500000, 0
2020/06/22 10:53, 145.000000, 145.000000, 145.000000, 145.000000, 7
2020/06/22 10:54, 144.500000, 144.500000, 144.500000, 144.500000, 1
2020/06/22 10:55, 144.500000, 144.500000, 144.500000, 144.500000, 5
2020/06/22 10:56, 144.500000, 144.500000, 144.500000, 144.500000, 15
2020/06/22 10:57, 144.500000, 144.500000, 144.500000, 144.500000, 0
2020/06/22 10:58, 144.500000, 144.500000, 144.500000, 144.500000, 1
2020/06/22 10:59, 144.500000, 144.500000, 144.500000, 144.500000, 2
2020/06/22 11:00, 144.500000, 144.500000, 144.500000, 144.500000, 1
2020/06/22 11:01, 144.500000, 144.500000, 144.500000, 144.500000, 13
2020/06/22 11:02, 144.500000, 144.500000, 144.500000, 144.500000, 0
2020/06/22 11:03, 144.500000, 144.500000, 144.500000, 144.500000, 0
2020/06/22 11:04, 144.000000, 144.000000, 144.000000, 144.000000, 6
2020/06/22 11:05, 144.000000, 144.000000, 144.000000, 144.000000, 0
2020/06/22 11:06, 144.000000, 144.000000, 144.000000, 144.000000, 3
2020/06/22 11:07, 144.000000, 144.000000, 144.000000, 144.000000, 0
2020/06/22 11:08, 144.000000, 144.000000, 144.000000, 144.000000, 10
2020/06/22 11:09, 144.000000, 144.000000, 144.000000, 144.000000, 0
2020/06/22 11:10, 144.000000, 144.000000, 144.000000, 144.000000, 0
2020/06/22 11:11, 144.000000, 144.000000, 144.000000, 144.000000, 1
2020/06/22 11:12, 144.000000, 144.000000, 144.000000, 144.000000, 0
2020/06/22 11:13, 144.000000, 144.000000, 144.000000, 144.000000, 0
2020/06/22 11:14, 144.000000, 144.000000, 144.000000, 144.000000, 0
2020/06/22 11:15, 144.000000, 144.000000, 144.000000, 144.000000, 2
2020/06/22 11:16, 144.000000, 144.000000, 144.000000, 144.000000, 2
2020/06/22 11:17, 144.000000, 144.000000, 144.000000, 144.000000, 1
2020/06/22 11:18, 144.000000, 144.000000, 144.000000, 144.000000, 2
2020/06/22 11:19, 144.000000, 144.000000, 144.000000, 144.000000, 0
2020/06/22 11:20, 144.000000, 144.000000, 144.000000, 144.000000, 2
2020/06/22 11:21, 144.000000, 144.000000, 144.000000, 144.000000, 2
2020/06/22 11:22, 144.000000, 144.000000, 144.000000, 144.000000, 11
2020/06/22 11:23, 144.000000, 144.000000, 144.000000, 144.000000, 0
2020/06/22 11:24, 144.000000, 144.000000, 144.000000, 144.000000, 2
2020/06/22 11:25, 144.500000, 144.500000, 144.500000, 144.500000, 1
2020/06/22 11:26, 144.500000, 144.500000, 144.500000, 144.500000, 20
2020/06/22 11:27, 144.500000, 144.500000, 144.500000, 144.500000, 0
2020/06/22 11:28, 144.000000, 144.000000, 144.000000, 144.000000, 1
2020/06/22 11:29, 144.000000, 144.000000, 144.000000, 144.000000, 0
2020/06/22 11:30, 144.000000, 144.000000, 144.000000, 144.000000, 0
2020/06/22 11:31, 144.000000, 144.000000, 144.000000, 144.000000, 0
2020/06/22 11:32, 144.000000, 144.000000, 144.000000, 144.000000, 0
2020/06/22 11:33, 144.000000, 144.000000, 144.000000, 144.000000, 10
2020/06/22 11:34, 144.000000, 144.000000, 144.000000, 144.000000, 2
2020/06/22 11:35, 144.000000, 144.000000, 144.000000, 144.000000, 5
2020/06/22 11:36, 144.000000, 144.000000, 144.000000, 144.000000, 0
2020/06/22 11:37, 144.500000, 144.500000, 144.500000, 144.500000, 1
2020/06/22 11:38, 144.500000, 144.500000, 144.500000, 144.500000, 0
2020/06/22 11:39, 144.500000, 144.500000, 144.500000, 144.500000, 0
2020/06/22 11:40, 144.500000, 144.500000, 144.500000, 144.500000, 3
2020/06/22 11:41, 144.500000, 144.500000, 144.500000, 144.500000, 12
2020/06/22 11:42, 144.500000, 144.500000, 144.500000, 144.500000, 10
2020/06/22 11:43, 144.500000, 144.500000, 144.500000, 144.500000, 14
2020/06/22 11:44, 144.500000, 144.500000, 144.500000, 144.500000, 1
2020/06/22 11:45, 144.500000, 144.500000, 144.500000, 144.500000, 1
2020/06/22 11:46, 144.500000, 144.500000, 144.500000, 144.500000, 0
2020/06/22 11:47, 144.500000, 144.500000, 144.500000, 144.500000, 0
2020/06/22 11:48, 144.500000, 144.500000, 144.500000, 144.500000, 0
2020/06/22 11:49, 144.500000, 144.500000, 144.500000, 144.500000, 0
2020/06/22 11:50, 144.500000, 144.500000, 144.500000, 144.500000, 0
2020/06/22 11:51, 144.500000, 144.500000, 144.500000, 144.500000, 0
2020/06/22 11:52, 144.000000, 144.000000, 144.000000, 144.000000, 1
2020/06/22 11:53, 144.000000, 144.000000, 144.000000, 144.000000, 0
2020/06/22 11:54, 144.000000, 144.000000, 144.000000, 144.000000, 1
2020/06/22 11:55, 144.000000, 144.000000, 144.000000, 144.000000, 7
2020/06/22 11:56, 144.000000, 144.000000, 144.000000, 144.000000, 1
2020/06/22 11:57, 144.000000, 144.000000, 144.000000, 144.000000, 0
2020/06/22 11:58, 144.000000, 144.000000, 144.000000, 144.000000, 0
2020/06/22 11:59, 144.000000, 144.000000, 144.000000, 144.000000, 40
2020/06/22 12:00, 143.500000, 144.000000, 143.500000, 144.000000, 12
2020/06/22 12:01, 144.000000, 144.000000, 144.000000, 144.000000, 5
2020/06/22 12:02, 144.000000, 144.000000, 144.000000, 144.000000, 0
2020/06/22 12:03, 144.000000, 144.000000, 144.000000, 144.000000, 2
2020/06/22 12:04, 144.000000, 144.000000, 144.000000, 144.000000, 0
2020/06/22 12:05, 144.500000, 144.500000, 144.000000, 144.000000, 6
2020/06/22 12:06, 144.000000, 144.000000, 144.000000, 144.000000, 0
2020/06/22 12:07, 144.000000, 144.000000, 144.000000, 144.000000, 34
2020/06/22 12:08, 144.000000, 144.000000, 144.000000, 144.000000, 0
2020/06/22 12:09, 144.000000, 144.000000, 144.000000, 144.000000, 3
2020/06/22 12:10, 144.000000, 144.000000, 144.000000, 144.000000, 1
2020/06/22 12:11, 144.000000, 144.000000, 144.000000, 144.000000, 13
2020/06/22 12:12, 144.000000, 144.000000, 144.000000, 144.000000, 3
2020/06/22 12:13, 144.000000, 144.000000, 144.000000, 144.000000, 4
2020/06/22 12:14, 144.000000, 144.000000, 144.000000, 144.000000, 0
2020/06/22 12:15, 144.000000, 144.000000, 144.000000, 144.000000, 2
2020/06/22 12:16, 144.000000, 144.000000, 144.000000, 144.000000, 0
2020/06/22 12:17, 144.000000, 144.000000, 144.000000, 144.000000, 0
2020/06/22 12:18, 144.000000, 144.000000, 144.000000, 144.000000, 1
2020/06/22 12:19, 144.000000, 144.000000, 144.000000, 144.000000, 0
2020/06/22 12:20, 144.000000, 144.000000, 144.000000, 144.000000, 1
2020/06/22 12:21, 144.000000, 144.000000, 144.000000, 144.000000, 4
2020/06/22 12:22, 144.000000, 144.000000, 144.000000, 144.000000, 2
2020/06/22 12:23, 144.000000, 144.000000, 144.000000, 144.000000, 1
2020/06/22 12:24, 144.000000, 144.000000, 144.000000, 144.000000, 0
2020/06/22 12:25, 143.500000, 143.500000, 143.500000, 143.500000, 3
2020/06/22 12:26, 144.000000, 144.000000, 144.000000, 144.000000, 1
2020/06/22 12:27, 144.000000, 144.000000, 144.000000, 144.000000, 1
2020/06/22 12:28, 144.000000, 144.000000, 144.000000, 144.000000, 0
2020/06/22 12:29, 144.000000, 144.000000, 144.000000, 144.000000, 33
2020/06/22 12:30, 144.000000, 144.000000, 144.000000, 144.000000, 5
2020/06/22 12:31, 144.000000, 144.000000, 144.000000, 144.000000, 1
2020/06/22 12:32, 144.000000, 144.000000, 144.000000, 144.000000, 1
2020/06/22 12:33, 144.000000, 144.000000, 144.000000, 144.000000, 1
2020/06/22 12:34, 144.000000, 144.000000, 144.000000, 144.000000, 0
2020/06/22 12:35, 144.000000, 144.000000, 144.000000, 144.000000, 0
2020/06/22 12:36, 144.000000, 144.000000, 144.000000, 144.000000, 0
2020/06/22 12:37, 144.000000, 144.000000, 144.000000, 144.000000, 0
2020/06/22 12:38, 143.500000, 144.000000, 143.500000, 144.000000, 2
2020/06/22 12:39, 144.000000, 144.000000, 144.000000, 144.000000, 0
2020/06/22 12:40, 143.500000, 144.000000, 143.500000, 144.000000, 3
2020/06/22 12:41, 143.500000, 143.500000, 143.500000, 143.500000, 1
2020/06/22 12:42, 143.500000, 143.500000, 143.500000, 143.500000, 2
2020/06/22 12:43, 143.500000, 143.500000, 143.500000, 143.500000, 1
2020/06/22 12:44, 143.500000, 143.500000, 143.500000, 143.500000, 3
2020/06/22 12:45, 143.500000, 143.500000, 143.500000, 143.500000, 18
2020/06/22 12:46, 143.500000, 144.000000, 143.500000, 143.500000, 83
2020/06/22 12:47, 143.500000, 143.500000, 143.500000, 143.500000, 1
2020/06/22 12:48, 143.500000, 143.500000, 143.500000, 143.500000, 0
2020/06/22 12:49, 143.000000, 143.500000, 143.000000, 143.500000, 2
2020/06/22 12:50, 143.500000, 143.500000, 143.500000, 143.500000, 2
2020/06/22 12:51, 143.500000, 143.500000, 143.500000, 143.500000, 0
2020/06/22 12:52, 143.500000, 143.500000, 143.500000, 143.500000, 1
2020/06/22 12:53, 143.500000, 143.500000, 143.500000, 143.500000, 6
2020/06/22 12:54, 143.500000, 143.500000, 143.500000, 143.500000, 2
2020/06/22 12:55, 143.500000, 143.500000, 143.500000, 143.500000, 23
2020/06/22 12:56, 143.500000, 143.500000, 143.500000, 143.500000, 0
2020/06/22 12:57, 143.500000, 143.500000, 143.500000, 143.500000, 0
2020/06/22 12:58, 143.500000, 143.500000, 143.000000, 143.000000, 7
2020/06/22 12:59, 143.000000, 143.000000, 143.000000, 143.000000, 0
2020/06/22 13:00, 143.000000, 143.000000, 143.000000, 143.000000, 7
2020/06/22 13:01, 143.000000, 143.000000, 143.000000, 143.000000, 1
2020/06/22 13:02, 143.000000, 143.000000, 143.000000, 143.000000, 8
2020/06/22 13:03, 143.000000, 143.000000, 143.000000, 143.000000, 1
2020/06/22 13:04, 143.000000, 143.000000, 143.000000, 143.000000, 2
2020/06/22 13:05, 143.000000, 143.000000, 143.000000, 143.000000, 1
2020/06/22 13:06, 143.000000, 143.000000, 143.000000, 143.000000, 2
2020/06/22 13:07, 143.000000, 143.000000, 143.000000, 143.000000, 0
2020/06/22 13:08, 143.000000, 143.000000, 143.000000, 143.000000, 8
2020/06/22 13:09, 143.000000, 143.000000, 143.000000, 143.000000, 24
2020/06/22 13:10, 143.000000, 143.000000, 143.000000, 143.000000, 4
2020/06/22 13:11, 143.000000, 143.000000, 143.000000, 143.000000, 2
2020/06/22 13:12, 143.000000, 143.500000, 143.000000, 143.000000, 4
2020/06/22 13:13, 143.000000, 143.500000, 143.000000, 143.500000, 5
2020/06/22 13:14, 143.500000, 143.500000, 143.500000, 143.500000, 2
2020/06/22 13:15, 143.000000, 143.500000, 143.000000, 143.500000, 2
2020/06/22 13:16, 143.000000, 143.000000, 143.000000, 143.000000, 5
2020/06/22 13:17, 143.000000, 143.000000, 143.000000, 143.000000, 3
2020/06/22 13:18, 143.000000, 143.000000, 143.000000, 143.000000, 4
2020/06/22 13:19, 143.000000, 143.500000, 143.000000, 143.500000, 5
2020/06/22 13:20, 143.500000, 143.500000, 143.500000, 143.500000, 1
2020/06/22 13:21, 143.500000, 143.500000, 143.500000, 143.500000, 1
2020/06/22 13:22, 143.500000, 143.500000, 143.000000, 143.000000, 5
2020/06/22 13:23, 143.000000, 143.500000, 143.000000, 143.500000, 11
2020/06/22 13:24, 143.000000, 143.000000, 143.000000, 143.000000, 73
2020/06/22 13:25, 143.000000, 143.000000, 142.500000, 143.000000, 15
2020/06/22 13:26, 143.000000, 143.000000, 143.000000, 143.000000, 0
2020/06/22 13:27, 143.000000, 143.000000, 143.000000, 143.000000, 0
2020/06/22 13:28, 143.000000, 143.000000, 143.000000, 143.000000, 0
2020/06/22 13:29, 143.000000, 143.000000, 143.000000, 143.000000, 0
2020/06/22 13:30, 143.000000, 143.000000, 143.000000, 143.000000, 169
2020/06/23 09:01, 143.500000, 143.500000, 143.000000, 143.500000, 70
2020/06/23 09:02, 143.000000, 143.500000, 143.000000, 143.000000, 37
2020/06/23 09:03, 143.000000, 143.500000, 143.000000, 143.000000, 21
2020/06/23 09:04, 143.000000, 143.000000, 143.000000, 143.000000, 2
2020/06/23 09:05, 143.500000, 143.500000, 143.000000, 143.000000, 5
2020/06/23 09:06, 143.000000, 143.000000, 142.500000, 142.500000, 92
2020/06/23 09:07, 143.000000, 143.000000, 143.000000, 143.000000, 14
2020/06/23 09:08, 143.000000, 143.500000, 143.000000, 143.500000, 11
2020/06/23 09:09, 143.500000, 143.500000, 143.500000, 143.500000, 2
2020/06/23 09:10, 143.500000, 143.500000, 143.500000, 143.500000, 2
2020/06/23 09:11, 143.500000, 143.500000, 143.500000, 143.500000, 14
2020/06/23 09:12, 143.500000, 143.500000, 143.500000, 143.500000, 0
2020/06/23 09:13, 143.500000, 143.500000, 143.500000, 143.500000, 0
2020/06/23 09:14, 143.500000, 143.500000, 143.500000, 143.500000, 13
2020/06/23 09:15, 143.500000, 143.500000, 143.500000, 143.500000, 2
2020/06/23 09:16, 143.500000, 143.500000, 143.000000, 143.000000, 13
2020/06/23 09:17, 143.000000, 143.000000, 143.000000, 143.000000, 8
2020/06/23 09:18, 143.000000, 143.000000, 142.500000, 143.000000, 35
2020/06/23 09:19, 143.000000, 143.000000, 143.000000, 143.000000, 12
2020/06/23 09:20, 143.000000, 143.500000, 143.000000, 143.000000, 8
2020/06/23 09:21, 143.000000, 143.500000, 143.000000, 143.500000, 14
2020/06/23 09:22, 143.500000, 143.500000, 143.000000, 143.000000, 2
2020/06/23 09:23, 143.000000, 143.000000, 143.000000, 143.000000, 1
2020/06/23 09:24, 143.000000, 143.000000, 143.000000, 143.000000, 5
2020/06/23 09:25, 143.000000, 143.000000, 143.000000, 143.000000, 4
2020/06/23 09:26, 143.000000, 143.000000, 143.000000, 143.000000, 4
2020/06/23 09:27, 143.000000, 143.500000, 143.000000, 143.000000, 9
2020/06/23 09:28, 143.000000, 143.000000, 143.000000, 143.000000, 1
2020/06/23 09:29, 143.000000, 143.000000, 143.000000, 143.000000, 20
2020/06/23 09:30, 143.000000, 143.000000, 142.500000, 142.500000, 2
2020/06/23 09:31, 143.000000, 143.000000, 143.000000, 143.000000, 1
2020/06/23 09:32, 143.000000, 143.000000, 143.000000, 143.000000, 0
2020/06/23 09:33, 142.500000, 142.500000, 142.500000, 142.500000, 1
2020/06/23 09:34, 142.500000, 143.000000, 142.500000, 143.000000, 3
2020/06/23 09:35, 143.000000, 143.000000, 142.500000, 142.500000, 4
2020/06/23 09:36, 142.500000, 142.500000, 142.500000, 142.500000, 6
2020/06/23 09:37, 142.500000, 142.500000, 142.500000, 142.500000, 3
2020/06/23 09:38, 142.500000, 143.000000, 142.500000, 142.500000, 17
2020/06/23 09:39, 142.500000, 143.000000, 142.500000, 143.000000, 4
2020/06/23 09:40, 143.000000, 143.000000, 143.000000, 143.000000, 1
2020/06/23 09:41, 142.500000, 142.500000, 142.000000, 142.500000, 55
2020/06/23 09:42, 142.000000, 142.000000, 142.000000, 142.000000, 4
2020/06/23 09:43, 142.500000, 142.500000, 142.000000, 142.000000, 3
2020/06/23 09:44, 142.000000, 142.500000, 142.000000, 142.000000, 63
2020/06/23 09:45, 142.000000, 142.000000, 141.500000, 141.500000, 9
2020/06/23 09:46, 141.500000, 142.000000, 141.500000, 142.000000, 17
2020/06/23 09:47, 142.500000, 143.500000, 142.500000, 143.500000, 119
2020/06/23 09:48, 143.500000, 144.000000, 143.500000, 143.500000, 11
2020/06/23 09:49, 143.500000, 143.500000, 143.500000, 143.500000, 0
2020/06/23 09:50, 143.000000, 143.000000, 143.000000, 143.000000, 1
2020/06/23 09:51, 143.500000, 144.000000, 143.500000, 144.000000, 26
2020/06/23 09:52, 144.000000, 145.000000, 144.000000, 145.000000, 111
2020/06/23 09:53, 145.000000, 145.000000, 144.500000, 144.500000, 34
2020/06/23 09:54, 144.500000, 144.500000, 144.500000, 144.500000, 18
2020/06/23 09:55, 144.500000, 144.500000, 144.500000, 144.500000, 1
2020/06/23 09:56, 144.500000, 145.000000, 144.500000, 145.000000, 12
2020/06/23 09:57, 145.000000, 145.000000, 144.000000, 144.000000, 27
2020/06/23 09:58, 144.000000, 144.000000, 143.500000, 144.000000, 7
2020/06/23 09:59, 144.000000, 144.000000, 144.000000, 144.000000, 3
2020/06/23 10:00, 144.000000, 144.000000, 144.000000, 144.000000, 0
2020/06/23 10:01, 144.000000, 144.000000, 144.000000, 144.000000, 1
2020/06/23 10:02, 144.000000, 144.000000, 144.000000, 144.000000, 0
2020/06/23 10:03, 144.000000, 144.000000, 144.000000, 144.000000, 4
2020/06/23 10:04, 144.000000, 144.500000, 144.000000, 144.500000, 3
2020/06/23 10:05, 144.000000, 144.000000, 144.000000, 144.000000, 14
2020/06/23 10:06, 144.000000, 144.000000, 144.000000, 144.000000, 2
2020/06/23 10:07, 144.000000, 144.000000, 144.000000, 144.000000, 3
2020/06/23 10:08, 144.000000, 144.000000, 144.000000, 144.000000, 1
2020/06/23 10:09, 144.000000, 144.000000, 144.000000, 144.000000, 0
2020/06/23 10:10, 144.000000, 144.000000, 143.500000, 143.500000, 3
2020/06/23 10:11, 143.500000, 143.500000, 143.500000, 143.500000, 2
2020/06/23 10:12, 143.500000, 143.500000, 143.500000, 143.500000, 0
2020/06/23 10:13, 143.500000, 143.500000, 143.500000, 143.500000, 1
2020/06/23 10:14, 143.500000, 143.500000, 143.500000, 143.500000, 0
2020/06/23 10:15, 143.500000, 143.500000, 143.500000, 143.500000, 0
2020/06/23 10:16, 143.500000, 143.500000, 143.500000, 143.500000, 2
2020/06/23 10:17, 143.500000, 143.500000, 143.500000, 143.500000, 6
2020/06/23 10:18, 143.000000, 143.000000, 143.000000, 143.000000, 2
2020/06/23 10:19, 143.500000, 143.500000, 143.500000, 143.500000, 6
2020/06/23 10:20, 143.500000, 143.500000, 143.500000, 143.500000, 0
2020/06/23 10:21, 143.500000, 143.500000, 143.500000, 143.500000, 0
2020/06/23 10:22, 144.000000, 144.000000, 143.500000, 143.500000, 5
2020/06/23 10:23, 143.500000, 143.500000, 143.500000, 143.500000, 0
2020/06/23 10:24, 143.500000, 143.500000, 143.500000, 143.500000, 0
2020/06/23 10:25, 143.500000, 143.500000, 143.500000, 143.500000, 0
2020/06/23 10:26, 143.500000, 143.500000, 143.500000, 143.500000, 1
2020/06/23 10:27, 143.500000, 143.500000, 143.000000, 143.000000, 4
2020/06/23 10:28, 143.000000, 143.000000, 143.000000, 143.000000, 1
2020/06/23 10:29, 143.000000, 143.000000, 143.000000, 143.000000, 0
2020/06/23 10:30, 143.500000, 143.500000, 143.500000, 143.500000, 2
2020/06/23 10:31, 143.500000, 143.500000, 143.500000, 143.500000, 0
2020/06/23 10:32, 143.500000, 143.500000, 143.500000, 143.500000, 1
2020/06/23 10:33, 143.500000, 143.500000, 143.500000, 143.500000, 0
2020/06/23 10:34, 143.500000, 143.500000, 143.500000, 143.500000, 0
2020/06/23 10:35, 143.500000, 143.500000, 143.500000, 143.500000, 0
2020/06/23 10:36, 143.500000, 143.500000, 143.500000, 143.500000, 0
2020/06/23 10:37, 143.500000, 143.500000, 143.500000, 143.500000, 1
2020/06/23 10:38, 143.500000, 143.500000, 143.500000, 143.500000, 0
2020/06/23 10:39, 143.500000, 143.500000, 143.500000, 143.500000, 4
2020/06/23 10:40, 143.500000, 143.500000, 143.500000, 143.500000, 4
2020/06/23 10:41, 143.500000, 143.500000, 143.500000, 143.500000, 0
2020/06/23 10:42, 143.500000, 143.500000, 143.500000, 143.500000, 0
2020/06/23 10:43, 143.500000, 143.500000, 143.500000, 143.500000, 2
2020/06/23 10:44, 143.500000, 143.500000, 143.500000, 143.500000, 0
2020/06/23 10:45, 143.500000, 143.500000, 143.500000, 143.500000, 0
2020/06/23 10:46, 143.500000, 143.500000, 143.500000, 143.500000, 0
2020/06/23 10:47, 143.500000, 143.500000, 143.500000, 143.500000, 0
2020/06/23 10:48, 143.500000, 143.500000, 143.500000, 143.500000, 0
2020/06/23 10:49, 143.500000, 143.500000, 143.500000, 143.500000, 0
2020/06/23 10:50, 143.500000, 143.500000, 143.500000, 143.500000, 0
2020/06/23 10:51, 143.500000, 143.500000, 143.500000, 143.500000, 0
2020/06/23 10:52, 143.500000, 143.500000, 143.500000, 143.500000, 0
2020/06/23 10:53, 143.000000, 143.000000, 143.000000, 143.000000, 26
2020/06/23 10:54, 143.000000, 143.000000, 142.500000, 143.000000, 3
2020/06/23 10:55, 143.000000, 143.000000, 143.000000, 143.000000, 2
2020/06/23 10:56, 143.000000, 143.000000, 143.000000, 143.000000, 10
2020/06/23 10:57, 143.000000, 143.000000, 143.000000, 143.000000, 6
2020/06/23 10:58, 143.000000, 143.000000, 143.000000, 143.000000, 0
2020/06/23 10:59, 143.500000, 143.500000, 143.500000, 143.500000, 1
2020/06/23 11:00, 143.500000, 144.000000, 143.500000, 144.000000, 28
2020/06/23 11:01, 144.000000, 144.000000, 144.000000, 144.000000, 2
2020/06/23 11:02, 144.000000, 144.000000, 144.000000, 144.000000, 0
2020/06/23 11:03, 144.000000, 144.000000, 144.000000, 144.000000, 1
2020/06/23 11:04, 144.000000, 144.000000, 144.000000, 144.000000, 1
2020/06/23 11:05, 144.000000, 144.000000, 144.000000, 144.000000, 3
2020/06/23 11:06, 144.000000, 144.000000, 144.000000, 144.000000, 0
2020/06/23 11:07, 143.500000, 143.500000, 143.500000, 143.500000, 3
2020/06/23 11:08, 144.000000, 144.000000, 143.500000, 143.500000, 6
2020/06/23 11:09, 143.500000, 143.500000, 143.500000, 143.500000, 1
2020/06/23 11:10, 143.500000, 143.500000, 143.500000, 143.500000, 0
2020/06/23 11:11, 143.500000, 143.500000, 143.500000, 143.500000, 0
2020/06/23 11:12, 143.500000, 143.500000, 143.500000, 143.500000, 0
2020/06/23 11:13, 143.500000, 143.500000, 143.500000, 143.500000, 1
2020/06/23 11:14, 143.500000, 143.500000, 143.500000, 143.500000, 0
2020/06/23 11:15, 143.500000, 143.500000, 143.500000, 143.500000, 1
2020/06/23 11:16, 143.500000, 143.500000, 143.500000, 143.500000, 0
2020/06/23 11:17, 143.500000, 143.500000, 143.500000, 143.500000, 1
2020/06/23 11:18, 143.500000, 143.500000, 143.500000, 143.500000, 0
2020/06/23 11:19, 143.500000, 143.500000, 143.500000, 143.500000, 0
2020/06/23 11:20, 143.500000, 143.500000, 143.500000, 143.500000, 0
2020/06/23 11:21, 143.500000, 143.500000, 143.500000, 143.500000, 0
2020/06/23 11:22, 143.500000, 143.500000, 143.500000, 143.500000, 0
2020/06/23 11:23, 143.500000, 143.500000, 143.500000, 143.500000, 10
2020/06/23 11:24, 143.500000, 143.500000, 143.500000, 143.500000, 1
2020/06/23 11:25, 143.500000, 143.500000, 143.500000, 143.500000, 3
2020/06/23 11:26, 143.500000, 143.500000, 143.500000, 143.500000, 0
2020/06/23 11:27, 143.500000, 143.500000, 143.500000, 143.500000, 0
2020/06/23 11:28, 143.500000, 143.500000, 143.500000, 143.500000, 0
2020/06/23 11:29, 143.500000, 143.500000, 143.500000, 143.500000, 0
2020/06/23 11:30, 143.500000, 143.500000, 143.500000, 143.500000, 0
2020/06/23 11:31, 143.500000, 143.500000, 143.500000, 143.500000, 0
2020/06/23 11:32, 143.500000, 143.500000, 143.500000, 143.500000, 0
2020/06/23 11:33, 143.000000, 143.000000, 143.000000, 143.000000, 1
2020/06/23 11:34, 143.500000, 143.500000, 143.500000, 143.500000, 1
2020/06/23 11:35, 143.500000, 143.500000, 143.500000, 143.500000, 0
2020/06/23 11:36, 143.500000, 143.500000, 143.500000, 143.500000, 0
2020/06/23 11:37, 143.500000, 143.500000, 143.500000, 143.500000, 0
2020/06/23 11:38, 143.500000, 143.500000, 143.500000, 143.500000, 0
2020/06/23 11:39, 143.500000, 143.500000, 143.500000, 143.500000, 0
2020/06/23 11:40, 143.500000, 143.500000, 143.500000, 143.500000, 0
2020/06/23 11:41, 143.500000, 143.500000, 143.500000, 143.500000, 0
2020/06/23 11:42, 143.000000, 143.000000, 143.000000, 143.000000, 1
2020/06/23 11:43, 143.500000, 143.500000, 143.500000, 143.500000, 1
2020/06/23 11:44, 143.500000, 143.500000, 143.500000, 143.500000, 0
2020/06/23 11:45, 143.500000, 143.500000, 143.500000, 143.500000, 0
2020/06/23 11:46, 143.500000, 143.500000, 143.500000, 143.500000, 0
2020/06/23 11:47, 143.500000, 143.500000, 143.500000, 143.500000, 1
2020/06/23 11:48, 143.000000, 143.000000, 143.000000, 143.000000, 1
2020/06/23 11:49, 143.500000, 143.500000, 143.500000, 143.500000, 1
2020/06/23 11:50, 143.500000, 143.500000, 143.500000, 143.500000, 0
2020/06/23 11:51, 143.500000, 143.500000, 143.500000, 143.500000, 0
2020/06/23 11:52, 143.500000, 143.500000, 143.500000, 143.500000, 0
2020/06/23 11:53, 143.500000, 143.500000, 143.500000, 143.500000, 1
2020/06/23 11:54, 143.500000, 143.500000, 143.500000, 143.500000, 4
2020/06/23 11:55, 143.500000, 143.500000, 143.500000, 143.500000, 1
2020/06/23 11:56, 143.500000, 143.500000, 143.500000, 143.500000, 0
2020/06/23 11:57, 143.000000, 143.500000, 143.000000, 143.500000, 3
2020/06/23 11:58, 143.500000, 143.500000, 143.500000, 143.500000, 0
2020/06/23 11:59, 143.500000, 143.500000, 143.500000, 143.500000, 0
2020/06/23 12:00, 143.500000, 143.500000, 143.500000, 143.500000, 0
2020/06/23 12:01, 143.500000, 143.500000, 143.500000, 143.500000, 0
2020/06/23 12:02, 143.500000, 143.500000, 143.500000, 143.500000, 0
2020/06/23 12:03, 143.000000, 143.500000, 143.000000, 143.500000, 5
2020/06/23 12:04, 143.500000, 143.500000, 143.500000, 143.500000, 0
2020/06/23 12:05, 143.000000, 143.000000, 143.000000, 143.000000, 1
2020/06/23 12:06, 143.500000, 143.500000, 143.500000, 143.500000, 1
2020/06/23 12:07, 143.000000, 143.000000, 143.000000, 143.000000, 4
2020/06/23 12:08, 143.500000, 143.500000, 143.000000, 143.500000, 4
2020/06/23 12:09, 143.500000, 143.500000, 143.500000, 143.500000, 1
2020/06/23 12:10, 143.500000, 143.500000, 143.000000, 143.000000, 4
2020/06/23 12:11, 143.500000, 143.500000, 143.500000, 143.500000, 1
2020/06/23 12:12, 143.500000, 143.500000, 143.500000, 143.500000, 0
2020/06/23 12:13, 143.000000, 143.500000, 143.000000, 143.500000, 6
2020/06/23 12:14, 143.500000, 143.500000, 143.500000, 143.500000, 1
2020/06/23 12:15, 143.500000, 143.500000, 143.500000, 143.500000, 4
2020/06/23 12:16, 143.500000, 143.500000, 143.500000, 143.500000, 0
2020/06/23 12:17, 143.500000, 143.500000, 143.500000, 143.500000, 2
2020/06/23 12:18, 143.500000, 143.500000, 143.500000, 143.500000, 0
2020/06/23 12:19, 143.500000, 143.500000, 143.500000, 143.500000, 0
2020/06/23 12:20, 143.500000, 143.500000, 143.500000, 143.500000, 0
2020/06/23 12:21, 143.500000, 143.500000, 143.000000, 143.500000, 5
2020/06/23 12:22, 143.500000, 143.500000, 143.500000, 143.500000, 0
2020/06/23 12:23, 143.500000, 143.500000, 143.500000, 143.500000, 0
2020/06/23 12:24, 143.000000, 143.500000, 143.000000, 143.500000, 3
2020/06/23 12:25, 143.500000, 143.500000, 143.500000, 143.500000, 0
2020/06/23 12:26, 143.500000, 143.500000, 143.500000, 143.500000, 0
2020/06/23 12:27, 143.500000, 143.500000, 143.500000, 143.500000, 0
2020/06/23 12:28, 143.000000, 143.500000, 143.000000, 143.500000, 2
2020/06/23 12:29, 143.500000, 143.500000, 143.500000, 143.500000, 1
2020/06/23 12:30, 143.500000, 143.500000, 143.500000, 143.500000, 0
2020/06/23 12:31, 143.500000, 143.500000, 143.500000, 143.500000, 0
2020/06/23 12:32, 143.500000, 143.500000, 143.500000, 143.500000, 0
2020/06/23 12:33, 143.500000, 143.500000, 143.500000, 143.500000, 0
2020/06/23 12:34, 143.000000, 143.500000, 143.000000, 143.000000, 3
2020/06/23 12:35, 143.000000, 143.500000, 143.000000, 143.500000, 3
2020/06/23 12:36, 143.500000, 143.500000, 143.500000, 143.500000, 8
2020/06/23 12:37, 143.500000, 143.500000, 143.500000, 143.500000, 0
2020/06/23 12:38, 143.500000, 143.500000, 143.000000, 143.000000, 2
2020/06/23 12:39, 143.000000, 143.500000, 143.000000, 143.500000, 2
2020/06/23 12:40, 143.000000, 143.500000, 143.000000, 143.000000, 49
2020/06/23 12:41, 143.000000, 143.000000, 143.000000, 143.000000, 0
2020/06/23 12:42, 142.500000, 143.000000, 142.500000, 143.000000, 5
2020/06/23 12:43, 143.000000, 143.000000, 142.500000, 143.000000, 3
2020/06/23 12:44, 143.000000, 143.000000, 143.000000, 143.000000, 0
2020/06/23 12:45, 142.500000, 143.000000, 142.500000, 143.000000, 2
2020/06/23 12:46, 143.000000, 143.000000, 142.500000, 142.500000, 4
2020/06/23 12:47, 142.500000, 142.500000, 142.500000, 142.500000, 1
2020/06/23 12:48, 143.000000, 143.000000, 143.000000, 143.000000, 1
2020/06/23 12:49, 143.000000, 143.000000, 142.500000, 143.000000, 3
2020/06/23 12:50, 143.000000, 143.000000, 143.000000, 143.000000, 11
2020/06/23 12:51, 143.000000, 143.000000, 143.000000, 143.000000, 1
2020/06/23 12:52, 143.000000, 143.000000, 143.000000, 143.000000, 0
2020/06/23 12:53, 143.000000, 143.000000, 143.000000, 143.000000, 0
2020/06/23 12:54, 143.000000, 143.000000, 143.000000, 143.000000, 1
2020/06/23 12:55, 143.000000, 143.000000, 143.000000, 143.000000, 0
2020/06/23 12:56, 143.000000, 143.000000, 142.500000, 143.000000, 9
2020/06/23 12:57, 142.500000, 143.000000, 142.500000, 143.000000, 7
2020/06/23 12:58, 142.500000, 143.000000, 142.500000, 143.000000, 4
2020/06/23 12:59, 143.000000, 143.000000, 143.000000, 143.000000, 0
2020/06/23 13:00, 142.500000, 143.000000, 142.500000, 143.000000, 13
2020/06/23 13:01, 142.500000, 143.000000, 142.500000, 143.000000, 2
2020/06/23 13:02, 142.500000, 143.000000, 142.500000, 143.000000, 6
2020/06/23 13:03, 143.000000, 143.000000, 143.000000, 143.000000, 0
2020/06/23 13:04, 142.500000, 142.500000, 142.500000, 142.500000, 3
2020/06/23 13:05, 142.500000, 143.000000, 142.500000, 142.500000, 18
2020/06/23 13:06, 142.500000, 142.500000, 142.500000, 142.500000, 6
2020/06/23 13:07, 142.500000, 142.500000, 142.500000, 142.500000, 2
2020/06/23 13:08, 142.500000, 142.500000, 142.500000, 142.500000, 7
2020/06/23 13:09, 142.500000, 142.500000, 142.500000, 142.500000, 3
2020/06/23 13:10, 142.000000, 142.500000, 142.000000, 142.500000, 8
2020/06/23 13:11, 142.500000, 142.500000, 142.000000, 142.000000, 2
2020/06/23 13:12, 142.000000, 142.500000, 142.000000, 142.000000, 81
2020/06/23 13:13, 142.000000, 142.000000, 142.000000, 142.000000, 6
2020/06/23 13:14, 142.000000, 142.000000, 142.000000, 142.000000, 12
2020/06/23 13:15, 142.000000, 142.000000, 142.000000, 142.000000, 15
2020/06/23 13:16, 142.000000, 142.000000, 142.000000, 142.000000, 12
2020/06/23 13:17, 142.000000, 142.000000, 142.000000, 142.000000, 5
2020/06/23 13:18, 142.000000, 142.000000, 141.500000, 141.500000, 7
2020/06/23 13:19, 141.500000, 141.500000, 141.500000, 141.500000, 5
2020/06/23 13:20, 142.000000, 142.000000, 142.000000, 142.000000, 4
2020/06/23 13:21, 141.500000, 142.000000, 141.500000, 142.000000, 18
2020/06/23 13:22, 141.500000, 142.000000, 141.500000, 142.000000, 17
2020/06/23 13:23, 142.000000, 142.500000, 141.500000, 142.000000, 27
2020/06/23 13:24, 142.000000, 142.000000, 141.500000, 141.500000, 5
2020/06/23 13:25, 141.500000, 142.000000, 141.500000, 142.000000, 13
2020/06/23 13:26, 142.000000, 142.000000, 142.000000, 142.000000, 0
2020/06/23 13:27, 142.000000, 142.000000, 142.000000, 142.000000, 0
2020/06/23 13:28, 142.000000, 142.000000, 142.000000, 142.000000, 0
2020/06/23 13:29, 142.000000, 142.000000, 142.000000, 142.000000, 0
2020/06/23 13:30, 142.000000, 142.000000, 142.000000, 142.000000, 181
2020/06/24 09:01, 142.500000, 142.500000, 142.500000, 142.500000, 17
2020/06/24 09:02, 142.500000, 142.500000, 142.500000, 142.500000, 0
2020/06/24 09:03, 142.500000, 142.500000, 142.500000, 142.500000, 19
2020/06/24 09:04, 142.500000, 142.500000, 142.000000, 142.000000, 18
2020/06/24 09:05, 142.500000, 142.500000, 142.500000, 142.500000, 6
2020/06/24 09:06, 142.500000, 142.500000, 142.000000, 142.000000, 17
2020/06/24 09:07, 142.500000, 142.500000, 142.500000, 142.500000, 18
2020/06/24 09:08, 142.500000, 142.500000, 142.500000, 142.500000, 5
2020/06/24 09:09, 142.500000, 142.500000, 142.000000, 142.000000, 66
2020/06/24 09:10, 142.500000, 142.500000, 142.500000, 142.500000, 1
2020/06/24 09:11, 142.000000, 142.000000, 142.000000, 142.000000, 8
2020/06/24 09:12, 142.000000, 142.000000, 142.000000, 142.000000, 5
2020/06/24 09:13, 142.000000, 142.000000, 142.000000, 142.000000, 5
2020/06/24 09:14, 142.000000, 142.000000, 142.000000, 142.000000, 6
2020/06/24 09:15, 142.000000, 142.000000, 142.000000, 142.000000, 7
2020/06/24 09:16, 142.000000, 142.000000, 142.000000, 142.000000, 7
2020/06/24 09:17, 142.000000, 142.000000, 141.500000, 141.500000, 27
2020/06/24 09:18, 141.500000, 141.500000, 141.000000, 141.000000, 74
2020/06/24 09:19, 141.000000, 141.500000, 141.000000, 141.500000, 9
2020/06/24 09:20, 141.500000, 141.500000, 141.500000, 141.500000, 3
2020/06/24 09:21, 141.500000, 141.500000, 141.500000, 141.500000, 0
2020/06/24 09:22, 142.000000, 142.000000, 142.000000, 142.000000, 9
2020/06/24 09:23, 142.000000, 142.000000, 142.000000, 142.000000, 1
2020/06/24 09:24, 142.000000, 142.000000, 141.500000, 141.500000, 22
2020/06/24 09:25, 141.500000, 141.500000, 141.500000, 141.500000, 2
2020/06/24 09:26, 141.500000, 141.500000, 141.500000, 141.500000, 8
2020/06/24 09:27, 141.500000, 141.500000, 141.500000, 141.500000, 4
2020/06/24 09:28, 141.500000, 141.500000, 141.500000, 141.500000, 4
2020/06/24 09:29, 141.500000, 141.500000, 141.500000, 141.500000, 1
2020/06/24 09:30, 141.500000, 141.500000, 141.500000, 141.500000, 2
2020/06/24 09:31, 141.500000, 141.500000, 141.500000, 141.500000, 3
2020/06/24 09:32, 141.500000, 141.500000, 141.000000, 141.000000, 16
2020/06/24 09:33, 141.000000, 141.500000, 141.000000, 141.000000, 7
2020/06/24 09:34, 141.000000, 141.500000, 141.000000, 141.500000, 4
2020/06/24 09:35, 141.500000, 142.000000, 141.500000, 142.000000, 7
2020/06/24 09:36, 142.000000, 142.000000, 142.000000, 142.000000, 0
2020/06/24 09:37, 142.000000, 142.000000, 142.000000, 142.000000, 0
2020/06/24 09:38, 142.000000, 142.000000, 142.000000, 142.000000, 1
2020/06/24 09:39, 141.500000, 142.000000, 141.500000, 141.500000, 6
2020/06/24 09:40, 141.500000, 141.500000, 141.500000, 141.500000, 0
2020/06/24 09:41, 141.500000, 141.500000, 141.500000, 141.500000, 4
2020/06/24 09:42, 141.500000, 141.500000, 141.000000, 141.000000, 6
2020/06/24 09:43, 141.500000, 141.500000, 141.500000, 141.500000, 5
2020/06/24 09:44, 141.500000, 141.500000, 141.500000, 141.500000, 1
2020/06/24 09:45, 141.500000, 141.500000, 141.500000, 141.500000, 1
2020/06/24 09:46, 141.500000, 142.000000, 141.500000, 142.000000, 5
2020/06/24 09:47, 141.000000, 141.000000, 141.000000, 141.000000, 2
2020/06/24 09:48, 141.000000, 142.000000, 141.000000, 142.000000, 11
2020/06/24 09:49, 142.000000, 142.000000, 142.000000, 142.000000, 5
2020/06/24 09:50, 142.000000, 142.000000, 142.000000, 142.000000, 0
2020/06/24 09:51, 142.000000, 142.000000, 142.000000, 142.000000, 0
2020/06/24 09:52, 142.000000, 142.000000, 142.000000, 142.000000, 1
2020/06/24 09:53, 142.000000, 142.000000, 142.000000, 142.000000, 0
2020/06/24 09:54, 142.000000, 142.000000, 142.000000, 142.000000, 0
2020/06/24 09:55, 142.000000, 142.000000, 142.000000, 142.000000, 0
2020/06/24 09:56, 142.000000, 142.000000, 142.000000, 142.000000, 0
2020/06/24 09:57, 142.000000, 142.000000, 142.000000, 142.000000, 0
2020/06/24 09:58, 141.500000, 141.500000, 141.500000, 141.500000, 1
2020/06/24 09:59, 141.500000, 141.500000, 141.500000, 141.500000, 1
2020/06/24 10:00, 141.500000, 141.500000, 141.500000, 141.500000, 5
2020/06/24 10:01, 141.500000, 141.500000, 141.500000, 141.500000, 0
2020/06/24 10:02, 141.500000, 141.500000, 141.500000, 141.500000, 0
2020/06/24 10:03, 141.500000, 141.500000, 141.500000, 141.500000, 2
2020/06/24 10:04, 141.500000, 142.000000, 141.000000, 141.000000, 22
2020/06/24 10:05, 141.000000, 141.500000, 141.000000, 141.500000, 2
2020/06/24 10:06, 141.500000, 141.500000, 141.500000, 141.500000, 1
2020/06/24 10:07, 141.000000, 141.000000, 141.000000, 141.000000, 4
2020/06/24 10:08, 141.000000, 141.500000, 141.000000, 141.500000, 4
2020/06/24 10:09, 141.500000, 141.500000, 141.500000, 141.500000, 3
2020/06/24 10:10, 142.000000, 142.000000, 142.000000, 142.000000, 1
2020/06/24 10:11, 142.000000, 142.000000, 142.000000, 142.000000, 0
2020/06/24 10:12, 142.000000, 142.000000, 142.000000, 142.000000, 1
2020/06/24 10:13, 142.000000, 142.000000, 142.000000, 142.000000, 0
2020/06/24 10:14, 142.000000, 142.000000, 142.000000, 142.000000, 0
2020/06/24 10:15, 142.000000, 142.000000, 142.000000, 142.000000, 0
2020/06/24 10:16, 142.000000, 142.000000, 142.000000, 142.000000, 0
2020/06/24 10:17, 141.500000, 141.500000, 141.500000, 141.500000, 7
2020/06/24 10:18, 141.500000, 141.500000, 141.500000, 141.500000, 0
2020/06/24 10:19, 141.500000, 141.500000, 141.500000, 141.500000, 1
2020/06/24 10:20, 141.500000, 141.500000, 141.500000, 141.500000, 0
2020/06/24 10:21, 141.500000, 141.500000, 141.500000, 141.500000, 0
2020/06/24 10:22, 141.500000, 141.500000, 141.500000, 141.500000, 2
2020/06/24 10:23, 141.500000, 141.500000, 141.000000, 141.000000, 13
2020/06/24 10:24, 141.000000, 141.000000, 141.000000, 141.000000, 0
2020/06/24 10:25, 141.000000, 141.000000, 141.000000, 141.000000, 1
2020/06/24 10:26, 141.000000, 141.000000, 141.000000, 141.000000, 0
2020/06/24 10:27, 141.000000, 141.000000, 141.000000, 141.000000, 3
2020/06/24 10:28, 141.500000, 141.500000, 141.500000, 141.500000, 2
2020/06/24 10:29, 141.500000, 141.500000, 141.500000, 141.500000, 0
2020/06/24 10:30, 141.500000, 141.500000, 141.500000, 141.500000, 1
2020/06/24 10:31, 141.500000, 141.500000, 141.500000, 141.500000, 1
2020/06/24 10:32, 141.500000, 141.500000, 141.500000, 141.500000, 1
2020/06/24 10:33, 142.000000, 142.000000, 142.000000, 142.000000, 2
2020/06/24 10:34, 142.000000, 142.000000, 142.000000, 142.000000, 0
2020/06/24 10:35, 142.000000, 142.000000, 142.000000, 142.000000, 1
2020/06/24 10:36, 141.500000, 141.500000, 141.500000, 141.500000, 1
2020/06/24 10:37, 141.500000, 141.500000, 141.500000, 141.500000, 4
2020/06/24 10:38, 141.500000, 141.500000, 141.500000, 141.500000, 17
2020/06/24 10:39, 141.500000, 141.500000, 141.500000, 141.500000, 2
2020/06/24 10:40, 141.500000, 141.500000, 141.500000, 141.500000, 0
2020/06/24 10:41, 141.500000, 141.500000, 141.500000, 141.500000, 2
2020/06/24 10:42, 141.500000, 141.500000, 141.500000, 141.500000, 1
2020/06/24 10:43, 141.500000, 141.500000, 141.500000, 141.500000, 3
2020/06/24 10:44, 141.500000, 141.500000, 141.500000, 141.500000, 7
2020/06/24 10:45, 141.500000, 141.500000, 141.500000, 141.500000, 0
2020/06/24 10:46, 141.500000, 141.500000, 141.500000, 141.500000, 2
2020/06/24 10:47, 141.500000, 141.500000, 141.500000, 141.500000, 1
2020/06/24 10:48, 141.500000, 141.500000, 141.500000, 141.500000, 1
2020/06/24 10:49, 141.500000, 141.500000, 141.500000, 141.500000, 0
2020/06/24 10:50, 141.500000, 141.500000, 141.500000, 141.500000, 1
2020/06/24 10:51, 141.500000, 141.500000, 141.000000, 141.000000, 2
2020/06/24 10:52, 141.000000, 141.000000, 141.000000, 141.000000, 2
2020/06/24 10:53, 141.000000, 141.000000, 141.000000, 141.000000, 2
2020/06/24 10:54, 141.000000, 141.500000, 141.000000, 141.500000, 24
2020/06/24 10:55, 141.500000, 141.500000, 141.500000, 141.500000, 3
2020/06/24 10:56, 141.500000, 141.500000, 141.500000, 141.500000, 0
2020/06/24 10:57, 141.500000, 141.500000, 141.500000, 141.500000, 0
2020/06/24 10:58, 141.500000, 141.500000, 141.500000, 141.500000, 0
2020/06/24 10:59, 141.500000, 141.500000, 141.500000, 141.500000, 0
2020/06/24 11:00, 141.500000, 141.500000, 141.500000, 141.500000, 1
2020/06/24 11:01, 141.500000, 141.500000, 141.500000, 141.500000, 0
2020/06/24 11:02, 141.500000, 141.500000, 141.500000, 141.500000, 0
2020/06/24 11:03, 141.500000, 141.500000, 141.500000, 141.500000, 0
2020/06/24 11:04, 141.500000, 141.500000, 141.500000, 141.500000, 0
2020/06/24 11:05, 141.500000, 141.500000, 141.500000, 141.500000, 2
2020/06/24 11:06, 141.500000, 141.500000, 141.500000, 141.500000, 0
2020/06/24 11:07, 141.500000, 141.500000, 141.500000, 141.500000, 5
2020/06/24 11:08, 141.500000, 141.500000, 141.500000, 141.500000, 3
2020/06/24 11:09, 141.000000, 141.000000, 141.000000, 141.000000, 4
2020/06/24 11:10, 141.500000, 141.500000, 141.000000, 141.000000, 2
2020/06/24 11:11, 141.500000, 141.500000, 141.500000, 141.500000, 6
2020/06/24 11:12, 141.500000, 141.500000, 141.500000, 141.500000, 4
2020/06/24 11:13, 141.500000, 141.500000, 141.500000, 141.500000, 0
2020/06/24 11:14, 141.500000, 141.500000, 141.500000, 141.500000, 2
2020/06/24 11:15, 141.500000, 141.500000, 141.500000, 141.500000, 0
2020/06/24 11:16, 141.500000, 141.500000, 141.500000, 141.500000, 7
2020/06/24 11:17, 141.500000, 141.500000, 141.500000, 141.500000, 2
2020/06/24 11:18, 142.000000, 142.000000, 141.500000, 141.500000, 2
2020/06/24 11:19, 141.500000, 141.500000, 141.500000, 141.500000, 0
2020/06/24 11:20, 141.500000, 141.500000, 141.500000, 141.500000, 0
2020/06/24 11:21, 141.500000, 141.500000, 141.500000, 141.500000, 0
2020/06/24 11:22, 141.500000, 141.500000, 141.500000, 141.500000, 8
2020/06/24 11:23, 141.500000, 141.500000, 141.500000, 141.500000, 1
2020/06/24 11:24, 141.500000, 141.500000, 141.500000, 141.500000, 1
2020/06/24 11:25, 141.500000, 141.500000, 141.500000, 141.500000, 1
2020/06/24 11:26, 141.500000, 141.500000, 141.500000, 141.500000, 1
2020/06/24 11:27, 141.500000, 141.500000, 141.500000, 141.500000, 0
2020/06/24 11:28, 141.500000, 141.500000, 141.500000, 141.500000, 0
2020/06/24 11:29, 141.500000, 141.500000, 141.500000, 141.500000, 5
2020/06/24 11:30, 141.500000, 141.500000, 141.500000, 141.500000, 4
2020/06/24 11:31, 141.500000, 141.500000, 141.500000, 141.500000, 1
2020/06/24 11:32, 141.500000, 141.500000, 141.500000, 141.500000, 0
2020/06/24 11:33, 141.500000, 141.500000, 141.500000, 141.500000, 1
2020/06/24 11:34, 142.000000, 142.000000, 142.000000, 142.000000, 2
2020/06/24 11:35, 142.000000, 142.000000, 142.000000, 142.000000, 0
2020/06/24 11:36, 142.000000, 142.000000, 142.000000, 142.000000, 0
2020/06/24 11:37, 142.000000, 142.000000, 142.000000, 142.000000, 1
2020/06/24 11:38, 142.000000, 142.000000, 142.000000, 142.000000, 0
2020/06/24 11:39, 141.500000, 141.500000, 141.500000, 141.500000, 1
2020/06/24 11:40, 141.500000, 141.500000, 141.500000, 141.500000, 0
2020/06/24 11:41, 141.500000, 141.500000, 141.500000, 141.500000, 3
2020/06/24 11:42, 141.500000, 142.000000, 141.500000, 142.000000, 3
2020/06/24 11:43, 142.000000, 142.000000, 142.000000, 142.000000, 2
2020/06/24 11:44, 141.500000, 141.500000, 141.500000, 141.500000, 1
2020/06/24 11:45, 141.500000, 141.500000, 141.500000, 141.500000, 0
2020/06/24 11:46, 141.500000, 141.500000, 141.500000, 141.500000, 1
2020/06/24 11:47, 141.500000, 141.500000, 141.500000, 141.500000, 5
2020/06/24 11:48, 141.500000, 141.500000, 141.500000, 141.500000, 5
2020/06/24 11:49, 141.500000, 141.500000, 141.500000, 141.500000, 10
2020/06/24 11:50, 141.500000, 141.500000, 141.500000, 141.500000, 4
2020/06/24 11:51, 141.500000, 141.500000, 141.500000, 141.500000, 0
2020/06/24 11:52, 141.500000, 141.500000, 141.500000, 141.500000, 2
2020/06/24 11:53, 142.000000, 142.000000, 142.000000, 142.000000, 1
2020/06/24 11:54, 141.500000, 141.500000, 141.500000, 141.500000, 3
2020/06/24 11:55, 141.500000, 141.500000, 141.500000, 141.500000, 2
2020/06/24 11:56, 141.500000, 141.500000, 141.500000, 141.500000, 0
2020/06/24 11:57, 141.500000, 141.500000, 141.500000, 141.500000, 0
2020/06/24 11:58, 141.500000, 141.500000, 141.500000, 141.500000, 0
2020/06/24 11:59, 141.500000, 141.500000, 141.500000, 141.500000, 5
2020/06/24 12:00, 141.500000, 141.500000, 141.500000, 141.500000, 0
2020/06/24 12:01, 141.500000, 141.500000, 141.500000, 141.500000, 0
2020/06/24 12:02, 141.500000, 141.500000, 141.500000, 141.500000, 14
2020/06/24 12:03, 141.500000, 141.500000, 141.500000, 141.500000, 14
2020/06/24 12:04, 141.500000, 141.500000, 141.500000, 141.500000, 1
2020/06/24 12:05, 141.500000, 141.500000, 141.500000, 141.500000, 0
2020/06/24 12:06, 141.500000, 141.500000, 141.500000, 141.500000, 9
2020/06/24 12:07, 141.500000, 141.500000, 141.500000, 141.500000, 2
2020/06/24 12:08, 141.500000, 141.500000, 141.500000, 141.500000, 0
2020/06/24 12:09, 141.500000, 141.500000, 141.500000, 141.500000, 11
2020/06/24 12:10, 141.500000, 141.500000, 141.500000, 141.500000, 0
2020/06/24 12:11, 141.500000, 141.500000, 141.500000, 141.500000, 0
2020/06/24 12:12, 141.500000, 141.500000, 141.500000, 141.500000, 0
2020/06/24 12:13, 141.500000, 141.500000, 141.500000, 141.500000, 0
2020/06/24 12:14, 141.500000, 141.500000, 141.500000, 141.500000, 1
2020/06/24 12:15, 141.500000, 141.500000, 141.500000, 141.500000, 0
2020/06/24 12:16, 141.500000, 141.500000, 141.500000, 141.500000, 0
2020/06/24 12:17, 141.500000, 141.500000, 141.500000, 141.500000, 1
2020/06/24 12:18, 141.500000, 141.500000, 141.500000, 141.500000, 2
2020/06/24 12:19, 141.500000, 141.500000, 141.500000, 141.500000, 0
2020/06/24 12:20, 141.500000, 141.500000, 141.500000, 141.500000, 0
2020/06/24 12:21, 141.500000, 141.500000, 141.500000, 141.500000, 1
2020/06/24 12:22, 141.500000, 142.000000, 141.500000, 142.000000, 5
2020/06/24 12:23, 142.000000, 142.000000, 142.000000, 142.000000, 0
2020/06/24 12:24, 142.000000, 142.000000, 142.000000, 142.000000, 0
2020/06/24 12:25, 141.500000, 141.500000, 141.500000, 141.500000, 1
2020/06/24 12:26, 141.500000, 141.500000, 141.500000, 141.500000, 3
2020/06/24 12:27, 141.500000, 141.500000, 141.500000, 141.500000, 0
2020/06/24 12:28, 142.000000, 142.000000, 142.000000, 142.000000, 1
2020/06/24 12:29, 142.000000, 142.000000, 142.000000, 142.000000, 0
2020/06/24 12:30, 142.000000, 142.000000, 142.000000, 142.000000, 0
2020/06/24 12:31, 142.000000, 142.000000, 142.000000, 142.000000, 0
2020/06/24 12:32, 142.000000, 142.000000, 142.000000, 142.000000, 0
2020/06/24 12:33, 141.500000, 141.500000, 141.500000, 141.500000, 1
2020/06/24 12:34, 141.500000, 141.500000, 141.500000, 141.500000, 3
2020/06/24 12:35, 141.500000, 141.500000, 141.500000, 141.500000, 3
2020/06/24 12:36, 141.500000, 141.500000, 141.500000, 141.500000, 2
2020/06/24 12:37, 141.500000, 141.500000, 141.500000, 141.500000, 1
2020/06/24 12:38, 141.500000, 141.500000, 141.500000, 141.500000, 0
2020/06/24 12:39, 141.500000, 141.500000, 141.500000, 141.500000, 5
2020/06/24 12:40, 141.500000, 141.500000, 141.500000, 141.500000, 3
2020/06/24 12:41, 141.500000, 141.500000, 141.000000, 141.000000, 3
2020/06/24 12:42, 141.500000, 141.500000, 141.500000, 141.500000, 9
2020/06/24 12:43, 141.500000, 141.500000, 141.500000, 141.500000, 0
2020/06/24 12:44, 141.500000, 141.500000, 141.500000, 141.500000, 2
2020/06/24 12:45, 141.500000, 141.500000, 141.500000, 141.500000, 1
2020/06/24 12:46, 141.500000, 141.500000, 141.500000, 141.500000, 0
2020/06/24 12:47, 141.500000, 141.500000, 141.500000, 141.500000, 1
2020/06/24 12:48, 141.500000, 141.500000, 141.500000, 141.500000, 0
2020/06/24 12:49, 141.500000, 141.500000, 141.500000, 141.500000, 5
2020/06/24 12:50, 141.500000, 141.500000, 141.500000, 141.500000, 2
2020/06/24 12:51, 141.500000, 141.500000, 141.500000, 141.500000, 7
2020/06/24 12:52, 141.500000, 142.000000, 141.500000, 142.000000, 3
2020/06/24 12:53, 142.000000, 142.000000, 142.000000, 142.000000, 1
2020/06/24 12:54, 142.000000, 142.000000, 142.000000, 142.000000, 0
2020/06/24 12:55, 142.000000, 142.000000, 142.000000, 142.000000, 1
2020/06/24 12:56, 142.000000, 142.000000, 142.000000, 142.000000, 0
2020/06/24 12:57, 141.500000, 141.500000, 141.000000, 141.500000, 25
2020/06/24 12:58, 141.500000, 141.500000, 141.500000, 141.500000, 0
2020/06/24 12:59, 141.500000, 141.500000, 141.500000, 141.500000, 1
2020/06/24 13:00, 141.000000, 141.500000, 141.000000, 141.500000, 4
2020/06/24 13:01, 141.500000, 141.500000, 141.500000, 141.500000, 1
2020/06/24 13:02, 141.500000, 141.500000, 141.000000, 141.500000, 11
2020/06/24 13:03, 141.000000, 141.000000, 141.000000, 141.000000, 1
2020/06/24 13:04, 141.500000, 141.500000, 141.500000, 141.500000, 2
2020/06/24 13:05, 141.000000, 141.000000, 141.000000, 141.000000, 1
2020/06/24 13:06, 141.500000, 141.500000, 141.500000, 141.500000, 3
2020/06/24 13:07, 141.500000, 141.500000, 141.500000, 141.500000, 10
2020/06/24 13:08, 141.000000, 141.000000, 141.000000, 141.000000, 1
2020/06/24 13:09, 141.000000, 141.500000, 141.000000, 141.500000, 6
2020/06/24 13:10, 141.500000, 141.500000, 141.500000, 141.500000, 2
2020/06/24 13:11, 141.500000, 141.500000, 141.500000, 141.500000, 0
2020/06/24 13:12, 141.500000, 141.500000, 141.500000, 141.500000, 5
2020/06/24 13:13, 141.500000, 141.500000, 141.500000, 141.500000, 2
2020/06/24 13:14, 141.000000, 141.500000, 141.000000, 141.500000, 3
2020/06/24 13:15, 141.500000, 141.500000, 141.000000, 141.500000, 21
2020/06/24 13:16, 141.000000, 141.000000, 141.000000, 141.000000, 3
2020/06/24 13:17, 141.000000, 141.500000, 141.000000, 141.500000, 5
2020/06/24 13:18, 141.500000, 141.500000, 141.500000, 141.500000, 1
2020/06/24 13:19, 141.500000, 142.000000, 141.500000, 141.500000, 10
2020/06/24 13:20, 141.500000, 141.500000, 141.500000, 141.500000, 3
2020/06/24 13:21, 141.500000, 141.500000, 141.500000, 141.500000, 9
2020/06/24 13:22, 141.500000, 141.500000, 141.500000, 141.500000, 8
2020/06/24 13:23, 142.000000, 142.000000, 142.000000, 142.000000, 1
2020/06/24 13:24, 142.000000, 142.000000, 142.000000, 142.000000, 0
2020/06/24 13:25, 141.500000, 141.500000, 141.500000, 141.500000, 6
2020/06/24 13:26, 141.500000, 141.500000, 141.500000, 141.500000, 0
2020/06/24 13:27, 141.500000, 141.500000, 141.500000, 141.500000, 0
2020/06/24 13:28, 141.500000, 141.500000, 141.500000, 141.500000, 0
2020/06/24 13:29, 141.500000, 141.500000, 141.500000, 141.500000, 0
2020/06/24 13:30, 141.500000, 141.500000, 141.500000, 141.500000, 108
